date,product_id,product_name,category,units_sold,inventory
2024-01-01,P001,Basmati Rice 5kg,Groceries,93,309
2024-01-02,P001,Basmati Rice 5kg,Groceries,124,231
2024-01-03,P001,Basmati Rice 5kg,Groceries,114,291
2024-01-04,P001,Basmati Rice 5kg,Groceries,138,287
2024-01-05,P001,Basmati Rice 5kg,Groceries,128,313
2024-01-06,P001,Basmati Rice 5kg,Groceries,148,289
2024-01-07,P001,Basmati Rice 5kg,Groceries,133,301
2024-01-08,P001,Basmati Rice 5kg,Groceries,94,298
2024-01-09,P001,Basmati Rice 5kg,Groceries,102,313
2024-01-10,P001,Basmati Rice 5kg,Groceries,129,282
2024-01-11,P001,Basmati Rice 5kg,Groceries,131,323
2024-01-12,P001,Basmati Rice 5kg,Groceries,136,275
2024-01-13,P001,Basmati Rice 5kg,Groceries,131,303
2024-01-14,P001,Basmati Rice 5kg,Groceries,123,299
2024-01-15,P001,Basmati Rice 5kg,Groceries,107,349
2024-01-16,P001,Basmati Rice 5kg,Groceries,107,273
2024-01-17,P001,Basmati Rice 5kg,Groceries,118,305
2024-01-18,P001,Basmati Rice 5kg,Groceries,155,284
2024-01-19,P001,Basmati Rice 5kg,Groceries,125,264
2024-01-20,P001,Basmati Rice 5kg,Groceries,143,309
2024-01-21,P001,Basmati Rice 5kg,Groceries,123,268
2024-01-22,P001,Basmati Rice 5kg,Groceries,104,291
2024-01-23,P001,Basmati Rice 5kg,Groceries,113,313
2024-01-24,P001,Basmati Rice 5kg,Groceries,130,307
2024-01-25,P001,Basmati Rice 5kg,Groceries,139,296
2024-01-26,P001,Basmati Rice 5kg,Groceries,144,246
2024-01-27,P001,Basmati Rice 5kg,Groceries,129,274
2024-01-28,P001,Basmati Rice 5kg,Groceries,108,280
2024-01-29,P001,Basmati Rice 5kg,Groceries,115,263
2024-01-30,P001,Basmati Rice 5kg,Groceries,120,239
2024-01-31,P001,Basmati Rice 5kg,Groceries,121,292
2024-02-01,P001,Basmati Rice 5kg,Groceries,145,308
2024-02-02,P001,Basmati Rice 5kg,Groceries,145,277
2024-02-03,P001,Basmati Rice 5kg,Groceries,125,312
2024-02-04,P001,Basmati Rice 5kg,Groceries,112,251
2024-02-05,P001,Basmati Rice 5kg,Groceries,88,261
2024-02-06,P001,Basmati Rice 5kg,Groceries,113,292
2024-02-07,P001,Basmati Rice 5kg,Groceries,133,275
2024-02-08,P001,Basmati Rice 5kg,Groceries,137,305
2024-02-09,P001,Basmati Rice 5kg,Groceries,128,301
2024-02-10,P001,Basmati Rice 5kg,Groceries,121,277
2024-02-11,P001,Basmati Rice 5kg,Groceries,109,253
2024-02-12,P001,Basmati Rice 5kg,Groceries,103,274
2024-02-13,P001,Basmati Rice 5kg,Groceries,107,301
2024-02-14,P001,Basmati Rice 5kg,Groceries,128,307
2024-02-15,P001,Basmati Rice 5kg,Groceries,132,275
2024-02-16,P001,Basmati Rice 5kg,Groceries,130,239
2024-02-17,P001,Basmati Rice 5kg,Groceries,110,249
2024-02-18,P001,Basmati Rice 5kg,Groceries,101,299
2024-02-19,P001,Basmati Rice 5kg,Groceries,88,277
2024-02-20,P001,Basmati Rice 5kg,Groceries,119,277
2024-02-21,P001,Basmati Rice 5kg,Groceries,130,261
2024-02-22,P001,Basmati Rice 5kg,Groceries,129,260
2024-02-23,P001,Basmati Rice 5kg,Groceries,125,312
2024-02-24,P001,Basmati Rice 5kg,Groceries,105,300
2024-02-25,P001,Basmati Rice 5kg,Groceries,113,270
2024-02-26,P001,Basmati Rice 5kg,Groceries,82,290
2024-02-27,P001,Basmati Rice 5kg,Groceries,99,294
2024-02-28,P001,Basmati Rice 5kg,Groceries,120,334
2024-02-29,P001,Basmati Rice 5kg,Groceries,127,258
2024-03-01,P001,Basmati Rice 5kg,Groceries,130,294
2024-03-02,P001,Basmati Rice 5kg,Groceries,142,312
2024-03-03,P001,Basmati Rice 5kg,Groceries,113,330
2024-03-04,P001,Basmati Rice 5kg,Groceries,83,269
2024-03-05,P001,Basmati Rice 5kg,Groceries,93,276
2024-03-06,P001,Basmati Rice 5kg,Groceries,102,306
2024-03-07,P001,Basmati Rice 5kg,Groceries,126,245
2024-03-08,P001,Basmati Rice 5kg,Groceries,113,297
2024-03-09,P001,Basmati Rice 5kg,Groceries,134,345
2024-03-10,P001,Basmati Rice 5kg,Groceries,139,299
2024-03-11,P001,Basmati Rice 5kg,Groceries,84,226
2024-03-12,P001,Basmati Rice 5kg,Groceries,105,264
2024-03-13,P001,Basmati Rice 5kg,Groceries,112,270
2024-03-14,P001,Basmati Rice 5kg,Groceries,125,318
2024-03-15,P001,Basmati Rice 5kg,Groceries,127,283
2024-03-16,P001,Basmati Rice 5kg,Groceries,110,239
2024-03-17,P001,Basmati Rice 5kg,Groceries,102,286
2024-03-18,P001,Basmati Rice 5kg,Groceries,109,291
2024-03-19,P001,Basmati Rice 5kg,Groceries,111,273
2024-03-20,P001,Basmati Rice 5kg,Groceries,102,260
2024-03-21,P001,Basmati Rice 5kg,Groceries,117,349
2024-03-22,P001,Basmati Rice 5kg,Groceries,113,312
2024-03-23,P001,Basmati Rice 5kg,Groceries,110,314
2024-03-24,P001,Basmati Rice 5kg,Groceries,110,283
2024-03-25,P001,Basmati Rice 5kg,Groceries,91,269
2024-03-26,P001,Basmati Rice 5kg,Groceries,104,274
2024-03-27,P001,Basmati Rice 5kg,Groceries,101,251
2024-03-28,P001,Basmati Rice 5kg,Groceries,127,333
2024-03-29,P001,Basmati Rice 5kg,Groceries,124,284
2024-03-30,P001,Basmati Rice 5kg,Groceries,124,325
2024-03-31,P001,Basmati Rice 5kg,Groceries,107,276
2024-04-01,P001,Basmati Rice 5kg,Groceries,101,300
2024-04-02,P001,Basmati Rice 5kg,Groceries,114,293
2024-04-03,P001,Basmati Rice 5kg,Groceries,100,248
2024-04-04,P001,Basmati Rice 5kg,Groceries,144,337
2024-04-05,P001,Basmati Rice 5kg,Groceries,119,276
2024-04-06,P001,Basmati Rice 5kg,Groceries,137,256
2024-04-07,P001,Basmati Rice 5kg,Groceries,95,306
2024-04-08,P001,Basmati Rice 5kg,Groceries,87,287
2024-04-09,P001,Basmati Rice 5kg,Groceries,97,297
2024-04-10,P001,Basmati Rice 5kg,Groceries,129,290
2024-04-11,P001,Basmati Rice 5kg,Groceries,131,229
2024-04-12,P001,Basmati Rice 5kg,Groceries,120,263
2024-04-13,P001,Basmati Rice 5kg,Groceries,104,262
2024-04-14,P001,Basmati Rice 5kg,Groceries,100,314
2024-04-15,P001,Basmati Rice 5kg,Groceries,78,288
2024-04-16,P001,Basmati Rice 5kg,Groceries,93,278
2024-04-17,P001,Basmati Rice 5kg,Groceries,124,303
2024-04-18,P001,Basmati Rice 5kg,Groceries,139,283
2024-04-19,P001,Basmati Rice 5kg,Groceries,112,281
2024-04-20,P001,Basmati Rice 5kg,Groceries,121,293
2024-04-21,P001,Basmati Rice 5kg,Groceries,92,290
2024-04-22,P001,Basmati Rice 5kg,Groceries,91,360
2024-04-23,P001,Basmati Rice 5kg,Groceries,116,263
2024-04-24,P001,Basmati Rice 5kg,Groceries,109,245
2024-04-25,P001,Basmati Rice 5kg,Groceries,115,297
2024-04-26,P001,Basmati Rice 5kg,Groceries,134,267
2024-04-27,P001,Basmati Rice 5kg,Groceries,110,226
2024-04-28,P001,Basmati Rice 5kg,Groceries,101,257
2024-04-29,P001,Basmati Rice 5kg,Groceries,84,262
2024-04-30,P001,Basmati Rice 5kg,Groceries,96,237
2024-05-01,P001,Basmati Rice 5kg,Groceries,95,349
2024-05-02,P001,Basmati Rice 5kg,Groceries,106,256
2024-05-03,P001,Basmati Rice 5kg,Groceries,142,371
2024-05-04,P001,Basmati Rice 5kg,Groceries,104,277
2024-05-05,P001,Basmati Rice 5kg,Groceries,106,337
2024-05-06,P001,Basmati Rice 5kg,Groceries,80,280
2024-05-07,P001,Basmati Rice 5kg,Groceries,105,300
2024-05-08,P001,Basmati Rice 5kg,Groceries,108,284
2024-05-09,P001,Basmati Rice 5kg,Groceries,105,281
2024-05-10,P001,Basmati Rice 5kg,Groceries,117,294
2024-05-11,P001,Basmati Rice 5kg,Groceries,111,301
2024-05-12,P001,Basmati Rice 5kg,Groceries,113,292
2024-05-13,P001,Basmati Rice 5kg,Groceries,92,289
2024-05-14,P001,Basmati Rice 5kg,Groceries,97,267
2024-05-15,P001,Basmati Rice 5kg,Groceries,116,285
2024-05-16,P001,Basmati Rice 5kg,Groceries,148,333
2024-05-17,P001,Basmati Rice 5kg,Groceries,125,266
2024-05-18,P001,Basmati Rice 5kg,Groceries,105,322
2024-05-19,P001,Basmati Rice 5kg,Groceries,106,301
2024-05-20,P001,Basmati Rice 5kg,Groceries,74,314
2024-05-21,P001,Basmati Rice 5kg,Groceries,102,256
2024-05-22,P001,Basmati Rice 5kg,Groceries,107,295
2024-05-23,P001,Basmati Rice 5kg,Groceries,123,279
2024-05-24,P001,Basmati Rice 5kg,Groceries,119,280
2024-05-25,P001,Basmati Rice 5kg,Groceries,121,330
2024-05-26,P001,Basmati Rice 5kg,Groceries,77,281
2024-05-27,P001,Basmati Rice 5kg,Groceries,92,296
2024-05-28,P001,Basmati Rice 5kg,Groceries,95,237
2024-05-29,P001,Basmati Rice 5kg,Groceries,117,337
2024-05-30,P001,Basmati Rice 5kg,Groceries,105,312
2024-05-31,P001,Basmati Rice 5kg,Groceries,118,286
2024-06-01,P001,Basmati Rice 5kg,Groceries,107,278
2024-06-02,P001,Basmati Rice 5kg,Groceries,118,304
2024-06-03,P001,Basmati Rice 5kg,Groceries,106,321
2024-06-04,P001,Basmati Rice 5kg,Groceries,104,338
2024-06-05,P001,Basmati Rice 5kg,Groceries,119,311
2024-06-06,P001,Basmati Rice 5kg,Groceries,121,289
2024-06-07,P001,Basmati Rice 5kg,Groceries,114,316
2024-06-08,P001,Basmati Rice 5kg,Groceries,106,310
2024-06-09,P001,Basmati Rice 5kg,Groceries,103,321
2024-06-10,P001,Basmati Rice 5kg,Groceries,98,340
2024-06-11,P001,Basmati Rice 5kg,Groceries,108,242
2024-06-12,P001,Basmati Rice 5kg,Groceries,115,254
2024-06-13,P001,Basmati Rice 5kg,Groceries,119,331
2024-06-14,P001,Basmati Rice 5kg,Groceries,132,267
2024-06-15,P001,Basmati Rice 5kg,Groceries,110,288
2024-06-16,P001,Basmati Rice 5kg,Groceries,94,268
2024-06-17,P001,Basmati Rice 5kg,Groceries,95,321
2024-06-18,P001,Basmati Rice 5kg,Groceries,107,222
2024-06-19,P001,Basmati Rice 5kg,Groceries,120,290
2024-06-20,P001,Basmati Rice 5kg,Groceries,133,334
2024-06-21,P001,Basmati Rice 5kg,Groceries,99,271
2024-06-22,P001,Basmati Rice 5kg,Groceries,131,242
2024-06-23,P001,Basmati Rice 5kg,Groceries,124,298
2024-06-24,P001,Basmati Rice 5kg,Groceries,102,271
2024-06-25,P001,Basmati Rice 5kg,Groceries,111,318
2024-06-26,P001,Basmati Rice 5kg,Groceries,121,294
2024-06-27,P001,Basmati Rice 5kg,Groceries,133,263
2024-06-28,P001,Basmati Rice 5kg,Groceries,125,283
2024-06-29,P001,Basmati Rice 5kg,Groceries,130,316
2024-06-30,P001,Basmati Rice 5kg,Groceries,98,284
2024-07-01,P001,Basmati Rice 5kg,Groceries,109,266
2024-07-02,P001,Basmati Rice 5kg,Groceries,95,293
2024-07-03,P001,Basmati Rice 5kg,Groceries,130,288
2024-07-04,P001,Basmati Rice 5kg,Groceries,148,312
2024-07-05,P001,Basmati Rice 5kg,Groceries,140,303
2024-07-06,P001,Basmati Rice 5kg,Groceries,156,282
2024-07-07,P001,Basmati Rice 5kg,Groceries,89,334
2024-07-08,P001,Basmati Rice 5kg,Groceries,92,291
2024-07-09,P001,Basmati Rice 5kg,Groceries,119,241
2024-07-10,P001,Basmati Rice 5kg,Groceries,107,241
2024-07-11,P001,Basmati Rice 5kg,Groceries,122,300
2024-07-12,P001,Basmati Rice 5kg,Groceries,138,295
2024-07-13,P001,Basmati Rice 5kg,Groceries,111,221
2024-07-14,P001,Basmati Rice 5kg,Groceries,113,274
2024-07-15,P001,Basmati Rice 5kg,Groceries,102,308
2024-07-16,P001,Basmati Rice 5kg,Groceries,109,309
2024-07-17,P001,Basmati Rice 5kg,Groceries,127,303
2024-07-18,P001,Basmati Rice 5kg,Groceries,126,282
2024-07-19,P001,Basmati Rice 5kg,Groceries,136,311
2024-07-20,P001,Basmati Rice 5kg,Groceries,126,302
2024-07-21,P001,Basmati Rice 5kg,Groceries,111,284
2024-07-22,P001,Basmati Rice 5kg,Groceries,108,230
2024-07-23,P001,Basmati Rice 5kg,Groceries,95,245
2024-07-24,P001,Basmati Rice 5kg,Groceries,96,268
2024-07-25,P001,Basmati Rice 5kg,Groceries,148,279
2024-07-26,P001,Basmati Rice 5kg,Groceries,138,319
2024-07-27,P001,Basmati Rice 5kg,Groceries,151,286
2024-07-28,P001,Basmati Rice 5kg,Groceries,132,290
2024-07-29,P001,Basmati Rice 5kg,Groceries,93,270
2024-07-30,P001,Basmati Rice 5kg,Groceries,94,262
2024-07-31,P001,Basmati Rice 5kg,Groceries,123,311
2024-08-01,P001,Basmati Rice 5kg,Groceries,164,248
2024-08-02,P001,Basmati Rice 5kg,Groceries,143,258
2024-08-03,P001,Basmati Rice 5kg,Groceries,142,284
2024-08-04,P001,Basmati Rice 5kg,Groceries,97,314
2024-08-05,P001,Basmati Rice 5kg,Groceries,97,272
2024-08-06,P001,Basmati Rice 5kg,Groceries,101,269
2024-08-07,P001,Basmati Rice 5kg,Groceries,136,282
2024-08-08,P001,Basmati Rice 5kg,Groceries,147,298
2024-08-09,P001,Basmati Rice 5kg,Groceries,158,278
2024-08-10,P001,Basmati Rice 5kg,Groceries,117,318
2024-08-11,P001,Basmati Rice 5kg,Groceries,116,320
2024-08-12,P001,Basmati Rice 5kg,Groceries,109,284
2024-08-13,P001,Basmati Rice 5kg,Groceries,119,344
2024-08-14,P001,Basmati Rice 5kg,Groceries,160,289
2024-08-15,P001,Basmati Rice 5kg,Groceries,147,318
2024-08-16,P001,Basmati Rice 5kg,Groceries,130,297
2024-08-17,P001,Basmati Rice 5kg,Groceries,140,297
2024-08-18,P001,Basmati Rice 5kg,Groceries,112,242
2024-08-19,P001,Basmati Rice 5kg,Groceries,84,255
2024-08-20,P001,Basmati Rice 5kg,Groceries,111,279
2024-08-21,P001,Basmati Rice 5kg,Groceries,160,319
2024-08-22,P001,Basmati Rice 5kg,Groceries,133,297
2024-08-23,P001,Basmati Rice 5kg,Groceries,139,279
2024-08-24,P001,Basmati Rice 5kg,Groceries,145,305
2024-08-25,P001,Basmati Rice 5kg,Groceries,120,318
2024-08-26,P001,Basmati Rice 5kg,Groceries,96,288
2024-08-27,P001,Basmati Rice 5kg,Groceries,149,294
2024-08-28,P001,Basmati Rice 5kg,Groceries,156,290
2024-08-29,P001,Basmati Rice 5kg,Groceries,158,286
2024-08-30,P001,Basmati Rice 5kg,Groceries,144,265
2024-08-31,P001,Basmati Rice 5kg,Groceries,151,263
2024-09-01,P001,Basmati Rice 5kg,Groceries,135,319
2024-09-02,P001,Basmati Rice 5kg,Groceries,114,279
2024-09-03,P001,Basmati Rice 5kg,Groceries,126,279
2024-09-04,P001,Basmati Rice 5kg,Groceries,152,235
2024-09-05,P001,Basmati Rice 5kg,Groceries,146,230
2024-09-06,P001,Basmati Rice 5kg,Groceries,127,327
2024-09-07,P001,Basmati Rice 5kg,Groceries,160,267
2024-09-08,P001,Basmati Rice 5kg,Groceries,109,202
2024-09-09,P001,Basmati Rice 5kg,Groceries,105,357
2024-09-10,P001,Basmati Rice 5kg,Groceries,127,271
2024-09-11,P001,Basmati Rice 5kg,Groceries,147,243
2024-09-12,P001,Basmati Rice 5kg,Groceries,149,290
2024-09-13,P001,Basmati Rice 5kg,Groceries,150,310
2024-09-14,P001,Basmati Rice 5kg,Groceries,154,307
2024-09-15,P001,Basmati Rice 5kg,Groceries,121,313
2024-09-16,P001,Basmati Rice 5kg,Groceries,131,260
2024-09-17,P001,Basmati Rice 5kg,Groceries,113,326
2024-09-18,P001,Basmati Rice 5kg,Groceries,140,328
2024-09-19,P001,Basmati Rice 5kg,Groceries,149,329
2024-09-20,P001,Basmati Rice 5kg,Groceries,155,295
2024-09-21,P001,Basmati Rice 5kg,Groceries,174,277
2024-09-22,P001,Basmati Rice 5kg,Groceries,119,275
2024-09-23,P001,Basmati Rice 5kg,Groceries,120,242
2024-09-24,P001,Basmati Rice 5kg,Groceries,133,272
2024-09-25,P001,Basmati Rice 5kg,Groceries,161,219
2024-09-26,P001,Basmati Rice 5kg,Groceries,145,239
2024-09-27,P001,Basmati Rice 5kg,Groceries,142,295
2024-09-28,P001,Basmati Rice 5kg,Groceries,150,280
2024-09-29,P001,Basmati Rice 5kg,Groceries,131,293
2024-09-30,P001,Basmati Rice 5kg,Groceries,104,308
2024-10-01,P001,Basmati Rice 5kg,Groceries,165,299
2024-10-02,P001,Basmati Rice 5kg,Groceries,188,296
2024-10-03,P001,Basmati Rice 5kg,Groceries,234,285
2024-10-04,P001,Basmati Rice 5kg,Groceries,185,266
2024-10-05,P001,Basmati Rice 5kg,Groceries,169,252
2024-10-06,P001,Basmati Rice 5kg,Groceries,150,285
2024-10-07,P001,Basmati Rice 5kg,Groceries,147,289
2024-10-08,P001,Basmati Rice 5kg,Groceries,144,313
2024-10-09,P001,Basmati Rice 5kg,Groceries,193,283
2024-10-10,P001,Basmati Rice 5kg,Groceries,183,303
2024-10-11,P001,Basmati Rice 5kg,Groceries,196,246
2024-10-12,P001,Basmati Rice 5kg,Groceries,188,295
2024-10-13,P001,Basmati Rice 5kg,Groceries,151,293
2024-10-14,P001,Basmati Rice 5kg,Groceries,123,326
2024-10-15,P001,Basmati Rice 5kg,Groceries,177,280
2024-10-16,P001,Basmati Rice 5kg,Groceries,188,218
2024-10-17,P001,Basmati Rice 5kg,Groceries,175,279
2024-10-18,P001,Basmati Rice 5kg,Groceries,174,308
2024-10-19,P001,Basmati Rice 5kg,Groceries,229,254
2024-10-20,P001,Basmati Rice 5kg,Groceries,153,294
2024-10-21,P001,Basmati Rice 5kg,Groceries,168,252
2024-10-22,P001,Basmati Rice 5kg,Groceries,163,340
2024-10-23,P001,Basmati Rice 5kg,Groceries,152,251
2024-10-24,P001,Basmati Rice 5kg,Groceries,191,273
2024-10-25,P001,Basmati Rice 5kg,Groceries,212,294
2024-10-26,P001,Basmati Rice 5kg,Groceries,158,302
2024-10-27,P001,Basmati Rice 5kg,Groceries,158,324
2024-10-28,P001,Basmati Rice 5kg,Groceries,137,269
2024-10-29,P001,Basmati Rice 5kg,Groceries,168,309
2024-10-30,P001,Basmati Rice 5kg,Groceries,192,239
2024-10-31,P001,Basmati Rice 5kg,Groceries,211,258
2024-11-01,P001,Basmati Rice 5kg,Groceries,201,247
2024-11-02,P001,Basmati Rice 5kg,Groceries,202,264
2024-11-03,P001,Basmati Rice 5kg,Groceries,147,308
2024-11-04,P001,Basmati Rice 5kg,Groceries,150,270
2024-11-05,P001,Basmati Rice 5kg,Groceries,183,275
2024-11-06,P001,Basmati Rice 5kg,Groceries,185,295
2024-11-07,P001,Basmati Rice 5kg,Groceries,188,301
2024-11-08,P001,Basmati Rice 5kg,Groceries,187,276
2024-11-09,P001,Basmati Rice 5kg,Groceries,220,258
2024-11-10,P001,Basmati Rice 5kg,Groceries,128,334
2024-11-11,P001,Basmati Rice 5kg,Groceries,184,276
2024-11-12,P001,Basmati Rice 5kg,Groceries,129,279
2024-11-13,P001,Basmati Rice 5kg,Groceries,179,282
2024-11-14,P001,Basmati Rice 5kg,Groceries,179,304
2024-11-15,P001,Basmati Rice 5kg,Groceries,208,245
2024-11-16,P001,Basmati Rice 5kg,Groceries,208,347
2024-11-17,P001,Basmati Rice 5kg,Groceries,172,278
2024-11-18,P001,Basmati Rice 5kg,Groceries,145,305
2024-11-19,P001,Basmati Rice 5kg,Groceries,133,292
2024-11-20,P001,Basmati Rice 5kg,Groceries,178,341
2024-11-21,P001,Basmati Rice 5kg,Groceries,198,335
2024-11-22,P001,Basmati Rice 5kg,Groceries,176,304
2024-11-23,P001,Basmati Rice 5kg,Groceries,201,263
2024-11-24,P001,Basmati Rice 5kg,Groceries,173,322
2024-11-25,P001,Basmati Rice 5kg,Groceries,142,239
2024-11-26,P001,Basmati Rice 5kg,Groceries,160,262
2024-11-27,P001,Basmati Rice 5kg,Groceries,178,285
2024-11-28,P001,Basmati Rice 5kg,Groceries,167,241
2024-11-29,P001,Basmati Rice 5kg,Groceries,207,272
2024-11-30,P001,Basmati Rice 5kg,Groceries,144,310
2024-12-01,P001,Basmati Rice 5kg,Groceries,143,267
2024-12-02,P001,Basmati Rice 5kg,Groceries,104,312
2024-12-03,P001,Basmati Rice 5kg,Groceries,136,356
2024-12-04,P001,Basmati Rice 5kg,Groceries,157,299
2024-12-05,P001,Basmati Rice 5kg,Groceries,162,311
2024-12-06,P001,Basmati Rice 5kg,Groceries,172,323
2024-12-07,P001,Basmati Rice 5kg,Groceries,150,275
2024-12-08,P001,Basmati Rice 5kg,Groceries,132,310
2024-12-09,P001,Basmati Rice 5kg,Groceries,138,274
2024-12-10,P001,Basmati Rice 5kg,Groceries,125,297
2024-12-11,P001,Basmati Rice 5kg,Groceries,147,315
2024-12-12,P001,Basmati Rice 5kg,Groceries,127,264
2024-12-13,P001,Basmati Rice 5kg,Groceries,148,221
2024-12-14,P001,Basmati Rice 5kg,Groceries,143,261
2024-12-15,P001,Basmati Rice 5kg,Groceries,135,319
2024-12-16,P001,Basmati Rice 5kg,Groceries,116,258
2024-12-17,P001,Basmati Rice 5kg,Groceries,130,318
2024-12-18,P001,Basmati Rice 5kg,Groceries,135,261
2024-12-19,P001,Basmati Rice 5kg,Groceries,172,281
2024-12-20,P001,Basmati Rice 5kg,Groceries,170,287
2024-12-21,P001,Basmati Rice 5kg,Groceries,168,258
2024-12-22,P001,Basmati Rice 5kg,Groceries,137,281
2024-12-23,P001,Basmati Rice 5kg,Groceries,104,243
2024-12-24,P001,Basmati Rice 5kg,Groceries,138,277
2024-12-25,P001,Basmati Rice 5kg,Groceries,134,285
2024-12-26,P001,Basmati Rice 5kg,Groceries,180,222
2024-12-27,P001,Basmati Rice 5kg,Groceries,135,261
2024-12-28,P001,Basmati Rice 5kg,Groceries,179,296
2024-12-29,P001,Basmati Rice 5kg,Groceries,146,255
2024-12-30,P001,Basmati Rice 5kg,Groceries,105,300
2024-12-31,P001,Basmati Rice 5kg,Groceries,129,303
2025-01-01,P001,Basmati Rice 5kg,Groceries,145,295
2025-01-02,P001,Basmati Rice 5kg,Groceries,163,310
2025-01-03,P001,Basmati Rice 5kg,Groceries,170,241
2025-01-04,P001,Basmati Rice 5kg,Groceries,120,316
2025-01-05,P001,Basmati Rice 5kg,Groceries,151,258
2025-01-06,P001,Basmati Rice 5kg,Groceries,95,290
2025-01-07,P001,Basmati Rice 5kg,Groceries,139,339
2025-01-08,P001,Basmati Rice 5kg,Groceries,154,277
2025-01-09,P001,Basmati Rice 5kg,Groceries,145,288
2025-01-10,P001,Basmati Rice 5kg,Groceries,152,258
2025-01-11,P001,Basmati Rice 5kg,Groceries,185,339
2025-01-12,P001,Basmati Rice 5kg,Groceries,149,261
2025-01-13,P001,Basmati Rice 5kg,Groceries,126,306
2025-01-14,P001,Basmati Rice 5kg,Groceries,132,323
2025-01-15,P001,Basmati Rice 5kg,Groceries,154,309
2025-01-16,P001,Basmati Rice 5kg,Groceries,168,297
2025-01-17,P001,Basmati Rice 5kg,Groceries,127,290
2025-01-18,P001,Basmati Rice 5kg,Groceries,143,251
2025-01-19,P001,Basmati Rice 5kg,Groceries,155,337
2025-01-20,P001,Basmati Rice 5kg,Groceries,130,295
2025-01-21,P001,Basmati Rice 5kg,Groceries,142,288
2025-01-22,P001,Basmati Rice 5kg,Groceries,147,256
2025-01-23,P001,Basmati Rice 5kg,Groceries,162,289
2025-01-24,P001,Basmati Rice 5kg,Groceries,133,286
2025-01-25,P001,Basmati Rice 5kg,Groceries,149,339
2025-01-26,P001,Basmati Rice 5kg,Groceries,143,288
2025-01-27,P001,Basmati Rice 5kg,Groceries,116,289
2025-01-28,P001,Basmati Rice 5kg,Groceries,121,256
2025-01-29,P001,Basmati Rice 5kg,Groceries,140,266
2025-01-30,P001,Basmati Rice 5kg,Groceries,135,302
2025-01-31,P001,Basmati Rice 5kg,Groceries,157,236
2025-02-01,P001,Basmati Rice 5kg,Groceries,147,316
2025-02-02,P001,Basmati Rice 5kg,Groceries,143,317
2025-02-03,P001,Basmati Rice 5kg,Groceries,112,263
2025-02-04,P001,Basmati Rice 5kg,Groceries,109,297
2025-02-05,P001,Basmati Rice 5kg,Groceries,146,325
2025-02-06,P001,Basmati Rice 5kg,Groceries,169,284
2025-02-07,P001,Basmati Rice 5kg,Groceries,131,278
2025-02-08,P001,Basmati Rice 5kg,Groceries,150,282
2025-02-09,P001,Basmati Rice 5kg,Groceries,120,295
2025-02-10,P001,Basmati Rice 5kg,Groceries,105,269
2025-02-11,P001,Basmati Rice 5kg,Groceries,124,276
2025-02-12,P001,Basmati Rice 5kg,Groceries,142,295
2025-02-13,P001,Basmati Rice 5kg,Groceries,134,274
2025-02-14,P001,Basmati Rice 5kg,Groceries,169,254
2025-02-15,P001,Basmati Rice 5kg,Groceries,114,234
2025-02-16,P001,Basmati Rice 5kg,Groceries,127,288
2025-02-17,P001,Basmati Rice 5kg,Groceries,108,322
2025-02-18,P001,Basmati Rice 5kg,Groceries,87,299
2025-02-19,P001,Basmati Rice 5kg,Groceries,158,255
2025-02-20,P001,Basmati Rice 5kg,Groceries,143,266
2025-02-21,P001,Basmati Rice 5kg,Groceries,133,278
2025-02-22,P001,Basmati Rice 5kg,Groceries,164,340
2025-02-23,P001,Basmati Rice 5kg,Groceries,121,342
2025-02-24,P001,Basmati Rice 5kg,Groceries,108,338
2025-02-25,P001,Basmati Rice 5kg,Groceries,117,291
2025-02-26,P001,Basmati Rice 5kg,Groceries,140,379
2025-02-27,P001,Basmati Rice 5kg,Groceries,160,267
2025-02-28,P001,Basmati Rice 5kg,Groceries,158,277
2025-03-01,P001,Basmati Rice 5kg,Groceries,135,314
2025-03-02,P001,Basmati Rice 5kg,Groceries,124,296
2025-03-03,P001,Basmati Rice 5kg,Groceries,107,297
2025-03-04,P001,Basmati Rice 5kg,Groceries,121,232
2025-03-05,P001,Basmati Rice 5kg,Groceries,143,259
2025-03-06,P001,Basmati Rice 5kg,Groceries,124,286
2025-03-07,P001,Basmati Rice 5kg,Groceries,144,268
2025-03-08,P001,Basmati Rice 5kg,Groceries,151,249
2025-03-09,P001,Basmati Rice 5kg,Groceries,117,271
2025-03-10,P001,Basmati Rice 5kg,Groceries,105,296
2025-03-11,P001,Basmati Rice 5kg,Groceries,103,308
2025-03-12,P001,Basmati Rice 5kg,Groceries,133,233
2025-03-13,P001,Basmati Rice 5kg,Groceries,115,287
2025-03-14,P001,Basmati Rice 5kg,Groceries,138,285
2025-03-15,P001,Basmati Rice 5kg,Groceries,138,294
2025-03-16,P001,Basmati Rice 5kg,Groceries,132,256
2025-03-17,P001,Basmati Rice 5kg,Groceries,92,256
2025-03-18,P001,Basmati Rice 5kg,Groceries,117,323
2025-03-19,P001,Basmati Rice 5kg,Groceries,125,216
2025-03-20,P001,Basmati Rice 5kg,Groceries,118,264
2025-03-21,P001,Basmati Rice 5kg,Groceries,132,276
2025-03-22,P001,Basmati Rice 5kg,Groceries,137,279
2025-03-23,P001,Basmati Rice 5kg,Groceries,132,268
2025-03-24,P001,Basmati Rice 5kg,Groceries,94,301
2025-03-25,P001,Basmati Rice 5kg,Groceries,95,299
2025-03-26,P001,Basmati Rice 5kg,Groceries,131,283
2025-03-27,P001,Basmati Rice 5kg,Groceries,163,270
2025-03-28,P001,Basmati Rice 5kg,Groceries,166,281
2025-03-29,P001,Basmati Rice 5kg,Groceries,118,290
2025-03-30,P001,Basmati Rice 5kg,Groceries,105,266
2025-03-31,P001,Basmati Rice 5kg,Groceries,106,303
2025-04-01,P001,Basmati Rice 5kg,Groceries,105,316
2025-04-02,P001,Basmati Rice 5kg,Groceries,143,329
2025-04-03,P001,Basmati Rice 5kg,Groceries,147,327
2025-04-04,P001,Basmati Rice 5kg,Groceries,111,278
2025-04-05,P001,Basmati Rice 5kg,Groceries,123,291
2025-04-06,P001,Basmati Rice 5kg,Groceries,110,283
2025-04-07,P001,Basmati Rice 5kg,Groceries,121,283
2025-04-08,P001,Basmati Rice 5kg,Groceries,115,281
2025-04-09,P001,Basmati Rice 5kg,Groceries,128,288
2025-04-10,P001,Basmati Rice 5kg,Groceries,145,321
2025-04-11,P001,Basmati Rice 5kg,Groceries,158,296
2025-04-12,P001,Basmati Rice 5kg,Groceries,141,254
2025-04-13,P001,Basmati Rice 5kg,Groceries,115,315
2025-04-14,P001,Basmati Rice 5kg,Groceries,110,294
2025-04-15,P001,Basmati Rice 5kg,Groceries,120,302
2025-04-16,P001,Basmati Rice 5kg,Groceries,142,296
2025-04-17,P001,Basmati Rice 5kg,Groceries,133,297
2025-04-18,P001,Basmati Rice 5kg,Groceries,96,299
2025-04-19,P001,Basmati Rice 5kg,Groceries,84,238
2025-04-20,P001,Basmati Rice 5kg,Groceries,121,301
2025-04-21,P001,Basmati Rice 5kg,Groceries,89,267
2025-04-22,P001,Basmati Rice 5kg,Groceries,125,274
2025-04-23,P001,Basmati Rice 5kg,Groceries,154,287
2025-04-24,P001,Basmati Rice 5kg,Groceries,143,334
2025-04-25,P001,Basmati Rice 5kg,Groceries,136,259
2025-04-26,P001,Basmati Rice 5kg,Groceries,131,286
2025-04-27,P001,Basmati Rice 5kg,Groceries,100,280
2025-04-28,P001,Basmati Rice 5kg,Groceries,93,314
2025-04-29,P001,Basmati Rice 5kg,Groceries,110,279
2025-04-30,P001,Basmati Rice 5kg,Groceries,124,294
2025-05-01,P001,Basmati Rice 5kg,Groceries,145,259
2025-05-02,P001,Basmati Rice 5kg,Groceries,120,319
2025-05-03,P001,Basmati Rice 5kg,Groceries,127,247
2025-05-04,P001,Basmati Rice 5kg,Groceries,120,301
2025-05-05,P001,Basmati Rice 5kg,Groceries,85,294
2025-05-06,P001,Basmati Rice 5kg,Groceries,117,298
2025-05-07,P001,Basmati Rice 5kg,Groceries,134,247
2025-05-08,P001,Basmati Rice 5kg,Groceries,141,279
2025-05-09,P001,Basmati Rice 5kg,Groceries,128,313
2025-05-10,P001,Basmati Rice 5kg,Groceries,152,339
2025-05-11,P001,Basmati Rice 5kg,Groceries,130,284
2025-05-12,P001,Basmati Rice 5kg,Groceries,104,310
2025-05-13,P001,Basmati Rice 5kg,Groceries,111,291
2025-05-14,P001,Basmati Rice 5kg,Groceries,136,286
2025-05-15,P001,Basmati Rice 5kg,Groceries,127,276
2025-05-16,P001,Basmati Rice 5kg,Groceries,143,288
2025-05-17,P001,Basmati Rice 5kg,Groceries,137,307
2025-05-18,P001,Basmati Rice 5kg,Groceries,111,309
2025-05-19,P001,Basmati Rice 5kg,Groceries,104,252
2025-05-20,P001,Basmati Rice 5kg,Groceries,126,273
2025-05-21,P001,Basmati Rice 5kg,Groceries,105,257
2025-05-22,P001,Basmati Rice 5kg,Groceries,124,289
2025-05-23,P001,Basmati Rice 5kg,Groceries,132,278
2025-05-24,P001,Basmati Rice 5kg,Groceries,141,297
2025-05-25,P001,Basmati Rice 5kg,Groceries,120,299
2025-05-26,P001,Basmati Rice 5kg,Groceries,107,227
2025-05-27,P001,Basmati Rice 5kg,Groceries,106,225
2025-05-28,P001,Basmati Rice 5kg,Groceries,127,287
2025-05-29,P001,Basmati Rice 5kg,Groceries,153,322
2025-05-30,P001,Basmati Rice 5kg,Groceries,139,273
2025-05-31,P001,Basmati Rice 5kg,Groceries,140,272
2025-06-01,P001,Basmati Rice 5kg,Groceries,117,316
2025-06-02,P001,Basmati Rice 5kg,Groceries,96,311
2025-06-03,P001,Basmati Rice 5kg,Groceries,119,260
2025-06-04,P001,Basmati Rice 5kg,Groceries,140,308
2025-06-05,P001,Basmati Rice 5kg,Groceries,141,266
2025-06-06,P001,Basmati Rice 5kg,Groceries,125,272
2025-06-07,P001,Basmati Rice 5kg,Groceries,142,260
2025-06-08,P001,Basmati Rice 5kg,Groceries,123,252
2025-06-09,P001,Basmati Rice 5kg,Groceries,100,291
2025-06-10,P001,Basmati Rice 5kg,Groceries,139,248
2025-06-11,P001,Basmati Rice 5kg,Groceries,148,292
2025-06-12,P001,Basmati Rice 5kg,Groceries,147,291
2025-06-13,P001,Basmati Rice 5kg,Groceries,145,283
2025-06-14,P001,Basmati Rice 5kg,Groceries,156,274
2025-06-15,P001,Basmati Rice 5kg,Groceries,133,269
2025-06-16,P001,Basmati Rice 5kg,Groceries,103,257
2025-06-17,P001,Basmati Rice 5kg,Groceries,118,329
2025-06-18,P001,Basmati Rice 5kg,Groceries,129,282
2025-06-19,P001,Basmati Rice 5kg,Groceries,126,281
2025-06-20,P001,Basmati Rice 5kg,Groceries,118,261
2025-06-21,P001,Basmati Rice 5kg,Groceries,141,325
2025-06-22,P001,Basmati Rice 5kg,Groceries,154,271
2025-06-23,P001,Basmati Rice 5kg,Groceries,120,295
2025-06-24,P001,Basmati Rice 5kg,Groceries,113,300
2025-06-25,P001,Basmati Rice 5kg,Groceries,133,291
2025-06-26,P001,Basmati Rice 5kg,Groceries,138,247
2025-06-27,P001,Basmati Rice 5kg,Groceries,120,306
2025-06-28,P001,Basmati Rice 5kg,Groceries,136,270
2025-06-29,P001,Basmati Rice 5kg,Groceries,122,310
2025-06-30,P001,Basmati Rice 5kg,Groceries,108,269
2025-07-01,P001,Basmati Rice 5kg,Groceries,130,333
2025-07-02,P001,Basmati Rice 5kg,Groceries,140,315
2025-07-03,P001,Basmati Rice 5kg,Groceries,164,320
2025-07-04,P001,Basmati Rice 5kg,Groceries,153,305
2025-07-05,P001,Basmati Rice 5kg,Groceries,149,256
2025-07-06,P001,Basmati Rice 5kg,Groceries,132,249
2025-07-07,P001,Basmati Rice 5kg,Groceries,99,325
2025-07-08,P001,Basmati Rice 5kg,Groceries,128,330
2025-07-09,P001,Basmati Rice 5kg,Groceries,132,254
2025-07-10,P001,Basmati Rice 5kg,Groceries,145,290
2025-07-11,P001,Basmati Rice 5kg,Groceries,147,320
2025-07-12,P001,Basmati Rice 5kg,Groceries,138,298
2025-07-13,P001,Basmati Rice 5kg,Groceries,113,300
2025-07-14,P001,Basmati Rice 5kg,Groceries,109,266
2025-07-15,P001,Basmati Rice 5kg,Groceries,117,282
2025-07-16,P001,Basmati Rice 5kg,Groceries,134,338
2025-07-17,P001,Basmati Rice 5kg,Groceries,149,280
2025-07-18,P001,Basmati Rice 5kg,Groceries,117,262
2025-07-19,P001,Basmati Rice 5kg,Groceries,142,268
2025-07-20,P001,Basmati Rice 5kg,Groceries,145,283
2025-07-21,P001,Basmati Rice 5kg,Groceries,125,289
2025-07-22,P001,Basmati Rice 5kg,Groceries,122,285
2025-07-23,P001,Basmati Rice 5kg,Groceries,140,337
2025-07-24,P001,Basmati Rice 5kg,Groceries,117,230
2025-07-25,P001,Basmati Rice 5kg,Groceries,142,288
2025-07-26,P001,Basmati Rice 5kg,Groceries,159,301
2025-07-27,P001,Basmati Rice 5kg,Groceries,125,317
2025-07-28,P001,Basmati Rice 5kg,Groceries,124,293
2025-07-29,P001,Basmati Rice 5kg,Groceries,135,295
2025-07-30,P001,Basmati Rice 5kg,Groceries,134,308
2025-07-31,P001,Basmati Rice 5kg,Groceries,157,288
2025-08-01,P001,Basmati Rice 5kg,Groceries,176,217
2025-08-02,P001,Basmati Rice 5kg,Groceries,129,253
2025-08-03,P001,Basmati Rice 5kg,Groceries,127,280
2025-08-04,P001,Basmati Rice 5kg,Groceries,97,259
2025-08-05,P001,Basmati Rice 5kg,Groceries,115,358
2025-08-06,P001,Basmati Rice 5kg,Groceries,171,276
2025-08-07,P001,Basmati Rice 5kg,Groceries,152,254
2025-08-08,P001,Basmati Rice 5kg,Groceries,126,284
2025-08-09,P001,Basmati Rice 5kg,Groceries,138,285
2025-08-10,P001,Basmati Rice 5kg,Groceries,113,266
2025-08-11,P001,Basmati Rice 5kg,Groceries,118,298
2025-08-12,P001,Basmati Rice 5kg,Groceries,133,250
2025-08-13,P001,Basmati Rice 5kg,Groceries,160,264
2025-08-14,P001,Basmati Rice 5kg,Groceries,171,287
2025-08-15,P001,Basmati Rice 5kg,Groceries,136,278
2025-08-16,P001,Basmati Rice 5kg,Groceries,162,305
2025-08-17,P001,Basmati Rice 5kg,Groceries,134,332
2025-08-18,P001,Basmati Rice 5kg,Groceries,130,280
2025-08-19,P001,Basmati Rice 5kg,Groceries,139,343
2025-08-20,P001,Basmati Rice 5kg,Groceries,179,252
2025-08-21,P001,Basmati Rice 5kg,Groceries,148,330
2025-08-22,P001,Basmati Rice 5kg,Groceries,144,249
2025-08-23,P001,Basmati Rice 5kg,Groceries,151,300
2025-08-24,P001,Basmati Rice 5kg,Groceries,137,269
2025-08-25,P001,Basmati Rice 5kg,Groceries,112,267
2025-08-26,P001,Basmati Rice 5kg,Groceries,120,353
2025-08-27,P001,Basmati Rice 5kg,Groceries,157,313
2025-08-28,P001,Basmati Rice 5kg,Groceries,158,282
2025-08-29,P001,Basmati Rice 5kg,Groceries,152,211
2025-08-30,P001,Basmati Rice 5kg,Groceries,139,235
2025-08-31,P001,Basmati Rice 5kg,Groceries,109,253
2025-09-01,P001,Basmati Rice 5kg,Groceries,138,286
2025-09-02,P001,Basmati Rice 5kg,Groceries,151,299
2025-09-03,P001,Basmati Rice 5kg,Groceries,166,262
2025-09-04,P001,Basmati Rice 5kg,Groceries,177,308
2025-09-05,P001,Basmati Rice 5kg,Groceries,156,304
2025-09-06,P001,Basmati Rice 5kg,Groceries,173,272
2025-09-07,P001,Basmati Rice 5kg,Groceries,127,253
2025-09-08,P001,Basmati Rice 5kg,Groceries,125,297
2025-09-09,P001,Basmati Rice 5kg,Groceries,125,288
2025-09-10,P001,Basmati Rice 5kg,Groceries,166,305
2025-09-11,P001,Basmati Rice 5kg,Groceries,197,324
2025-09-12,P001,Basmati Rice 5kg,Groceries,151,336
2025-09-13,P001,Basmati Rice 5kg,Groceries,157,318
2025-09-14,P001,Basmati Rice 5kg,Groceries,146,276
2025-09-15,P001,Basmati Rice 5kg,Groceries,103,283
2025-09-16,P001,Basmati Rice 5kg,Groceries,116,315
2025-09-17,P001,Basmati Rice 5kg,Groceries,183,265
2025-09-18,P001,Basmati Rice 5kg,Groceries,178,267
2025-09-19,P001,Basmati Rice 5kg,Groceries,160,310
2025-09-20,P001,Basmati Rice 5kg,Groceries,167,338
2025-09-21,P001,Basmati Rice 5kg,Groceries,140,316
2025-09-22,P001,Basmati Rice 5kg,Groceries,129,310
2025-09-23,P001,Basmati Rice 5kg,Groceries,133,286
2025-09-24,P001,Basmati Rice 5kg,Groceries,159,263
2025-09-25,P001,Basmati Rice 5kg,Groceries,187,306
2025-09-26,P001,Basmati Rice 5kg,Groceries,183,332
2025-09-27,P001,Basmati Rice 5kg,Groceries,194,277
2025-09-28,P001,Basmati Rice 5kg,Groceries,154,270
2025-09-29,P001,Basmati Rice 5kg,Groceries,129,270
2025-09-30,P001,Basmati Rice 5kg,Groceries,164,298
2025-10-01,P001,Basmati Rice 5kg,Groceries,194,322
2025-10-02,P001,Basmati Rice 5kg,Groceries,169,230
2025-10-03,P001,Basmati Rice 5kg,Groceries,230,289
2025-10-04,P001,Basmati Rice 5kg,Groceries,215,249
2025-10-05,P001,Basmati Rice 5kg,Groceries,183,345
2025-10-06,P001,Basmati Rice 5kg,Groceries,172,292
2025-10-07,P001,Basmati Rice 5kg,Groceries,166,276
2025-10-08,P001,Basmati Rice 5kg,Groceries,158,295
2025-10-09,P001,Basmati Rice 5kg,Groceries,237,242
2025-10-10,P001,Basmati Rice 5kg,Groceries,201,254
2025-10-11,P001,Basmati Rice 5kg,Groceries,191,289
2025-10-12,P001,Basmati Rice 5kg,Groceries,146,305
2025-10-13,P001,Basmati Rice 5kg,Groceries,172,280
2025-10-14,P001,Basmati Rice 5kg,Groceries,132,259
2025-10-15,P001,Basmati Rice 5kg,Groceries,227,208
2025-10-16,P001,Basmati Rice 5kg,Groceries,213,254
2025-10-17,P001,Basmati Rice 5kg,Groceries,234,268
2025-10-18,P001,Basmati Rice 5kg,Groceries,222,304
2025-10-19,P001,Basmati Rice 5kg,Groceries,220,282
2025-10-20,P001,Basmati Rice 5kg,Groceries,168,245
2025-10-21,P001,Basmati Rice 5kg,Groceries,198,266
2025-10-22,P001,Basmati Rice 5kg,Groceries,192,287
2025-10-23,P001,Basmati Rice 5kg,Groceries,187,294
2025-10-24,P001,Basmati Rice 5kg,Groceries,239,296
2025-10-25,P001,Basmati Rice 5kg,Groceries,180,284
2025-10-26,P001,Basmati Rice 5kg,Groceries,201,234
2025-10-27,P001,Basmati Rice 5kg,Groceries,145,313
2025-10-28,P001,Basmati Rice 5kg,Groceries,183,299
2025-10-29,P001,Basmati Rice 5kg,Groceries,243,301
2025-10-30,P001,Basmati Rice 5kg,Groceries,238,365
2025-10-31,P001,Basmati Rice 5kg,Groceries,214,265
2025-11-01,P001,Basmati Rice 5kg,Groceries,225,300
2025-11-02,P001,Basmati Rice 5kg,Groceries,178,258
2025-11-03,P001,Basmati Rice 5kg,Groceries,201,297
2025-11-04,P001,Basmati Rice 5kg,Groceries,165,314
2025-11-05,P001,Basmati Rice 5kg,Groceries,203,280
2025-11-06,P001,Basmati Rice 5kg,Groceries,236,250
2025-11-07,P001,Basmati Rice 5kg,Groceries,228,342
2025-11-08,P001,Basmati Rice 5kg,Groceries,226,277
2025-11-09,P001,Basmati Rice 5kg,Groceries,179,276
2025-11-10,P001,Basmati Rice 5kg,Groceries,160,277
2025-11-11,P001,Basmati Rice 5kg,Groceries,195,238
2025-11-12,P001,Basmati Rice 5kg,Groceries,224,277
2025-11-13,P001,Basmati Rice 5kg,Groceries,233,255
2025-11-14,P001,Basmati Rice 5kg,Groceries,250,323
2025-11-15,P001,Basmati Rice 5kg,Groceries,238,244
2025-11-16,P001,Basmati Rice 5kg,Groceries,205,299
2025-11-17,P001,Basmati Rice 5kg,Groceries,138,287
2025-11-18,P001,Basmati Rice 5kg,Groceries,186,303
2025-11-19,P001,Basmati Rice 5kg,Groceries,210,296
2025-11-20,P001,Basmati Rice 5kg,Groceries,258,323
2025-11-21,P001,Basmati Rice 5kg,Groceries,157,278
2025-11-22,P001,Basmati Rice 5kg,Groceries,213,237
2025-11-23,P001,Basmati Rice 5kg,Groceries,191,323
2025-11-24,P001,Basmati Rice 5kg,Groceries,146,297
2025-11-25,P001,Basmati Rice 5kg,Groceries,163,268
2025-11-26,P001,Basmati Rice 5kg,Groceries,237,272
2025-11-27,P001,Basmati Rice 5kg,Groceries,235,234
2025-11-28,P001,Basmati Rice 5kg,Groceries,261,305
2025-11-29,P001,Basmati Rice 5kg,Groceries,213,304
2025-11-30,P001,Basmati Rice 5kg,Groceries,162,321
2025-12-01,P001,Basmati Rice 5kg,Groceries,130,282
2025-12-02,P001,Basmati Rice 5kg,Groceries,139,271
2025-12-03,P001,Basmati Rice 5kg,Groceries,180,295
2025-12-04,P001,Basmati Rice 5kg,Groceries,195,287
2025-12-05,P001,Basmati Rice 5kg,Groceries,189,275
2025-12-06,P001,Basmati Rice 5kg,Groceries,216,242
2025-12-07,P001,Basmati Rice 5kg,Groceries,174,327
2025-12-08,P001,Basmati Rice 5kg,Groceries,122,352
2025-12-09,P001,Basmati Rice 5kg,Groceries,161,315
2025-12-10,P001,Basmati Rice 5kg,Groceries,168,281
2025-12-11,P001,Basmati Rice 5kg,Groceries,179,299
2025-12-12,P001,Basmati Rice 5kg,Groceries,205,293
2025-12-13,P001,Basmati Rice 5kg,Groceries,160,311
2025-12-14,P001,Basmati Rice 5kg,Groceries,168,306
2025-12-15,P001,Basmati Rice 5kg,Groceries,143,280
2025-12-16,P001,Basmati Rice 5kg,Groceries,132,263
2025-12-17,P001,Basmati Rice 5kg,Groceries,140,294
2025-12-18,P001,Basmati Rice 5kg,Groceries,180,275
2025-12-19,P001,Basmati Rice 5kg,Groceries,126,252
2025-12-20,P001,Basmati Rice 5kg,Groceries,195,268
2025-12-21,P001,Basmati Rice 5kg,Groceries,158,248
2025-12-22,P001,Basmati Rice 5kg,Groceries,151,283
2025-12-23,P001,Basmati Rice 5kg,Groceries,149,354
2025-12-24,P001,Basmati Rice 5kg,Groceries,191,279
2025-12-25,P001,Basmati Rice 5kg,Groceries,170,278
2025-12-26,P001,Basmati Rice 5kg,Groceries,186,284
2025-12-27,P001,Basmati Rice 5kg,Groceries,167,330
2025-12-28,P001,Basmati Rice 5kg,Groceries,150,354
2025-12-29,P001,Basmati Rice 5kg,Groceries,133,339
2025-12-30,P001,Basmati Rice 5kg,Groceries,149,315
2025-12-31,P001,Basmati Rice 5kg,Groceries,153,263
2024-01-01,P002,Sunflower Oil 1L,Groceries,108,206
2024-01-02,P002,Sunflower Oil 1L,Groceries,75,177
2024-01-03,P002,Sunflower Oil 1L,Groceries,66,169
2024-01-04,P002,Sunflower Oil 1L,Groceries,81,228
2024-01-05,P002,Sunflower Oil 1L,Groceries,91,159
2024-01-06,P002,Sunflower Oil 1L,Groceries,111,202
2024-01-07,P002,Sunflower Oil 1L,Groceries,142,175
2024-01-08,P002,Sunflower Oil 1L,Groceries,95,240
2024-01-09,P002,Sunflower Oil 1L,Groceries,90,217
2024-01-10,P002,Sunflower Oil 1L,Groceries,79,212
2024-01-11,P002,Sunflower Oil 1L,Groceries,87,188
2024-01-12,P002,Sunflower Oil 1L,Groceries,100,177
2024-01-13,P002,Sunflower Oil 1L,Groceries,118,209
2024-01-14,P002,Sunflower Oil 1L,Groceries,110,205
2024-01-15,P002,Sunflower Oil 1L,Groceries,93,183
2024-01-16,P002,Sunflower Oil 1L,Groceries,83,182
2024-01-17,P002,Sunflower Oil 1L,Groceries,81,181
2024-01-18,P002,Sunflower Oil 1L,Groceries,86,181
2024-01-19,P002,Sunflower Oil 1L,Groceries,87,192
2024-01-20,P002,Sunflower Oil 1L,Groceries,129,212
2024-01-21,P002,Sunflower Oil 1L,Groceries,115,215
2024-01-22,P002,Sunflower Oil 1L,Groceries,78,204
2024-01-23,P002,Sunflower Oil 1L,Groceries,104,208
2024-01-24,P002,Sunflower Oil 1L,Groceries,79,216
2024-01-25,P002,Sunflower Oil 1L,Groceries,88,164
2024-01-26,P002,Sunflower Oil 1L,Groceries,77,209
2024-01-27,P002,Sunflower Oil 1L,Groceries,106,232
2024-01-28,P002,Sunflower Oil 1L,Groceries,114,165
2024-01-29,P002,Sunflower Oil 1L,Groceries,87,149
2024-01-30,P002,Sunflower Oil 1L,Groceries,84,201
2024-01-31,P002,Sunflower Oil 1L,Groceries,75,227
2024-02-01,P002,Sunflower Oil 1L,Groceries,90,202
2024-02-02,P002,Sunflower Oil 1L,Groceries,72,218
2024-02-03,P002,Sunflower Oil 1L,Groceries,120,211
2024-02-04,P002,Sunflower Oil 1L,Groceries,129,181
2024-02-05,P002,Sunflower Oil 1L,Groceries,119,185
2024-02-06,P002,Sunflower Oil 1L,Groceries,93,170
2024-02-07,P002,Sunflower Oil 1L,Groceries,71,236
2024-02-08,P002,Sunflower Oil 1L,Groceries,78,222
2024-02-09,P002,Sunflower Oil 1L,Groceries,94,203
2024-02-10,P002,Sunflower Oil 1L,Groceries,129,200
2024-02-11,P002,Sunflower Oil 1L,Groceries,96,189
2024-02-12,P002,Sunflower Oil 1L,Groceries,104,213
2024-02-13,P002,Sunflower Oil 1L,Groceries,72,190
2024-02-14,P002,Sunflower Oil 1L,Groceries,73,198
2024-02-15,P002,Sunflower Oil 1L,Groceries,69,192
2024-02-16,P002,Sunflower Oil 1L,Groceries,85,221
2024-02-17,P002,Sunflower Oil 1L,Groceries,122,202
2024-02-18,P002,Sunflower Oil 1L,Groceries,112,208
2024-02-19,P002,Sunflower Oil 1L,Groceries,90,181
2024-02-20,P002,Sunflower Oil 1L,Groceries,77,192
2024-02-21,P002,Sunflower Oil 1L,Groceries,68,208
2024-02-22,P002,Sunflower Oil 1L,Groceries,86,172
2024-02-23,P002,Sunflower Oil 1L,Groceries,91,200
2024-02-24,P002,Sunflower Oil 1L,Groceries,116,205
2024-02-25,P002,Sunflower Oil 1L,Groceries,99,179
2024-02-26,P002,Sunflower Oil 1L,Groceries,98,226
2024-02-27,P002,Sunflower Oil 1L,Groceries,66,212
2024-02-28,P002,Sunflower Oil 1L,Groceries,86,202
2024-02-29,P002,Sunflower Oil 1L,Groceries,84,191
2024-03-01,P002,Sunflower Oil 1L,Groceries,89,172
2024-03-02,P002,Sunflower Oil 1L,Groceries,86,224
2024-03-03,P002,Sunflower Oil 1L,Groceries,104,196
2024-03-04,P002,Sunflower Oil 1L,Groceries,83,176
2024-03-05,P002,Sunflower Oil 1L,Groceries,83,190
2024-03-06,P002,Sunflower Oil 1L,Groceries,79,214
2024-03-07,P002,Sunflower Oil 1L,Groceries,81,210
2024-03-08,P002,Sunflower Oil 1L,Groceries,104,183
2024-03-09,P002,Sunflower Oil 1L,Groceries,110,228
2024-03-10,P002,Sunflower Oil 1L,Groceries,129,176
2024-03-11,P002,Sunflower Oil 1L,Groceries,93,233
2024-03-12,P002,Sunflower Oil 1L,Groceries,88,209
2024-03-13,P002,Sunflower Oil 1L,Groceries,74,197
2024-03-14,P002,Sunflower Oil 1L,Groceries,80,200
2024-03-15,P002,Sunflower Oil 1L,Groceries,88,207
2024-03-16,P002,Sunflower Oil 1L,Groceries,102,216
2024-03-17,P002,Sunflower Oil 1L,Groceries,146,169
2024-03-18,P002,Sunflower Oil 1L,Groceries,98,189
2024-03-19,P002,Sunflower Oil 1L,Groceries,88,206
2024-03-20,P002,Sunflower Oil 1L,Groceries,80,229
2024-03-21,P002,Sunflower Oil 1L,Groceries,79,228
2024-03-22,P002,Sunflower Oil 1L,Groceries,67,238
2024-03-23,P002,Sunflower Oil 1L,Groceries,113,227
2024-03-24,P002,Sunflower Oil 1L,Groceries,98,188
2024-03-25,P002,Sunflower Oil 1L,Groceries,96,205
2024-03-26,P002,Sunflower Oil 1L,Groceries,84,227
2024-03-27,P002,Sunflower Oil 1L,Groceries,61,225
2024-03-28,P002,Sunflower Oil 1L,Groceries,76,201
2024-03-29,P002,Sunflower Oil 1L,Groceries,74,215
2024-03-30,P002,Sunflower Oil 1L,Groceries,82,218
2024-03-31,P002,Sunflower Oil 1L,Groceries,94,206
2024-04-01,P002,Sunflower Oil 1L,Groceries,92,229
2024-04-02,P002,Sunflower Oil 1L,Groceries,80,191
2024-04-03,P002,Sunflower Oil 1L,Groceries,69,231
2024-04-04,P002,Sunflower Oil 1L,Groceries,79,197
2024-04-05,P002,Sunflower Oil 1L,Groceries,84,173
2024-04-06,P002,Sunflower Oil 1L,Groceries,111,169
2024-04-07,P002,Sunflower Oil 1L,Groceries,118,208
2024-04-08,P002,Sunflower Oil 1L,Groceries,114,182
2024-04-09,P002,Sunflower Oil 1L,Groceries,79,242
2024-04-10,P002,Sunflower Oil 1L,Groceries,81,191
2024-04-11,P002,Sunflower Oil 1L,Groceries,76,205
2024-04-12,P002,Sunflower Oil 1L,Groceries,87,191
2024-04-13,P002,Sunflower Oil 1L,Groceries,104,172
2024-04-14,P002,Sunflower Oil 1L,Groceries,110,214
2024-04-15,P002,Sunflower Oil 1L,Groceries,89,172
2024-04-16,P002,Sunflower Oil 1L,Groceries,87,212
2024-04-17,P002,Sunflower Oil 1L,Groceries,66,199
2024-04-18,P002,Sunflower Oil 1L,Groceries,63,184
2024-04-19,P002,Sunflower Oil 1L,Groceries,79,230
2024-04-20,P002,Sunflower Oil 1L,Groceries,97,218
2024-04-21,P002,Sunflower Oil 1L,Groceries,101,210
2024-04-22,P002,Sunflower Oil 1L,Groceries,89,223
2024-04-23,P002,Sunflower Oil 1L,Groceries,74,173
2024-04-24,P002,Sunflower Oil 1L,Groceries,61,194
2024-04-25,P002,Sunflower Oil 1L,Groceries,64,213
2024-04-26,P002,Sunflower Oil 1L,Groceries,79,254
2024-04-27,P002,Sunflower Oil 1L,Groceries,85,209
2024-04-28,P002,Sunflower Oil 1L,Groceries,94,195
2024-04-29,P002,Sunflower Oil 1L,Groceries,90,157
2024-04-30,P002,Sunflower Oil 1L,Groceries,79,244
2024-05-01,P002,Sunflower Oil 1L,Groceries,67,210
2024-05-02,P002,Sunflower Oil 1L,Groceries,79,202
2024-05-03,P002,Sunflower Oil 1L,Groceries,77,158
2024-05-04,P002,Sunflower Oil 1L,Groceries,108,203
2024-05-05,P002,Sunflower Oil 1L,Groceries,94,208
2024-05-06,P002,Sunflower Oil 1L,Groceries,83,194
2024-05-07,P002,Sunflower Oil 1L,Groceries,81,178
2024-05-08,P002,Sunflower Oil 1L,Groceries,76,176
2024-05-09,P002,Sunflower Oil 1L,Groceries,66,244
2024-05-10,P002,Sunflower Oil 1L,Groceries,90,207
2024-05-11,P002,Sunflower Oil 1L,Groceries,91,194
2024-05-12,P002,Sunflower Oil 1L,Groceries,104,206
2024-05-13,P002,Sunflower Oil 1L,Groceries,86,204
2024-05-14,P002,Sunflower Oil 1L,Groceries,74,175
2024-05-15,P002,Sunflower Oil 1L,Groceries,65,224
2024-05-16,P002,Sunflower Oil 1L,Groceries,61,201
2024-05-17,P002,Sunflower Oil 1L,Groceries,74,207
2024-05-18,P002,Sunflower Oil 1L,Groceries,95,235
2024-05-19,P002,Sunflower Oil 1L,Groceries,107,178
2024-05-20,P002,Sunflower Oil 1L,Groceries,92,189
2024-05-21,P002,Sunflower Oil 1L,Groceries,70,211
2024-05-22,P002,Sunflower Oil 1L,Groceries,64,223
2024-05-23,P002,Sunflower Oil 1L,Groceries,64,192
2024-05-24,P002,Sunflower Oil 1L,Groceries,74,193
2024-05-25,P002,Sunflower Oil 1L,Groceries,109,218
2024-05-26,P002,Sunflower Oil 1L,Groceries,118,251
2024-05-27,P002,Sunflower Oil 1L,Groceries,76,206
2024-05-28,P002,Sunflower Oil 1L,Groceries,65,189
2024-05-29,P002,Sunflower Oil 1L,Groceries,63,183
2024-05-30,P002,Sunflower Oil 1L,Groceries,62,202
2024-05-31,P002,Sunflower Oil 1L,Groceries,69,222
2024-06-01,P002,Sunflower Oil 1L,Groceries,88,263
2024-06-02,P002,Sunflower Oil 1L,Groceries,96,206
2024-06-03,P002,Sunflower Oil 1L,Groceries,73,240
2024-06-04,P002,Sunflower Oil 1L,Groceries,81,211
2024-06-05,P002,Sunflower Oil 1L,Groceries,57,209
2024-06-06,P002,Sunflower Oil 1L,Groceries,61,235
2024-06-07,P002,Sunflower Oil 1L,Groceries,84,207
2024-06-08,P002,Sunflower Oil 1L,Groceries,73,185
2024-06-09,P002,Sunflower Oil 1L,Groceries,106,230
2024-06-10,P002,Sunflower Oil 1L,Groceries,93,172
2024-06-11,P002,Sunflower Oil 1L,Groceries,75,226
2024-06-12,P002,Sunflower Oil 1L,Groceries,55,205
2024-06-13,P002,Sunflower Oil 1L,Groceries,70,199
2024-06-14,P002,Sunflower Oil 1L,Groceries,63,198
2024-06-15,P002,Sunflower Oil 1L,Groceries,93,202
2024-06-16,P002,Sunflower Oil 1L,Groceries,93,196
2024-06-17,P002,Sunflower Oil 1L,Groceries,83,214
2024-06-18,P002,Sunflower Oil 1L,Groceries,70,197
2024-06-19,P002,Sunflower Oil 1L,Groceries,66,166
2024-06-20,P002,Sunflower Oil 1L,Groceries,71,205
2024-06-21,P002,Sunflower Oil 1L,Groceries,77,225
2024-06-22,P002,Sunflower Oil 1L,Groceries,77,165
2024-06-23,P002,Sunflower Oil 1L,Groceries,101,205
2024-06-24,P002,Sunflower Oil 1L,Groceries,84,196
2024-06-25,P002,Sunflower Oil 1L,Groceries,77,224
2024-06-26,P002,Sunflower Oil 1L,Groceries,68,200
2024-06-27,P002,Sunflower Oil 1L,Groceries,53,221
2024-06-28,P002,Sunflower Oil 1L,Groceries,86,218
2024-06-29,P002,Sunflower Oil 1L,Groceries,87,219
2024-06-30,P002,Sunflower Oil 1L,Groceries,106,237
2024-07-01,P002,Sunflower Oil 1L,Groceries,75,200
2024-07-02,P002,Sunflower Oil 1L,Groceries,77,206
2024-07-03,P002,Sunflower Oil 1L,Groceries,58,213
2024-07-04,P002,Sunflower Oil 1L,Groceries,71,207
2024-07-05,P002,Sunflower Oil 1L,Groceries,78,200
2024-07-06,P002,Sunflower Oil 1L,Groceries,109,187
2024-07-07,P002,Sunflower Oil 1L,Groceries,92,205
2024-07-08,P002,Sunflower Oil 1L,Groceries,90,174
2024-07-09,P002,Sunflower Oil 1L,Groceries,62,163
2024-07-10,P002,Sunflower Oil 1L,Groceries,65,182
2024-07-11,P002,Sunflower Oil 1L,Groceries,65,219
2024-07-12,P002,Sunflower Oil 1L,Groceries,72,210
2024-07-13,P002,Sunflower Oil 1L,Groceries,92,219
2024-07-14,P002,Sunflower Oil 1L,Groceries,103,191
2024-07-15,P002,Sunflower Oil 1L,Groceries,81,226
2024-07-16,P002,Sunflower Oil 1L,Groceries,75,176
2024-07-17,P002,Sunflower Oil 1L,Groceries,69,183
2024-07-18,P002,Sunflower Oil 1L,Groceries,77,226
2024-07-19,P002,Sunflower Oil 1L,Groceries,79,208
2024-07-20,P002,Sunflower Oil 1L,Groceries,93,219
2024-07-21,P002,Sunflower Oil 1L,Groceries,95,210
2024-07-22,P002,Sunflower Oil 1L,Groceries,90,193
2024-07-23,P002,Sunflower Oil 1L,Groceries,68,181
2024-07-24,P002,Sunflower Oil 1L,Groceries,58,168
2024-07-25,P002,Sunflower Oil 1L,Groceries,73,242
2024-07-26,P002,Sunflower Oil 1L,Groceries,88,172
2024-07-27,P002,Sunflower Oil 1L,Groceries,103,234
2024-07-28,P002,Sunflower Oil 1L,Groceries,94,207
2024-07-29,P002,Sunflower Oil 1L,Groceries,67,210
2024-07-30,P002,Sunflower Oil 1L,Groceries,65,209
2024-07-31,P002,Sunflower Oil 1L,Groceries,56,216
2024-08-01,P002,Sunflower Oil 1L,Groceries,75,189
2024-08-02,P002,Sunflower Oil 1L,Groceries,69,161
2024-08-03,P002,Sunflower Oil 1L,Groceries,94,193
2024-08-04,P002,Sunflower Oil 1L,Groceries,84,214
2024-08-05,P002,Sunflower Oil 1L,Groceries,80,183
2024-08-06,P002,Sunflower Oil 1L,Groceries,69,227
2024-08-07,P002,Sunflower Oil 1L,Groceries,70,202
2024-08-08,P002,Sunflower Oil 1L,Groceries,73,181
2024-08-09,P002,Sunflower Oil 1L,Groceries,79,208
2024-08-10,P002,Sunflower Oil 1L,Groceries,93,214
2024-08-11,P002,Sunflower Oil 1L,Groceries,93,215
2024-08-12,P002,Sunflower Oil 1L,Groceries,90,145
2024-08-13,P002,Sunflower Oil 1L,Groceries,83,143
2024-08-14,P002,Sunflower Oil 1L,Groceries,63,226
2024-08-15,P002,Sunflower Oil 1L,Groceries,67,175
2024-08-16,P002,Sunflower Oil 1L,Groceries,71,226
2024-08-17,P002,Sunflower Oil 1L,Groceries,80,228
2024-08-18,P002,Sunflower Oil 1L,Groceries,101,181
2024-08-19,P002,Sunflower Oil 1L,Groceries,81,184
2024-08-20,P002,Sunflower Oil 1L,Groceries,81,220
2024-08-21,P002,Sunflower Oil 1L,Groceries,56,197
2024-08-22,P002,Sunflower Oil 1L,Groceries,64,232
2024-08-23,P002,Sunflower Oil 1L,Groceries,69,238
2024-08-24,P002,Sunflower Oil 1L,Groceries,99,181
2024-08-25,P002,Sunflower Oil 1L,Groceries,96,189
2024-08-26,P002,Sunflower Oil 1L,Groceries,76,207
2024-08-27,P002,Sunflower Oil 1L,Groceries,66,160
2024-08-28,P002,Sunflower Oil 1L,Groceries,66,168
2024-08-29,P002,Sunflower Oil 1L,Groceries,66,186
2024-08-30,P002,Sunflower Oil 1L,Groceries,74,246
2024-08-31,P002,Sunflower Oil 1L,Groceries,101,210
2024-09-01,P002,Sunflower Oil 1L,Groceries,86,192
2024-09-02,P002,Sunflower Oil 1L,Groceries,90,184
2024-09-03,P002,Sunflower Oil 1L,Groceries,84,180
2024-09-04,P002,Sunflower Oil 1L,Groceries,68,193
2024-09-05,P002,Sunflower Oil 1L,Groceries,73,192
2024-09-06,P002,Sunflower Oil 1L,Groceries,80,200
2024-09-07,P002,Sunflower Oil 1L,Groceries,95,215
2024-09-08,P002,Sunflower Oil 1L,Groceries,108,203
2024-09-09,P002,Sunflower Oil 1L,Groceries,85,221
2024-09-10,P002,Sunflower Oil 1L,Groceries,76,199
2024-09-11,P002,Sunflower Oil 1L,Groceries,71,240
2024-09-12,P002,Sunflower Oil 1L,Groceries,63,221
2024-09-13,P002,Sunflower Oil 1L,Groceries,68,209
2024-09-14,P002,Sunflower Oil 1L,Groceries,120,215
2024-09-15,P002,Sunflower Oil 1L,Groceries,109,194
2024-09-16,P002,Sunflower Oil 1L,Groceries,91,200
2024-09-17,P002,Sunflower Oil 1L,Groceries,73,199
2024-09-18,P002,Sunflower Oil 1L,Groceries,73,189
2024-09-19,P002,Sunflower Oil 1L,Groceries,68,177
2024-09-20,P002,Sunflower Oil 1L,Groceries,88,216
2024-09-21,P002,Sunflower Oil 1L,Groceries,108,225
2024-09-22,P002,Sunflower Oil 1L,Groceries,110,213
2024-09-23,P002,Sunflower Oil 1L,Groceries,95,203
2024-09-24,P002,Sunflower Oil 1L,Groceries,76,250
2024-09-25,P002,Sunflower Oil 1L,Groceries,70,191
2024-09-26,P002,Sunflower Oil 1L,Groceries,79,210
2024-09-27,P002,Sunflower Oil 1L,Groceries,74,228
2024-09-28,P002,Sunflower Oil 1L,Groceries,106,182
2024-09-29,P002,Sunflower Oil 1L,Groceries,124,218
2024-09-30,P002,Sunflower Oil 1L,Groceries,82,241
2024-10-01,P002,Sunflower Oil 1L,Groceries,106,205
2024-10-02,P002,Sunflower Oil 1L,Groceries,105,208
2024-10-03,P002,Sunflower Oil 1L,Groceries,93,191
2024-10-04,P002,Sunflower Oil 1L,Groceries,113,215
2024-10-05,P002,Sunflower Oil 1L,Groceries,133,189
2024-10-06,P002,Sunflower Oil 1L,Groceries,139,204
2024-10-07,P002,Sunflower Oil 1L,Groceries,101,175
2024-10-08,P002,Sunflower Oil 1L,Groceries,107,152
2024-10-09,P002,Sunflower Oil 1L,Groceries,94,195
2024-10-10,P002,Sunflower Oil 1L,Groceries,108,195
2024-10-11,P002,Sunflower Oil 1L,Groceries,116,197
2024-10-12,P002,Sunflower Oil 1L,Groceries,137,220
2024-10-13,P002,Sunflower Oil 1L,Groceries,133,225
2024-10-14,P002,Sunflower Oil 1L,Groceries,106,211
2024-10-15,P002,Sunflower Oil 1L,Groceries,113,219
2024-10-16,P002,Sunflower Oil 1L,Groceries,111,189
2024-10-17,P002,Sunflower Oil 1L,Groceries,83,185
2024-10-18,P002,Sunflower Oil 1L,Groceries,118,215
2024-10-19,P002,Sunflower Oil 1L,Groceries,139,182
2024-10-20,P002,Sunflower Oil 1L,Groceries,153,180
2024-10-21,P002,Sunflower Oil 1L,Groceries,134,264
2024-10-22,P002,Sunflower Oil 1L,Groceries,109,217
2024-10-23,P002,Sunflower Oil 1L,Groceries,90,168
2024-10-24,P002,Sunflower Oil 1L,Groceries,93,183
2024-10-25,P002,Sunflower Oil 1L,Groceries,96,240
2024-10-26,P002,Sunflower Oil 1L,Groceries,144,213
2024-10-27,P002,Sunflower Oil 1L,Groceries,140,201
2024-10-28,P002,Sunflower Oil 1L,Groceries,134,204
2024-10-29,P002,Sunflower Oil 1L,Groceries,112,201
2024-10-30,P002,Sunflower Oil 1L,Groceries,93,176
2024-10-31,P002,Sunflower Oil 1L,Groceries,80,200
2024-11-01,P002,Sunflower Oil 1L,Groceries,115,179
2024-11-02,P002,Sunflower Oil 1L,Groceries,142,206
2024-11-03,P002,Sunflower Oil 1L,Groceries,115,186
2024-11-04,P002,Sunflower Oil 1L,Groceries,129,213
2024-11-05,P002,Sunflower Oil 1L,Groceries,96,208
2024-11-06,P002,Sunflower Oil 1L,Groceries,108,221
2024-11-07,P002,Sunflower Oil 1L,Groceries,101,195
2024-11-08,P002,Sunflower Oil 1L,Groceries,109,215
2024-11-09,P002,Sunflower Oil 1L,Groceries,147,218
2024-11-10,P002,Sunflower Oil 1L,Groceries,151,222
2024-11-11,P002,Sunflower Oil 1L,Groceries,127,221
2024-11-12,P002,Sunflower Oil 1L,Groceries,119,189
2024-11-13,P002,Sunflower Oil 1L,Groceries,82,237
2024-11-14,P002,Sunflower Oil 1L,Groceries,106,170
2024-11-15,P002,Sunflower Oil 1L,Groceries,109,221
2024-11-16,P002,Sunflower Oil 1L,Groceries,142,195
2024-11-17,P002,Sunflower Oil 1L,Groceries,172,184
2024-11-18,P002,Sunflower Oil 1L,Groceries,117,209
2024-11-19,P002,Sunflower Oil 1L,Groceries,116,215
2024-11-20,P002,Sunflower Oil 1L,Groceries,110,209
2024-11-21,P002,Sunflower Oil 1L,Groceries,110,200
2024-11-22,P002,Sunflower Oil 1L,Groceries,120,207
2024-11-23,P002,Sunflower Oil 1L,Groceries,151,221
2024-11-24,P002,Sunflower Oil 1L,Groceries,162,206
2024-11-25,P002,Sunflower Oil 1L,Groceries,119,206
2024-11-26,P002,Sunflower Oil 1L,Groceries,112,209
2024-11-27,P002,Sunflower Oil 1L,Groceries,125,194
2024-11-28,P002,Sunflower Oil 1L,Groceries,110,227
2024-11-29,P002,Sunflower Oil 1L,Groceries,122,253
2024-11-30,P002,Sunflower Oil 1L,Groceries,144,212
2024-12-01,P002,Sunflower Oil 1L,Groceries,117,198
2024-12-02,P002,Sunflower Oil 1L,Groceries,110,222
2024-12-03,P002,Sunflower Oil 1L,Groceries,96,231
2024-12-04,P002,Sunflower Oil 1L,Groceries,84,198
2024-12-05,P002,Sunflower Oil 1L,Groceries,111,213
2024-12-06,P002,Sunflower Oil 1L,Groceries,93,191
2024-12-07,P002,Sunflower Oil 1L,Groceries,113,224
2024-12-08,P002,Sunflower Oil 1L,Groceries,124,208
2024-12-09,P002,Sunflower Oil 1L,Groceries,108,220
2024-12-10,P002,Sunflower Oil 1L,Groceries,86,183
2024-12-11,P002,Sunflower Oil 1L,Groceries,87,217
2024-12-12,P002,Sunflower Oil 1L,Groceries,91,188
2024-12-13,P002,Sunflower Oil 1L,Groceries,108,190
2024-12-14,P002,Sunflower Oil 1L,Groceries,119,186
2024-12-15,P002,Sunflower Oil 1L,Groceries,146,218
2024-12-16,P002,Sunflower Oil 1L,Groceries,116,231
2024-12-17,P002,Sunflower Oil 1L,Groceries,122,170
2024-12-18,P002,Sunflower Oil 1L,Groceries,80,192
2024-12-19,P002,Sunflower Oil 1L,Groceries,82,183
2024-12-20,P002,Sunflower Oil 1L,Groceries,99,180
2024-12-21,P002,Sunflower Oil 1L,Groceries,131,206
2024-12-22,P002,Sunflower Oil 1L,Groceries,137,215
2024-12-23,P002,Sunflower Oil 1L,Groceries,117,197
2024-12-24,P002,Sunflower Oil 1L,Groceries,116,210
2024-12-25,P002,Sunflower Oil 1L,Groceries,71,184
2024-12-26,P002,Sunflower Oil 1L,Groceries,74,205
2024-12-27,P002,Sunflower Oil 1L,Groceries,101,195
2024-12-28,P002,Sunflower Oil 1L,Groceries,153,216
2024-12-29,P002,Sunflower Oil 1L,Groceries,141,186
2024-12-30,P002,Sunflower Oil 1L,Groceries,100,206
2024-12-31,P002,Sunflower Oil 1L,Groceries,98,167
2025-01-01,P002,Sunflower Oil 1L,Groceries,86,205
2025-01-02,P002,Sunflower Oil 1L,Groceries,88,188
2025-01-03,P002,Sunflower Oil 1L,Groceries,98,201
2025-01-04,P002,Sunflower Oil 1L,Groceries,129,217
2025-01-05,P002,Sunflower Oil 1L,Groceries,146,199
2025-01-06,P002,Sunflower Oil 1L,Groceries,106,214
2025-01-07,P002,Sunflower Oil 1L,Groceries,103,196
2025-01-08,P002,Sunflower Oil 1L,Groceries,95,225
2025-01-09,P002,Sunflower Oil 1L,Groceries,102,241
2025-01-10,P002,Sunflower Oil 1L,Groceries,95,205
2025-01-11,P002,Sunflower Oil 1L,Groceries,128,203
2025-01-12,P002,Sunflower Oil 1L,Groceries,124,175
2025-01-13,P002,Sunflower Oil 1L,Groceries,113,189
2025-01-14,P002,Sunflower Oil 1L,Groceries,98,189
2025-01-15,P002,Sunflower Oil 1L,Groceries,78,210
2025-01-16,P002,Sunflower Oil 1L,Groceries,92,217
2025-01-17,P002,Sunflower Oil 1L,Groceries,126,211
2025-01-18,P002,Sunflower Oil 1L,Groceries,135,183
2025-01-19,P002,Sunflower Oil 1L,Groceries,115,237
2025-01-20,P002,Sunflower Oil 1L,Groceries,101,184
2025-01-21,P002,Sunflower Oil 1L,Groceries,97,203
2025-01-22,P002,Sunflower Oil 1L,Groceries,80,199
2025-01-23,P002,Sunflower Oil 1L,Groceries,102,188
2025-01-24,P002,Sunflower Oil 1L,Groceries,89,224
2025-01-25,P002,Sunflower Oil 1L,Groceries,135,192
2025-01-26,P002,Sunflower Oil 1L,Groceries,112,190
2025-01-27,P002,Sunflower Oil 1L,Groceries,111,229
2025-01-28,P002,Sunflower Oil 1L,Groceries,87,203
2025-01-29,P002,Sunflower Oil 1L,Groceries,94,156
2025-01-30,P002,Sunflower Oil 1L,Groceries,100,181
2025-01-31,P002,Sunflower Oil 1L,Groceries,107,210
2025-02-01,P002,Sunflower Oil 1L,Groceries,142,216
2025-02-02,P002,Sunflower Oil 1L,Groceries,101,189
2025-02-03,P002,Sunflower Oil 1L,Groceries,113,201
2025-02-04,P002,Sunflower Oil 1L,Groceries,102,221
2025-02-05,P002,Sunflower Oil 1L,Groceries,93,201
2025-02-06,P002,Sunflower Oil 1L,Groceries,74,196
2025-02-07,P002,Sunflower Oil 1L,Groceries,108,183
2025-02-08,P002,Sunflower Oil 1L,Groceries,136,224
2025-02-09,P002,Sunflower Oil 1L,Groceries,134,142
2025-02-10,P002,Sunflower Oil 1L,Groceries,97,244
2025-02-11,P002,Sunflower Oil 1L,Groceries,91,164
2025-02-12,P002,Sunflower Oil 1L,Groceries,98,205
2025-02-13,P002,Sunflower Oil 1L,Groceries,100,211
2025-02-14,P002,Sunflower Oil 1L,Groceries,108,212
2025-02-15,P002,Sunflower Oil 1L,Groceries,137,252
2025-02-16,P002,Sunflower Oil 1L,Groceries,144,173
2025-02-17,P002,Sunflower Oil 1L,Groceries,116,228
2025-02-18,P002,Sunflower Oil 1L,Groceries,108,196
2025-02-19,P002,Sunflower Oil 1L,Groceries,97,224
2025-02-20,P002,Sunflower Oil 1L,Groceries,113,190
2025-02-21,P002,Sunflower Oil 1L,Groceries,97,199
2025-02-22,P002,Sunflower Oil 1L,Groceries,121,187
2025-02-23,P002,Sunflower Oil 1L,Groceries,95,196
2025-02-24,P002,Sunflower Oil 1L,Groceries,114,195
2025-02-25,P002,Sunflower Oil 1L,Groceries,114,205
2025-02-26,P002,Sunflower Oil 1L,Groceries,98,210
2025-02-27,P002,Sunflower Oil 1L,Groceries,97,211
2025-02-28,P002,Sunflower Oil 1L,Groceries,116,206
2025-03-01,P002,Sunflower Oil 1L,Groceries,132,213
2025-03-02,P002,Sunflower Oil 1L,Groceries,126,213
2025-03-03,P002,Sunflower Oil 1L,Groceries,134,199
2025-03-04,P002,Sunflower Oil 1L,Groceries,99,231
2025-03-05,P002,Sunflower Oil 1L,Groceries,96,205
2025-03-06,P002,Sunflower Oil 1L,Groceries,67,216
2025-03-07,P002,Sunflower Oil 1L,Groceries,79,235
2025-03-08,P002,Sunflower Oil 1L,Groceries,127,225
2025-03-09,P002,Sunflower Oil 1L,Groceries,117,173
2025-03-10,P002,Sunflower Oil 1L,Groceries,111,204
2025-03-11,P002,Sunflower Oil 1L,Groceries,90,207
2025-03-12,P002,Sunflower Oil 1L,Groceries,109,222
2025-03-13,P002,Sunflower Oil 1L,Groceries,97,222
2025-03-14,P002,Sunflower Oil 1L,Groceries,115,201
2025-03-15,P002,Sunflower Oil 1L,Groceries,98,201
2025-03-16,P002,Sunflower Oil 1L,Groceries,138,185
2025-03-17,P002,Sunflower Oil 1L,Groceries,105,191
2025-03-18,P002,Sunflower Oil 1L,Groceries,107,220
2025-03-19,P002,Sunflower Oil 1L,Groceries,90,218
2025-03-20,P002,Sunflower Oil 1L,Groceries,87,209
2025-03-21,P002,Sunflower Oil 1L,Groceries,87,160
2025-03-22,P002,Sunflower Oil 1L,Groceries,125,212
2025-03-23,P002,Sunflower Oil 1L,Groceries,142,237
2025-03-24,P002,Sunflower Oil 1L,Groceries,123,185
2025-03-25,P002,Sunflower Oil 1L,Groceries,89,215
2025-03-26,P002,Sunflower Oil 1L,Groceries,105,235
2025-03-27,P002,Sunflower Oil 1L,Groceries,96,197
2025-03-28,P002,Sunflower Oil 1L,Groceries,89,221
2025-03-29,P002,Sunflower Oil 1L,Groceries,108,200
2025-03-30,P002,Sunflower Oil 1L,Groceries,123,238
2025-03-31,P002,Sunflower Oil 1L,Groceries,101,155
2025-04-01,P002,Sunflower Oil 1L,Groceries,96,191
2025-04-02,P002,Sunflower Oil 1L,Groceries,83,203
2025-04-03,P002,Sunflower Oil 1L,Groceries,83,221
2025-04-04,P002,Sunflower Oil 1L,Groceries,82,194
2025-04-05,P002,Sunflower Oil 1L,Groceries,128,192
2025-04-06,P002,Sunflower Oil 1L,Groceries,104,219
2025-04-07,P002,Sunflower Oil 1L,Groceries,116,204
2025-04-08,P002,Sunflower Oil 1L,Groceries,73,219
2025-04-09,P002,Sunflower Oil 1L,Groceries,68,211
2025-04-10,P002,Sunflower Oil 1L,Groceries,77,181
2025-04-11,P002,Sunflower Oil 1L,Groceries,92,201
2025-04-12,P002,Sunflower Oil 1L,Groceries,111,217
2025-04-13,P002,Sunflower Oil 1L,Groceries,116,225
2025-04-14,P002,Sunflower Oil 1L,Groceries,105,191
2025-04-15,P002,Sunflower Oil 1L,Groceries,81,171
2025-04-16,P002,Sunflower Oil 1L,Groceries,83,198
2025-04-17,P002,Sunflower Oil 1L,Groceries,63,194
2025-04-18,P002,Sunflower Oil 1L,Groceries,86,237
2025-04-19,P002,Sunflower Oil 1L,Groceries,97,175
2025-04-20,P002,Sunflower Oil 1L,Groceries,134,233
2025-04-21,P002,Sunflower Oil 1L,Groceries,94,192
2025-04-22,P002,Sunflower Oil 1L,Groceries,93,157
2025-04-23,P002,Sunflower Oil 1L,Groceries,65,199
2025-04-24,P002,Sunflower Oil 1L,Groceries,95,196
2025-04-25,P002,Sunflower Oil 1L,Groceries,94,228
2025-04-26,P002,Sunflower Oil 1L,Groceries,140,193
2025-04-27,P002,Sunflower Oil 1L,Groceries,119,242
2025-04-28,P002,Sunflower Oil 1L,Groceries,85,226
2025-04-29,P002,Sunflower Oil 1L,Groceries,78,207
2025-04-30,P002,Sunflower Oil 1L,Groceries,77,185
2025-05-01,P002,Sunflower Oil 1L,Groceries,73,211
2025-05-02,P002,Sunflower Oil 1L,Groceries,102,202
2025-05-03,P002,Sunflower Oil 1L,Groceries,115,217
2025-05-04,P002,Sunflower Oil 1L,Groceries,106,220
2025-05-05,P002,Sunflower Oil 1L,Groceries,107,258
2025-05-06,P002,Sunflower Oil 1L,Groceries,83,196
2025-05-07,P002,Sunflower Oil 1L,Groceries,84,222
2025-05-08,P002,Sunflower Oil 1L,Groceries,76,197
2025-05-09,P002,Sunflower Oil 1L,Groceries,96,188
2025-05-10,P002,Sunflower Oil 1L,Groceries,108,207
2025-05-11,P002,Sunflower Oil 1L,Groceries,128,193
2025-05-12,P002,Sunflower Oil 1L,Groceries,80,166
2025-05-13,P002,Sunflower Oil 1L,Groceries,74,178
2025-05-14,P002,Sunflower Oil 1L,Groceries,76,181
2025-05-15,P002,Sunflower Oil 1L,Groceries,74,189
2025-05-16,P002,Sunflower Oil 1L,Groceries,86,232
2025-05-17,P002,Sunflower Oil 1L,Groceries,119,205
2025-05-18,P002,Sunflower Oil 1L,Groceries,109,196
2025-05-19,P002,Sunflower Oil 1L,Groceries,100,217
2025-05-20,P002,Sunflower Oil 1L,Groceries,76,206
2025-05-21,P002,Sunflower Oil 1L,Groceries,60,209
2025-05-22,P002,Sunflower Oil 1L,Groceries,84,199
2025-05-23,P002,Sunflower Oil 1L,Groceries,105,187
2025-05-24,P002,Sunflower Oil 1L,Groceries,113,204
2025-05-25,P002,Sunflower Oil 1L,Groceries,112,203
2025-05-26,P002,Sunflower Oil 1L,Groceries,97,222
2025-05-27,P002,Sunflower Oil 1L,Groceries,95,205
2025-05-28,P002,Sunflower Oil 1L,Groceries,81,191
2025-05-29,P002,Sunflower Oil 1L,Groceries,83,189
2025-05-30,P002,Sunflower Oil 1L,Groceries,98,250
2025-05-31,P002,Sunflower Oil 1L,Groceries,108,160
2025-06-01,P002,Sunflower Oil 1L,Groceries,106,230
2025-06-02,P002,Sunflower Oil 1L,Groceries,100,210
2025-06-03,P002,Sunflower Oil 1L,Groceries,91,215
2025-06-04,P002,Sunflower Oil 1L,Groceries,84,224
2025-06-05,P002,Sunflower Oil 1L,Groceries,88,212
2025-06-06,P002,Sunflower Oil 1L,Groceries,96,199
2025-06-07,P002,Sunflower Oil 1L,Groceries,102,240
2025-06-08,P002,Sunflower Oil 1L,Groceries,114,222
2025-06-09,P002,Sunflower Oil 1L,Groceries,95,193
2025-06-10,P002,Sunflower Oil 1L,Groceries,82,234
2025-06-11,P002,Sunflower Oil 1L,Groceries,78,170
2025-06-12,P002,Sunflower Oil 1L,Groceries,75,242
2025-06-13,P002,Sunflower Oil 1L,Groceries,85,168
2025-06-14,P002,Sunflower Oil 1L,Groceries,128,219
2025-06-15,P002,Sunflower Oil 1L,Groceries,110,197
2025-06-16,P002,Sunflower Oil 1L,Groceries,103,194
2025-06-17,P002,Sunflower Oil 1L,Groceries,91,216
2025-06-18,P002,Sunflower Oil 1L,Groceries,75,208
2025-06-19,P002,Sunflower Oil 1L,Groceries,74,226
2025-06-20,P002,Sunflower Oil 1L,Groceries,79,172
2025-06-21,P002,Sunflower Oil 1L,Groceries,114,218
2025-06-22,P002,Sunflower Oil 1L,Groceries,116,213
2025-06-23,P002,Sunflower Oil 1L,Groceries,90,221
2025-06-24,P002,Sunflower Oil 1L,Groceries,80,195
2025-06-25,P002,Sunflower Oil 1L,Groceries,71,246
2025-06-26,P002,Sunflower Oil 1L,Groceries,62,215
2025-06-27,P002,Sunflower Oil 1L,Groceries,72,203
2025-06-28,P002,Sunflower Oil 1L,Groceries,102,162
2025-06-29,P002,Sunflower Oil 1L,Groceries,114,197
2025-06-30,P002,Sunflower Oil 1L,Groceries,73,222
2025-07-01,P002,Sunflower Oil 1L,Groceries,92,236
2025-07-02,P002,Sunflower Oil 1L,Groceries,76,206
2025-07-03,P002,Sunflower Oil 1L,Groceries,85,239
2025-07-04,P002,Sunflower Oil 1L,Groceries,96,186
2025-07-05,P002,Sunflower Oil 1L,Groceries,109,214
2025-07-06,P002,Sunflower Oil 1L,Groceries,90,215
2025-07-07,P002,Sunflower Oil 1L,Groceries,114,218
2025-07-08,P002,Sunflower Oil 1L,Groceries,92,209
2025-07-09,P002,Sunflower Oil 1L,Groceries,72,213
2025-07-10,P002,Sunflower Oil 1L,Groceries,69,185
2025-07-11,P002,Sunflower Oil 1L,Groceries,97,233
2025-07-12,P002,Sunflower Oil 1L,Groceries,96,225
2025-07-13,P002,Sunflower Oil 1L,Groceries,109,212
2025-07-14,P002,Sunflower Oil 1L,Groceries,97,225
2025-07-15,P002,Sunflower Oil 1L,Groceries,81,234
2025-07-16,P002,Sunflower Oil 1L,Groceries,75,218
2025-07-17,P002,Sunflower Oil 1L,Groceries,69,249
2025-07-18,P002,Sunflower Oil 1L,Groceries,90,220
2025-07-19,P002,Sunflower Oil 1L,Groceries,90,188
2025-07-20,P002,Sunflower Oil 1L,Groceries,124,211
2025-07-21,P002,Sunflower Oil 1L,Groceries,75,226
2025-07-22,P002,Sunflower Oil 1L,Groceries,76,234
2025-07-23,P002,Sunflower Oil 1L,Groceries,73,209
2025-07-24,P002,Sunflower Oil 1L,Groceries,85,187
2025-07-25,P002,Sunflower Oil 1L,Groceries,78,201
2025-07-26,P002,Sunflower Oil 1L,Groceries,116,178
2025-07-27,P002,Sunflower Oil 1L,Groceries,92,222
2025-07-28,P002,Sunflower Oil 1L,Groceries,88,197
2025-07-29,P002,Sunflower Oil 1L,Groceries,66,191
2025-07-30,P002,Sunflower Oil 1L,Groceries,74,224
2025-07-31,P002,Sunflower Oil 1L,Groceries,70,239
2025-08-01,P002,Sunflower Oil 1L,Groceries,81,191
2025-08-02,P002,Sunflower Oil 1L,Groceries,124,209
2025-08-03,P002,Sunflower Oil 1L,Groceries,105,202
2025-08-04,P002,Sunflower Oil 1L,Groceries,107,235
2025-08-05,P002,Sunflower Oil 1L,Groceries,75,204
2025-08-06,P002,Sunflower Oil 1L,Groceries,75,185
2025-08-07,P002,Sunflower Oil 1L,Groceries,76,205
2025-08-08,P002,Sunflower Oil 1L,Groceries,98,230
2025-08-09,P002,Sunflower Oil 1L,Groceries,105,201
2025-08-10,P002,Sunflower Oil 1L,Groceries,120,193
2025-08-11,P002,Sunflower Oil 1L,Groceries,100,203
2025-08-12,P002,Sunflower Oil 1L,Groceries,75,185
2025-08-13,P002,Sunflower Oil 1L,Groceries,86,202
2025-08-14,P002,Sunflower Oil 1L,Groceries,90,194
2025-08-15,P002,Sunflower Oil 1L,Groceries,91,254
2025-08-16,P002,Sunflower Oil 1L,Groceries,98,166
2025-08-17,P002,Sunflower Oil 1L,Groceries,128,188
2025-08-18,P002,Sunflower Oil 1L,Groceries,95,193
2025-08-19,P002,Sunflower Oil 1L,Groceries,86,186
2025-08-20,P002,Sunflower Oil 1L,Groceries,74,214
2025-08-21,P002,Sunflower Oil 1L,Groceries,70,191
2025-08-22,P002,Sunflower Oil 1L,Groceries,86,176
2025-08-23,P002,Sunflower Oil 1L,Groceries,106,207
2025-08-24,P002,Sunflower Oil 1L,Groceries,110,199
2025-08-25,P002,Sunflower Oil 1L,Groceries,97,192
2025-08-26,P002,Sunflower Oil 1L,Groceries,90,234
2025-08-27,P002,Sunflower Oil 1L,Groceries,73,215
2025-08-28,P002,Sunflower Oil 1L,Groceries,77,212
2025-08-29,P002,Sunflower Oil 1L,Groceries,105,215
2025-08-30,P002,Sunflower Oil 1L,Groceries,92,214
2025-08-31,P002,Sunflower Oil 1L,Groceries,130,200
2025-09-01,P002,Sunflower Oil 1L,Groceries,108,191
2025-09-02,P002,Sunflower Oil 1L,Groceries,73,208
2025-09-03,P002,Sunflower Oil 1L,Groceries,64,200
2025-09-04,P002,Sunflower Oil 1L,Groceries,91,166
2025-09-05,P002,Sunflower Oil 1L,Groceries,80,184
2025-09-06,P002,Sunflower Oil 1L,Groceries,113,198
2025-09-07,P002,Sunflower Oil 1L,Groceries,134,225
2025-09-08,P002,Sunflower Oil 1L,Groceries,104,208
2025-09-09,P002,Sunflower Oil 1L,Groceries,90,187
2025-09-10,P002,Sunflower Oil 1L,Groceries,85,182
2025-09-11,P002,Sunflower Oil 1L,Groceries,88,229
2025-09-12,P002,Sunflower Oil 1L,Groceries,95,201
2025-09-13,P002,Sunflower Oil 1L,Groceries,120,146
2025-09-14,P002,Sunflower Oil 1L,Groceries,123,203
2025-09-15,P002,Sunflower Oil 1L,Groceries,100,219
2025-09-16,P002,Sunflower Oil 1L,Groceries,87,182
2025-09-17,P002,Sunflower Oil 1L,Groceries,79,206
2025-09-18,P002,Sunflower Oil 1L,Groceries,84,208
2025-09-19,P002,Sunflower Oil 1L,Groceries,104,183
2025-09-20,P002,Sunflower Oil 1L,Groceries,120,231
2025-09-21,P002,Sunflower Oil 1L,Groceries,100,209
2025-09-22,P002,Sunflower Oil 1L,Groceries,96,197
2025-09-23,P002,Sunflower Oil 1L,Groceries,81,202
2025-09-24,P002,Sunflower Oil 1L,Groceries,96,179
2025-09-25,P002,Sunflower Oil 1L,Groceries,74,178
2025-09-26,P002,Sunflower Oil 1L,Groceries,113,196
2025-09-27,P002,Sunflower Oil 1L,Groceries,119,197
2025-09-28,P002,Sunflower Oil 1L,Groceries,112,200
2025-09-29,P002,Sunflower Oil 1L,Groceries,130,234
2025-09-30,P002,Sunflower Oil 1L,Groceries,83,218
2025-10-01,P002,Sunflower Oil 1L,Groceries,92,169
2025-10-02,P002,Sunflower Oil 1L,Groceries,115,229
2025-10-03,P002,Sunflower Oil 1L,Groceries,132,195
2025-10-04,P002,Sunflower Oil 1L,Groceries,146,220
2025-10-05,P002,Sunflower Oil 1L,Groceries,159,197
2025-10-06,P002,Sunflower Oil 1L,Groceries,108,207
2025-10-07,P002,Sunflower Oil 1L,Groceries,125,180
2025-10-08,P002,Sunflower Oil 1L,Groceries,109,212
2025-10-09,P002,Sunflower Oil 1L,Groceries,114,223
2025-10-10,P002,Sunflower Oil 1L,Groceries,113,172
2025-10-11,P002,Sunflower Oil 1L,Groceries,142,223
2025-10-12,P002,Sunflower Oil 1L,Groceries,147,191
2025-10-13,P002,Sunflower Oil 1L,Groceries,107,241
2025-10-14,P002,Sunflower Oil 1L,Groceries,124,221
2025-10-15,P002,Sunflower Oil 1L,Groceries,114,217
2025-10-16,P002,Sunflower Oil 1L,Groceries,105,202
2025-10-17,P002,Sunflower Oil 1L,Groceries,118,259
2025-10-18,P002,Sunflower Oil 1L,Groceries,162,195
2025-10-19,P002,Sunflower Oil 1L,Groceries,165,184
2025-10-20,P002,Sunflower Oil 1L,Groceries,154,191
2025-10-21,P002,Sunflower Oil 1L,Groceries,122,227
2025-10-22,P002,Sunflower Oil 1L,Groceries,110,207
2025-10-23,P002,Sunflower Oil 1L,Groceries,109,204
2025-10-24,P002,Sunflower Oil 1L,Groceries,118,196
2025-10-25,P002,Sunflower Oil 1L,Groceries,178,203
2025-10-26,P002,Sunflower Oil 1L,Groceries,148,194
2025-10-27,P002,Sunflower Oil 1L,Groceries,151,219
2025-10-28,P002,Sunflower Oil 1L,Groceries,125,200
2025-10-29,P002,Sunflower Oil 1L,Groceries,113,192
2025-10-30,P002,Sunflower Oil 1L,Groceries,108,225
2025-10-31,P002,Sunflower Oil 1L,Groceries,138,185
2025-11-01,P002,Sunflower Oil 1L,Groceries,144,207
2025-11-02,P002,Sunflower Oil 1L,Groceries,191,166
2025-11-03,P002,Sunflower Oil 1L,Groceries,142,177
2025-11-04,P002,Sunflower Oil 1L,Groceries,113,198
2025-11-05,P002,Sunflower Oil 1L,Groceries,104,194
2025-11-06,P002,Sunflower Oil 1L,Groceries,113,194
2025-11-07,P002,Sunflower Oil 1L,Groceries,110,221
2025-11-08,P002,Sunflower Oil 1L,Groceries,172,222
2025-11-09,P002,Sunflower Oil 1L,Groceries,140,211
2025-11-10,P002,Sunflower Oil 1L,Groceries,149,184
2025-11-11,P002,Sunflower Oil 1L,Groceries,122,203
2025-11-12,P002,Sunflower Oil 1L,Groceries,131,244
2025-11-13,P002,Sunflower Oil 1L,Groceries,95,256
2025-11-14,P002,Sunflower Oil 1L,Groceries,119,225
2025-11-15,P002,Sunflower Oil 1L,Groceries,178,185
2025-11-16,P002,Sunflower Oil 1L,Groceries,176,203
2025-11-17,P002,Sunflower Oil 1L,Groceries,150,210
2025-11-18,P002,Sunflower Oil 1L,Groceries,138,207
2025-11-19,P002,Sunflower Oil 1L,Groceries,110,227
2025-11-20,P002,Sunflower Oil 1L,Groceries,123,220
2025-11-21,P002,Sunflower Oil 1L,Groceries,124,184
2025-11-22,P002,Sunflower Oil 1L,Groceries,155,192
2025-11-23,P002,Sunflower Oil 1L,Groceries,183,225
2025-11-24,P002,Sunflower Oil 1L,Groceries,141,234
2025-11-25,P002,Sunflower Oil 1L,Groceries,142,210
2025-11-26,P002,Sunflower Oil 1L,Groceries,104,237
2025-11-27,P002,Sunflower Oil 1L,Groceries,117,208
2025-11-28,P002,Sunflower Oil 1L,Groceries,130,187
2025-11-29,P002,Sunflower Oil 1L,Groceries,142,218
2025-11-30,P002,Sunflower Oil 1L,Groceries,159,268
2025-12-01,P002,Sunflower Oil 1L,Groceries,106,179
2025-12-02,P002,Sunflower Oil 1L,Groceries,109,236
2025-12-03,P002,Sunflower Oil 1L,Groceries,95,217
2025-12-04,P002,Sunflower Oil 1L,Groceries,79,191
2025-12-05,P002,Sunflower Oil 1L,Groceries,99,166
2025-12-06,P002,Sunflower Oil 1L,Groceries,140,159
2025-12-07,P002,Sunflower Oil 1L,Groceries,124,194
2025-12-08,P002,Sunflower Oil 1L,Groceries,110,213
2025-12-09,P002,Sunflower Oil 1L,Groceries,108,223
2025-12-10,P002,Sunflower Oil 1L,Groceries,102,228
2025-12-11,P002,Sunflower Oil 1L,Groceries,98,211
2025-12-12,P002,Sunflower Oil 1L,Groceries,118,208
2025-12-13,P002,Sunflower Oil 1L,Groceries,134,198
2025-12-14,P002,Sunflower Oil 1L,Groceries,132,214
2025-12-15,P002,Sunflower Oil 1L,Groceries,120,191
2025-12-16,P002,Sunflower Oil 1L,Groceries,99,180
2025-12-17,P002,Sunflower Oil 1L,Groceries,105,207
2025-12-18,P002,Sunflower Oil 1L,Groceries,91,222
2025-12-19,P002,Sunflower Oil 1L,Groceries,107,176
2025-12-20,P002,Sunflower Oil 1L,Groceries,155,194
2025-12-21,P002,Sunflower Oil 1L,Groceries,139,206
2025-12-22,P002,Sunflower Oil 1L,Groceries,136,205
2025-12-23,P002,Sunflower Oil 1L,Groceries,94,216
2025-12-24,P002,Sunflower Oil 1L,Groceries,92,244
2025-12-25,P002,Sunflower Oil 1L,Groceries,100,159
2025-12-26,P002,Sunflower Oil 1L,Groceries,118,245
2025-12-27,P002,Sunflower Oil 1L,Groceries,164,243
2025-12-28,P002,Sunflower Oil 1L,Groceries,131,224
2025-12-29,P002,Sunflower Oil 1L,Groceries,114,210
2025-12-30,P002,Sunflower Oil 1L,Groceries,94,192
2025-12-31,P002,Sunflower Oil 1L,Groceries,91,223
2024-01-01,P003,Sugar 1kg,Groceries,105,208
2024-01-02,P003,Sugar 1kg,Groceries,88,222
2024-01-03,P003,Sugar 1kg,Groceries,101,268
2024-01-04,P003,Sugar 1kg,Groceries,116,222
2024-01-05,P003,Sugar 1kg,Groceries,86,198
2024-01-06,P003,Sugar 1kg,Groceries,156,230
2024-01-07,P003,Sugar 1kg,Groceries,119,279
2024-01-08,P003,Sugar 1kg,Groceries,115,241
2024-01-09,P003,Sugar 1kg,Groceries,89,237
2024-01-10,P003,Sugar 1kg,Groceries,95,278
2024-01-11,P003,Sugar 1kg,Groceries,109,257
2024-01-12,P003,Sugar 1kg,Groceries,133,212
2024-01-13,P003,Sugar 1kg,Groceries,147,233
2024-01-14,P003,Sugar 1kg,Groceries,96,189
2024-01-15,P003,Sugar 1kg,Groceries,92,253
2024-01-16,P003,Sugar 1kg,Groceries,92,244
2024-01-17,P003,Sugar 1kg,Groceries,110,210
2024-01-18,P003,Sugar 1kg,Groceries,104,247
2024-01-19,P003,Sugar 1kg,Groceries,110,241
2024-01-20,P003,Sugar 1kg,Groceries,114,274
2024-01-21,P003,Sugar 1kg,Groceries,119,289
2024-01-22,P003,Sugar 1kg,Groceries,101,265
2024-01-23,P003,Sugar 1kg,Groceries,90,239
2024-01-24,P003,Sugar 1kg,Groceries,87,243
2024-01-25,P003,Sugar 1kg,Groceries,107,221
2024-01-26,P003,Sugar 1kg,Groceries,117,225
2024-01-27,P003,Sugar 1kg,Groceries,167,238
2024-01-28,P003,Sugar 1kg,Groceries,147,235
2024-01-29,P003,Sugar 1kg,Groceries,104,208
2024-01-30,P003,Sugar 1kg,Groceries,86,245
2024-01-31,P003,Sugar 1kg,Groceries,106,245
2024-02-01,P003,Sugar 1kg,Groceries,118,255
2024-02-02,P003,Sugar 1kg,Groceries,137,239
2024-02-03,P003,Sugar 1kg,Groceries,167,228
2024-02-04,P003,Sugar 1kg,Groceries,117,211
2024-02-05,P003,Sugar 1kg,Groceries,124,260
2024-02-06,P003,Sugar 1kg,Groceries,87,270
2024-02-07,P003,Sugar 1kg,Groceries,97,287
2024-02-08,P003,Sugar 1kg,Groceries,87,234
2024-02-09,P003,Sugar 1kg,Groceries,111,193
2024-02-10,P003,Sugar 1kg,Groceries,148,234
2024-02-11,P003,Sugar 1kg,Groceries,135,297
2024-02-12,P003,Sugar 1kg,Groceries,96,230
2024-02-13,P003,Sugar 1kg,Groceries,90,264
2024-02-14,P003,Sugar 1kg,Groceries,85,225
2024-02-15,P003,Sugar 1kg,Groceries,113,249
2024-02-16,P003,Sugar 1kg,Groceries,92,211
2024-02-17,P003,Sugar 1kg,Groceries,153,250
2024-02-18,P003,Sugar 1kg,Groceries,115,236
2024-02-19,P003,Sugar 1kg,Groceries,99,258
2024-02-20,P003,Sugar 1kg,Groceries,76,220
2024-02-21,P003,Sugar 1kg,Groceries,92,238
2024-02-22,P003,Sugar 1kg,Groceries,107,210
2024-02-23,P003,Sugar 1kg,Groceries,119,266
2024-02-24,P003,Sugar 1kg,Groceries,138,243
2024-02-25,P003,Sugar 1kg,Groceries,122,220
2024-02-26,P003,Sugar 1kg,Groceries,97,270
2024-02-27,P003,Sugar 1kg,Groceries,86,219
2024-02-28,P003,Sugar 1kg,Groceries,84,245
2024-02-29,P003,Sugar 1kg,Groceries,96,252
2024-03-01,P003,Sugar 1kg,Groceries,119,261
2024-03-02,P003,Sugar 1kg,Groceries,149,264
2024-03-03,P003,Sugar 1kg,Groceries,111,218
2024-03-04,P003,Sugar 1kg,Groceries,96,229
2024-03-05,P003,Sugar 1kg,Groceries,77,229
2024-03-06,P003,Sugar 1kg,Groceries,83,224
2024-03-07,P003,Sugar 1kg,Groceries,96,268
2024-03-08,P003,Sugar 1kg,Groceries,114,299
2024-03-09,P003,Sugar 1kg,Groceries,131,233
2024-03-10,P003,Sugar 1kg,Groceries,121,246
2024-03-11,P003,Sugar 1kg,Groceries,100,290
2024-03-12,P003,Sugar 1kg,Groceries,78,261
2024-03-13,P003,Sugar 1kg,Groceries,88,202
2024-03-14,P003,Sugar 1kg,Groceries,105,270
2024-03-15,P003,Sugar 1kg,Groceries,101,240
2024-03-16,P003,Sugar 1kg,Groceries,105,210
2024-03-17,P003,Sugar 1kg,Groceries,132,229
2024-03-18,P003,Sugar 1kg,Groceries,84,246
2024-03-19,P003,Sugar 1kg,Groceries,80,229
2024-03-20,P003,Sugar 1kg,Groceries,92,212
2024-03-21,P003,Sugar 1kg,Groceries,88,244
2024-03-22,P003,Sugar 1kg,Groceries,120,270
2024-03-23,P003,Sugar 1kg,Groceries,117,262
2024-03-24,P003,Sugar 1kg,Groceries,109,284
2024-03-25,P003,Sugar 1kg,Groceries,83,272
2024-03-26,P003,Sugar 1kg,Groceries,78,288
2024-03-27,P003,Sugar 1kg,Groceries,89,216
2024-03-28,P003,Sugar 1kg,Groceries,91,259
2024-03-29,P003,Sugar 1kg,Groceries,120,238
2024-03-30,P003,Sugar 1kg,Groceries,125,258
2024-03-31,P003,Sugar 1kg,Groceries,118,209
2024-04-01,P003,Sugar 1kg,Groceries,85,246
2024-04-02,P003,Sugar 1kg,Groceries,92,279
2024-04-03,P003,Sugar 1kg,Groceries,90,247
2024-04-04,P003,Sugar 1kg,Groceries,101,224
2024-04-05,P003,Sugar 1kg,Groceries,105,220
2024-04-06,P003,Sugar 1kg,Groceries,107,248
2024-04-07,P003,Sugar 1kg,Groceries,117,257
2024-04-08,P003,Sugar 1kg,Groceries,96,246
2024-04-09,P003,Sugar 1kg,Groceries,86,239
2024-04-10,P003,Sugar 1kg,Groceries,86,223
2024-04-11,P003,Sugar 1kg,Groceries,97,256
2024-04-12,P003,Sugar 1kg,Groceries,99,241
2024-04-13,P003,Sugar 1kg,Groceries,114,227
2024-04-14,P003,Sugar 1kg,Groceries,101,270
2024-04-15,P003,Sugar 1kg,Groceries,100,253
2024-04-16,P003,Sugar 1kg,Groceries,96,235
2024-04-17,P003,Sugar 1kg,Groceries,106,235
2024-04-18,P003,Sugar 1kg,Groceries,95,230
2024-04-19,P003,Sugar 1kg,Groceries,108,260
2024-04-20,P003,Sugar 1kg,Groceries,119,283
2024-04-21,P003,Sugar 1kg,Groceries,115,246
2024-04-22,P003,Sugar 1kg,Groceries,81,250
2024-04-23,P003,Sugar 1kg,Groceries,79,225
2024-04-24,P003,Sugar 1kg,Groceries,74,304
2024-04-25,P003,Sugar 1kg,Groceries,89,205
2024-04-26,P003,Sugar 1kg,Groceries,96,239
2024-04-27,P003,Sugar 1kg,Groceries,125,253
2024-04-28,P003,Sugar 1kg,Groceries,119,225
2024-04-29,P003,Sugar 1kg,Groceries,91,219
2024-04-30,P003,Sugar 1kg,Groceries,74,218
2024-05-01,P003,Sugar 1kg,Groceries,70,266
2024-05-02,P003,Sugar 1kg,Groceries,97,263
2024-05-03,P003,Sugar 1kg,Groceries,103,259
2024-05-04,P003,Sugar 1kg,Groceries,97,261
2024-05-05,P003,Sugar 1kg,Groceries,112,255
2024-05-06,P003,Sugar 1kg,Groceries,91,216
2024-05-07,P003,Sugar 1kg,Groceries,66,223
2024-05-08,P003,Sugar 1kg,Groceries,83,257
2024-05-09,P003,Sugar 1kg,Groceries,77,216
2024-05-10,P003,Sugar 1kg,Groceries,94,231
2024-05-11,P003,Sugar 1kg,Groceries,101,206
2024-05-12,P003,Sugar 1kg,Groceries,100,242
2024-05-13,P003,Sugar 1kg,Groceries,76,237
2024-05-14,P003,Sugar 1kg,Groceries,86,209
2024-05-15,P003,Sugar 1kg,Groceries,77,265
2024-05-16,P003,Sugar 1kg,Groceries,85,226
2024-05-17,P003,Sugar 1kg,Groceries,112,233
2024-05-18,P003,Sugar 1kg,Groceries,128,250
2024-05-19,P003,Sugar 1kg,Groceries,105,252
2024-05-20,P003,Sugar 1kg,Groceries,89,265
2024-05-21,P003,Sugar 1kg,Groceries,73,241
2024-05-22,P003,Sugar 1kg,Groceries,77,257
2024-05-23,P003,Sugar 1kg,Groceries,79,264
2024-05-24,P003,Sugar 1kg,Groceries,105,208
2024-05-25,P003,Sugar 1kg,Groceries,129,294
2024-05-26,P003,Sugar 1kg,Groceries,119,274
2024-05-27,P003,Sugar 1kg,Groceries,86,200
2024-05-28,P003,Sugar 1kg,Groceries,62,246
2024-05-29,P003,Sugar 1kg,Groceries,73,218
2024-05-30,P003,Sugar 1kg,Groceries,87,255
2024-05-31,P003,Sugar 1kg,Groceries,85,229
2024-06-01,P003,Sugar 1kg,Groceries,132,214
2024-06-02,P003,Sugar 1kg,Groceries,117,228
2024-06-03,P003,Sugar 1kg,Groceries,90,266
2024-06-04,P003,Sugar 1kg,Groceries,82,262
2024-06-05,P003,Sugar 1kg,Groceries,68,267
2024-06-06,P003,Sugar 1kg,Groceries,80,246
2024-06-07,P003,Sugar 1kg,Groceries,102,252
2024-06-08,P003,Sugar 1kg,Groceries,118,220
2024-06-09,P003,Sugar 1kg,Groceries,93,261
2024-06-10,P003,Sugar 1kg,Groceries,87,268
2024-06-11,P003,Sugar 1kg,Groceries,76,206
2024-06-12,P003,Sugar 1kg,Groceries,85,231
2024-06-13,P003,Sugar 1kg,Groceries,90,224
2024-06-14,P003,Sugar 1kg,Groceries,116,219
2024-06-15,P003,Sugar 1kg,Groceries,110,243
2024-06-16,P003,Sugar 1kg,Groceries,95,248
2024-06-17,P003,Sugar 1kg,Groceries,99,228
2024-06-18,P003,Sugar 1kg,Groceries,79,174
2024-06-19,P003,Sugar 1kg,Groceries,77,232
2024-06-20,P003,Sugar 1kg,Groceries,80,266
2024-06-21,P003,Sugar 1kg,Groceries,96,236
2024-06-22,P003,Sugar 1kg,Groceries,110,194
2024-06-23,P003,Sugar 1kg,Groceries,95,263
2024-06-24,P003,Sugar 1kg,Groceries,67,222
2024-06-25,P003,Sugar 1kg,Groceries,73,282
2024-06-26,P003,Sugar 1kg,Groceries,83,227
2024-06-27,P003,Sugar 1kg,Groceries,99,222
2024-06-28,P003,Sugar 1kg,Groceries,110,207
2024-06-29,P003,Sugar 1kg,Groceries,127,230
2024-06-30,P003,Sugar 1kg,Groceries,97,235
2024-07-01,P003,Sugar 1kg,Groceries,88,228
2024-07-02,P003,Sugar 1kg,Groceries,81,226
2024-07-03,P003,Sugar 1kg,Groceries,83,251
2024-07-04,P003,Sugar 1kg,Groceries,88,229
2024-07-05,P003,Sugar 1kg,Groceries,102,253
2024-07-06,P003,Sugar 1kg,Groceries,139,263
2024-07-07,P003,Sugar 1kg,Groceries,119,314
2024-07-08,P003,Sugar 1kg,Groceries,91,252
2024-07-09,P003,Sugar 1kg,Groceries,83,216
2024-07-10,P003,Sugar 1kg,Groceries,75,228
2024-07-11,P003,Sugar 1kg,Groceries,95,236
2024-07-12,P003,Sugar 1kg,Groceries,102,266
2024-07-13,P003,Sugar 1kg,Groceries,126,236
2024-07-14,P003,Sugar 1kg,Groceries,102,267
2024-07-15,P003,Sugar 1kg,Groceries,94,201
2024-07-16,P003,Sugar 1kg,Groceries,75,244
2024-07-17,P003,Sugar 1kg,Groceries,85,262
2024-07-18,P003,Sugar 1kg,Groceries,92,254
2024-07-19,P003,Sugar 1kg,Groceries,102,224
2024-07-20,P003,Sugar 1kg,Groceries,114,240
2024-07-21,P003,Sugar 1kg,Groceries,110,195
2024-07-22,P003,Sugar 1kg,Groceries,84,241
2024-07-23,P003,Sugar 1kg,Groceries,76,234
2024-07-24,P003,Sugar 1kg,Groceries,84,214
2024-07-25,P003,Sugar 1kg,Groceries,76,232
2024-07-26,P003,Sugar 1kg,Groceries,111,281
2024-07-27,P003,Sugar 1kg,Groceries,128,205
2024-07-28,P003,Sugar 1kg,Groceries,109,246
2024-07-29,P003,Sugar 1kg,Groceries,90,253
2024-07-30,P003,Sugar 1kg,Groceries,72,242
2024-07-31,P003,Sugar 1kg,Groceries,84,260
2024-08-01,P003,Sugar 1kg,Groceries,84,232
2024-08-02,P003,Sugar 1kg,Groceries,76,225
2024-08-03,P003,Sugar 1kg,Groceries,114,216
2024-08-04,P003,Sugar 1kg,Groceries,115,239
2024-08-05,P003,Sugar 1kg,Groceries,69,245
2024-08-06,P003,Sugar 1kg,Groceries,73,252
2024-08-07,P003,Sugar 1kg,Groceries,71,241
2024-08-08,P003,Sugar 1kg,Groceries,90,247
2024-08-09,P003,Sugar 1kg,Groceries,107,234
2024-08-10,P003,Sugar 1kg,Groceries,103,205
2024-08-11,P003,Sugar 1kg,Groceries,108,240
2024-08-12,P003,Sugar 1kg,Groceries,85,255
2024-08-13,P003,Sugar 1kg,Groceries,79,217
2024-08-14,P003,Sugar 1kg,Groceries,80,245
2024-08-15,P003,Sugar 1kg,Groceries,97,285
2024-08-16,P003,Sugar 1kg,Groceries,100,238
2024-08-17,P003,Sugar 1kg,Groceries,129,239
2024-08-18,P003,Sugar 1kg,Groceries,110,203
2024-08-19,P003,Sugar 1kg,Groceries,88,214
2024-08-20,P003,Sugar 1kg,Groceries,68,221
2024-08-21,P003,Sugar 1kg,Groceries,75,254
2024-08-22,P003,Sugar 1kg,Groceries,101,218
2024-08-23,P003,Sugar 1kg,Groceries,106,195
2024-08-24,P003,Sugar 1kg,Groceries,119,250
2024-08-25,P003,Sugar 1kg,Groceries,128,223
2024-08-26,P003,Sugar 1kg,Groceries,104,204
2024-08-27,P003,Sugar 1kg,Groceries,74,257
2024-08-28,P003,Sugar 1kg,Groceries,100,252
2024-08-29,P003,Sugar 1kg,Groceries,97,187
2024-08-30,P003,Sugar 1kg,Groceries,88,243
2024-08-31,P003,Sugar 1kg,Groceries,123,213
2024-09-01,P003,Sugar 1kg,Groceries,121,243
2024-09-02,P003,Sugar 1kg,Groceries,104,243
2024-09-03,P003,Sugar 1kg,Groceries,96,240
2024-09-04,P003,Sugar 1kg,Groceries,86,266
2024-09-05,P003,Sugar 1kg,Groceries,89,308
2024-09-06,P003,Sugar 1kg,Groceries,116,249
2024-09-07,P003,Sugar 1kg,Groceries,136,285
2024-09-08,P003,Sugar 1kg,Groceries,131,201
2024-09-09,P003,Sugar 1kg,Groceries,111,232
2024-09-10,P003,Sugar 1kg,Groceries,88,209
2024-09-11,P003,Sugar 1kg,Groceries,93,224
2024-09-12,P003,Sugar 1kg,Groceries,101,233
2024-09-13,P003,Sugar 1kg,Groceries,136,288
2024-09-14,P003,Sugar 1kg,Groceries,132,242
2024-09-15,P003,Sugar 1kg,Groceries,119,267
2024-09-16,P003,Sugar 1kg,Groceries,95,230
2024-09-17,P003,Sugar 1kg,Groceries,97,227
2024-09-18,P003,Sugar 1kg,Groceries,89,202
2024-09-19,P003,Sugar 1kg,Groceries,109,287
2024-09-20,P003,Sugar 1kg,Groceries,124,275
2024-09-21,P003,Sugar 1kg,Groceries,122,246
2024-09-22,P003,Sugar 1kg,Groceries,114,235
2024-09-23,P003,Sugar 1kg,Groceries,108,242
2024-09-24,P003,Sugar 1kg,Groceries,77,208
2024-09-25,P003,Sugar 1kg,Groceries,79,252
2024-09-26,P003,Sugar 1kg,Groceries,125,273
2024-09-27,P003,Sugar 1kg,Groceries,96,274
2024-09-28,P003,Sugar 1kg,Groceries,149,203
2024-09-29,P003,Sugar 1kg,Groceries,124,266
2024-09-30,P003,Sugar 1kg,Groceries,108,209
2024-10-01,P003,Sugar 1kg,Groceries,118,189
2024-10-02,P003,Sugar 1kg,Groceries,111,267
2024-10-03,P003,Sugar 1kg,Groceries,129,228
2024-10-04,P003,Sugar 1kg,Groceries,159,263
2024-10-05,P003,Sugar 1kg,Groceries,191,261
2024-10-06,P003,Sugar 1kg,Groceries,176,258
2024-10-07,P003,Sugar 1kg,Groceries,130,242
2024-10-08,P003,Sugar 1kg,Groceries,111,211
2024-10-09,P003,Sugar 1kg,Groceries,104,233
2024-10-10,P003,Sugar 1kg,Groceries,134,275
2024-10-11,P003,Sugar 1kg,Groceries,148,264
2024-10-12,P003,Sugar 1kg,Groceries,190,234
2024-10-13,P003,Sugar 1kg,Groceries,171,234
2024-10-14,P003,Sugar 1kg,Groceries,145,255
2024-10-15,P003,Sugar 1kg,Groceries,101,244
2024-10-16,P003,Sugar 1kg,Groceries,136,236
2024-10-17,P003,Sugar 1kg,Groceries,139,253
2024-10-18,P003,Sugar 1kg,Groceries,135,252
2024-10-19,P003,Sugar 1kg,Groceries,150,225
2024-10-20,P003,Sugar 1kg,Groceries,181,249
2024-10-21,P003,Sugar 1kg,Groceries,126,251
2024-10-22,P003,Sugar 1kg,Groceries,116,240
2024-10-23,P003,Sugar 1kg,Groceries,126,223
2024-10-24,P003,Sugar 1kg,Groceries,135,233
2024-10-25,P003,Sugar 1kg,Groceries,129,218
2024-10-26,P003,Sugar 1kg,Groceries,204,249
2024-10-27,P003,Sugar 1kg,Groceries,144,203
2024-10-28,P003,Sugar 1kg,Groceries,130,277
2024-10-29,P003,Sugar 1kg,Groceries,116,271
2024-10-30,P003,Sugar 1kg,Groceries,124,251
2024-10-31,P003,Sugar 1kg,Groceries,118,263
2024-11-01,P003,Sugar 1kg,Groceries,150,261
2024-11-02,P003,Sugar 1kg,Groceries,164,244
2024-11-03,P003,Sugar 1kg,Groceries,174,236
2024-11-04,P003,Sugar 1kg,Groceries,139,234
2024-11-05,P003,Sugar 1kg,Groceries,112,279
2024-11-06,P003,Sugar 1kg,Groceries,134,222
2024-11-07,P003,Sugar 1kg,Groceries,146,222
2024-11-08,P003,Sugar 1kg,Groceries,138,265
2024-11-09,P003,Sugar 1kg,Groceries,150,262
2024-11-10,P003,Sugar 1kg,Groceries,166,235
2024-11-11,P003,Sugar 1kg,Groceries,141,254
2024-11-12,P003,Sugar 1kg,Groceries,111,257
2024-11-13,P003,Sugar 1kg,Groceries,124,210
2024-11-14,P003,Sugar 1kg,Groceries,137,273
2024-11-15,P003,Sugar 1kg,Groceries,185,257
2024-11-16,P003,Sugar 1kg,Groceries,161,252
2024-11-17,P003,Sugar 1kg,Groceries,186,257
2024-11-18,P003,Sugar 1kg,Groceries,147,249
2024-11-19,P003,Sugar 1kg,Groceries,121,225
2024-11-20,P003,Sugar 1kg,Groceries,100,248
2024-11-21,P003,Sugar 1kg,Groceries,143,253
2024-11-22,P003,Sugar 1kg,Groceries,139,255
2024-11-23,P003,Sugar 1kg,Groceries,222,242
2024-11-24,P003,Sugar 1kg,Groceries,172,247
2024-11-25,P003,Sugar 1kg,Groceries,166,215
2024-11-26,P003,Sugar 1kg,Groceries,126,221
2024-11-27,P003,Sugar 1kg,Groceries,118,239
2024-11-28,P003,Sugar 1kg,Groceries,161,283
2024-11-29,P003,Sugar 1kg,Groceries,169,231
2024-11-30,P003,Sugar 1kg,Groceries,232,230
2024-12-01,P003,Sugar 1kg,Groceries,135,197
2024-12-02,P003,Sugar 1kg,Groceries,130,263
2024-12-03,P003,Sugar 1kg,Groceries,126,207
2024-12-04,P003,Sugar 1kg,Groceries,118,242
2024-12-05,P003,Sugar 1kg,Groceries,127,200
2024-12-06,P003,Sugar 1kg,Groceries,153,259
2024-12-07,P003,Sugar 1kg,Groceries,152,255
2024-12-08,P003,Sugar 1kg,Groceries,133,226
2024-12-09,P003,Sugar 1kg,Groceries,109,196
2024-12-10,P003,Sugar 1kg,Groceries,111,269
2024-12-11,P003,Sugar 1kg,Groceries,96,248
2024-12-12,P003,Sugar 1kg,Groceries,115,248
2024-12-13,P003,Sugar 1kg,Groceries,125,219
2024-12-14,P003,Sugar 1kg,Groceries,170,238
2024-12-15,P003,Sugar 1kg,Groceries,174,241
2024-12-16,P003,Sugar 1kg,Groceries,104,269
2024-12-17,P003,Sugar 1kg,Groceries,109,257
2024-12-18,P003,Sugar 1kg,Groceries,116,224
2024-12-19,P003,Sugar 1kg,Groceries,117,236
2024-12-20,P003,Sugar 1kg,Groceries,117,234
2024-12-21,P003,Sugar 1kg,Groceries,175,246
2024-12-22,P003,Sugar 1kg,Groceries,125,203
2024-12-23,P003,Sugar 1kg,Groceries,134,238
2024-12-24,P003,Sugar 1kg,Groceries,96,233
2024-12-25,P003,Sugar 1kg,Groceries,89,274
2024-12-26,P003,Sugar 1kg,Groceries,114,273
2024-12-27,P003,Sugar 1kg,Groceries,135,274
2024-12-28,P003,Sugar 1kg,Groceries,158,260
2024-12-29,P003,Sugar 1kg,Groceries,155,255
2024-12-30,P003,Sugar 1kg,Groceries,119,234
2024-12-31,P003,Sugar 1kg,Groceries,123,218
2025-01-01,P003,Sugar 1kg,Groceries,104,240
2025-01-02,P003,Sugar 1kg,Groceries,123,230
2025-01-03,P003,Sugar 1kg,Groceries,139,236
2025-01-04,P003,Sugar 1kg,Groceries,130,240
2025-01-05,P003,Sugar 1kg,Groceries,129,198
2025-01-06,P003,Sugar 1kg,Groceries,117,252
2025-01-07,P003,Sugar 1kg,Groceries,108,254
2025-01-08,P003,Sugar 1kg,Groceries,84,207
2025-01-09,P003,Sugar 1kg,Groceries,142,215
2025-01-10,P003,Sugar 1kg,Groceries,142,224
2025-01-11,P003,Sugar 1kg,Groceries,155,225
2025-01-12,P003,Sugar 1kg,Groceries,153,243
2025-01-13,P003,Sugar 1kg,Groceries,110,215
2025-01-14,P003,Sugar 1kg,Groceries,105,211
2025-01-15,P003,Sugar 1kg,Groceries,109,303
2025-01-16,P003,Sugar 1kg,Groceries,134,257
2025-01-17,P003,Sugar 1kg,Groceries,133,193
2025-01-18,P003,Sugar 1kg,Groceries,133,271
2025-01-19,P003,Sugar 1kg,Groceries,133,223
2025-01-20,P003,Sugar 1kg,Groceries,113,215
2025-01-21,P003,Sugar 1kg,Groceries,90,239
2025-01-22,P003,Sugar 1kg,Groceries,94,222
2025-01-23,P003,Sugar 1kg,Groceries,108,253
2025-01-24,P003,Sugar 1kg,Groceries,130,236
2025-01-25,P003,Sugar 1kg,Groceries,162,237
2025-01-26,P003,Sugar 1kg,Groceries,140,251
2025-01-27,P003,Sugar 1kg,Groceries,122,236
2025-01-28,P003,Sugar 1kg,Groceries,103,221
2025-01-29,P003,Sugar 1kg,Groceries,94,258
2025-01-30,P003,Sugar 1kg,Groceries,122,251
2025-01-31,P003,Sugar 1kg,Groceries,136,241
2025-02-01,P003,Sugar 1kg,Groceries,163,262
2025-02-02,P003,Sugar 1kg,Groceries,156,238
2025-02-03,P003,Sugar 1kg,Groceries,129,245
2025-02-04,P003,Sugar 1kg,Groceries,108,247
2025-02-05,P003,Sugar 1kg,Groceries,105,222
2025-02-06,P003,Sugar 1kg,Groceries,124,308
2025-02-07,P003,Sugar 1kg,Groceries,127,242
2025-02-08,P003,Sugar 1kg,Groceries,144,228
2025-02-09,P003,Sugar 1kg,Groceries,164,224
2025-02-10,P003,Sugar 1kg,Groceries,107,202
2025-02-11,P003,Sugar 1kg,Groceries,93,199
2025-02-12,P003,Sugar 1kg,Groceries,108,307
2025-02-13,P003,Sugar 1kg,Groceries,111,200
2025-02-14,P003,Sugar 1kg,Groceries,142,223
2025-02-15,P003,Sugar 1kg,Groceries,169,233
2025-02-16,P003,Sugar 1kg,Groceries,132,236
2025-02-17,P003,Sugar 1kg,Groceries,120,235
2025-02-18,P003,Sugar 1kg,Groceries,95,235
2025-02-19,P003,Sugar 1kg,Groceries,88,250
2025-02-20,P003,Sugar 1kg,Groceries,94,229
2025-02-21,P003,Sugar 1kg,Groceries,139,247
2025-02-22,P003,Sugar 1kg,Groceries,157,238
2025-02-23,P003,Sugar 1kg,Groceries,156,262
2025-02-24,P003,Sugar 1kg,Groceries,115,262
2025-02-25,P003,Sugar 1kg,Groceries,106,229
2025-02-26,P003,Sugar 1kg,Groceries,86,250
2025-02-27,P003,Sugar 1kg,Groceries,119,266
2025-02-28,P003,Sugar 1kg,Groceries,116,218
2025-03-01,P003,Sugar 1kg,Groceries,154,238
2025-03-02,P003,Sugar 1kg,Groceries,112,249
2025-03-03,P003,Sugar 1kg,Groceries,89,217
2025-03-04,P003,Sugar 1kg,Groceries,111,284
2025-03-05,P003,Sugar 1kg,Groceries,87,232
2025-03-06,P003,Sugar 1kg,Groceries,112,283
2025-03-07,P003,Sugar 1kg,Groceries,120,229
2025-03-08,P003,Sugar 1kg,Groceries,168,231
2025-03-09,P003,Sugar 1kg,Groceries,146,205
2025-03-10,P003,Sugar 1kg,Groceries,106,200
2025-03-11,P003,Sugar 1kg,Groceries,86,260
2025-03-12,P003,Sugar 1kg,Groceries,97,232
2025-03-13,P003,Sugar 1kg,Groceries,102,235
2025-03-14,P003,Sugar 1kg,Groceries,129,264
2025-03-15,P003,Sugar 1kg,Groceries,106,220
2025-03-16,P003,Sugar 1kg,Groceries,137,238
2025-03-17,P003,Sugar 1kg,Groceries,111,246
2025-03-18,P003,Sugar 1kg,Groceries,92,227
2025-03-19,P003,Sugar 1kg,Groceries,94,268
2025-03-20,P003,Sugar 1kg,Groceries,101,238
2025-03-21,P003,Sugar 1kg,Groceries,126,277
2025-03-22,P003,Sugar 1kg,Groceries,138,263
2025-03-23,P003,Sugar 1kg,Groceries,149,238
2025-03-24,P003,Sugar 1kg,Groceries,103,232
2025-03-25,P003,Sugar 1kg,Groceries,92,261
2025-03-26,P003,Sugar 1kg,Groceries,97,246
2025-03-27,P003,Sugar 1kg,Groceries,96,217
2025-03-28,P003,Sugar 1kg,Groceries,148,236
2025-03-29,P003,Sugar 1kg,Groceries,129,274
2025-03-30,P003,Sugar 1kg,Groceries,135,254
2025-03-31,P003,Sugar 1kg,Groceries,103,232
2025-04-01,P003,Sugar 1kg,Groceries,91,207
2025-04-02,P003,Sugar 1kg,Groceries,93,247
2025-04-03,P003,Sugar 1kg,Groceries,126,242
2025-04-04,P003,Sugar 1kg,Groceries,93,238
2025-04-05,P003,Sugar 1kg,Groceries,176,261
2025-04-06,P003,Sugar 1kg,Groceries,119,254
2025-04-07,P003,Sugar 1kg,Groceries,95,208
2025-04-08,P003,Sugar 1kg,Groceries,89,242
2025-04-09,P003,Sugar 1kg,Groceries,76,212
2025-04-10,P003,Sugar 1kg,Groceries,105,230
2025-04-11,P003,Sugar 1kg,Groceries,124,211
2025-04-12,P003,Sugar 1kg,Groceries,147,212
2025-04-13,P003,Sugar 1kg,Groceries,149,199
2025-04-14,P003,Sugar 1kg,Groceries,91,250
2025-04-15,P003,Sugar 1kg,Groceries,106,248
2025-04-16,P003,Sugar 1kg,Groceries,97,240
2025-04-17,P003,Sugar 1kg,Groceries,93,228
2025-04-18,P003,Sugar 1kg,Groceries,104,209
2025-04-19,P003,Sugar 1kg,Groceries,141,213
2025-04-20,P003,Sugar 1kg,Groceries,131,209
2025-04-21,P003,Sugar 1kg,Groceries,104,228
2025-04-22,P003,Sugar 1kg,Groceries,102,248
2025-04-23,P003,Sugar 1kg,Groceries,102,222
2025-04-24,P003,Sugar 1kg,Groceries,103,216
2025-04-25,P003,Sugar 1kg,Groceries,112,234
2025-04-26,P003,Sugar 1kg,Groceries,124,211
2025-04-27,P003,Sugar 1kg,Groceries,108,184
2025-04-28,P003,Sugar 1kg,Groceries,89,255
2025-04-29,P003,Sugar 1kg,Groceries,75,207
2025-04-30,P003,Sugar 1kg,Groceries,106,225
2025-05-01,P003,Sugar 1kg,Groceries,105,255
2025-05-02,P003,Sugar 1kg,Groceries,123,203
2025-05-03,P003,Sugar 1kg,Groceries,129,201
2025-05-04,P003,Sugar 1kg,Groceries,154,202
2025-05-05,P003,Sugar 1kg,Groceries,88,215
2025-05-06,P003,Sugar 1kg,Groceries,75,272
2025-05-07,P003,Sugar 1kg,Groceries,110,229
2025-05-08,P003,Sugar 1kg,Groceries,87,186
2025-05-09,P003,Sugar 1kg,Groceries,111,232
2025-05-10,P003,Sugar 1kg,Groceries,123,245
2025-05-11,P003,Sugar 1kg,Groceries,128,248
2025-05-12,P003,Sugar 1kg,Groceries,94,214
2025-05-13,P003,Sugar 1kg,Groceries,93,240
2025-05-14,P003,Sugar 1kg,Groceries,96,259
2025-05-15,P003,Sugar 1kg,Groceries,86,206
2025-05-16,P003,Sugar 1kg,Groceries,105,215
2025-05-17,P003,Sugar 1kg,Groceries,140,248
2025-05-18,P003,Sugar 1kg,Groceries,135,250
2025-05-19,P003,Sugar 1kg,Groceries,99,269
2025-05-20,P003,Sugar 1kg,Groceries,90,242
2025-05-21,P003,Sugar 1kg,Groceries,100,243
2025-05-22,P003,Sugar 1kg,Groceries,96,220
2025-05-23,P003,Sugar 1kg,Groceries,120,270
2025-05-24,P003,Sugar 1kg,Groceries,128,271
2025-05-25,P003,Sugar 1kg,Groceries,97,239
2025-05-26,P003,Sugar 1kg,Groceries,96,223
2025-05-27,P003,Sugar 1kg,Groceries,106,238
2025-05-28,P003,Sugar 1kg,Groceries,83,241
2025-05-29,P003,Sugar 1kg,Groceries,79,222
2025-05-30,P003,Sugar 1kg,Groceries,123,225
2025-05-31,P003,Sugar 1kg,Groceries,118,271
2025-06-01,P003,Sugar 1kg,Groceries,137,252
2025-06-02,P003,Sugar 1kg,Groceries,91,234
2025-06-03,P003,Sugar 1kg,Groceries,79,216
2025-06-04,P003,Sugar 1kg,Groceries,78,225
2025-06-05,P003,Sugar 1kg,Groceries,88,202
2025-06-06,P003,Sugar 1kg,Groceries,114,246
2025-06-07,P003,Sugar 1kg,Groceries,150,224
2025-06-08,P003,Sugar 1kg,Groceries,124,248
2025-06-09,P003,Sugar 1kg,Groceries,93,258
2025-06-10,P003,Sugar 1kg,Groceries,92,248
2025-06-11,P003,Sugar 1kg,Groceries,84,231
2025-06-12,P003,Sugar 1kg,Groceries,85,221
2025-06-13,P003,Sugar 1kg,Groceries,104,213
2025-06-14,P003,Sugar 1kg,Groceries,134,269
2025-06-15,P003,Sugar 1kg,Groceries,109,247
2025-06-16,P003,Sugar 1kg,Groceries,86,233
2025-06-17,P003,Sugar 1kg,Groceries,79,254
2025-06-18,P003,Sugar 1kg,Groceries,81,264
2025-06-19,P003,Sugar 1kg,Groceries,96,224
2025-06-20,P003,Sugar 1kg,Groceries,97,246
2025-06-21,P003,Sugar 1kg,Groceries,139,247
2025-06-22,P003,Sugar 1kg,Groceries,147,274
2025-06-23,P003,Sugar 1kg,Groceries,93,232
2025-06-24,P003,Sugar 1kg,Groceries,89,220
2025-06-25,P003,Sugar 1kg,Groceries,97,249
2025-06-26,P003,Sugar 1kg,Groceries,101,256
2025-06-27,P003,Sugar 1kg,Groceries,131,244
2025-06-28,P003,Sugar 1kg,Groceries,127,276
2025-06-29,P003,Sugar 1kg,Groceries,132,232
2025-06-30,P003,Sugar 1kg,Groceries,96,245
2025-07-01,P003,Sugar 1kg,Groceries,89,207
2025-07-02,P003,Sugar 1kg,Groceries,74,219
2025-07-03,P003,Sugar 1kg,Groceries,89,225
2025-07-04,P003,Sugar 1kg,Groceries,119,236
2025-07-05,P003,Sugar 1kg,Groceries,131,211
2025-07-06,P003,Sugar 1kg,Groceries,116,254
2025-07-07,P003,Sugar 1kg,Groceries,102,223
2025-07-08,P003,Sugar 1kg,Groceries,88,293
2025-07-09,P003,Sugar 1kg,Groceries,87,223
2025-07-10,P003,Sugar 1kg,Groceries,98,242
2025-07-11,P003,Sugar 1kg,Groceries,111,239
2025-07-12,P003,Sugar 1kg,Groceries,111,217
2025-07-13,P003,Sugar 1kg,Groceries,120,236
2025-07-14,P003,Sugar 1kg,Groceries,92,236
2025-07-15,P003,Sugar 1kg,Groceries,87,261
2025-07-16,P003,Sugar 1kg,Groceries,87,250
2025-07-17,P003,Sugar 1kg,Groceries,95,254
2025-07-18,P003,Sugar 1kg,Groceries,118,261
2025-07-19,P003,Sugar 1kg,Groceries,140,254
2025-07-20,P003,Sugar 1kg,Groceries,122,246
2025-07-21,P003,Sugar 1kg,Groceries,108,224
2025-07-22,P003,Sugar 1kg,Groceries,82,244
2025-07-23,P003,Sugar 1kg,Groceries,93,220
2025-07-24,P003,Sugar 1kg,Groceries,100,238
2025-07-25,P003,Sugar 1kg,Groceries,89,235
2025-07-26,P003,Sugar 1kg,Groceries,130,236
2025-07-27,P003,Sugar 1kg,Groceries,142,211
2025-07-28,P003,Sugar 1kg,Groceries,91,177
2025-07-29,P003,Sugar 1kg,Groceries,84,231
2025-07-30,P003,Sugar 1kg,Groceries,85,267
2025-07-31,P003,Sugar 1kg,Groceries,111,242
2025-08-01,P003,Sugar 1kg,Groceries,112,265
2025-08-02,P003,Sugar 1kg,Groceries,133,220
2025-08-03,P003,Sugar 1kg,Groceries,104,229
2025-08-04,P003,Sugar 1kg,Groceries,108,295
2025-08-05,P003,Sugar 1kg,Groceries,90,222
2025-08-06,P003,Sugar 1kg,Groceries,80,253
2025-08-07,P003,Sugar 1kg,Groceries,85,253
2025-08-08,P003,Sugar 1kg,Groceries,127,250
2025-08-09,P003,Sugar 1kg,Groceries,132,254
2025-08-10,P003,Sugar 1kg,Groceries,130,221
2025-08-11,P003,Sugar 1kg,Groceries,120,232
2025-08-12,P003,Sugar 1kg,Groceries,98,182
2025-08-13,P003,Sugar 1kg,Groceries,104,275
2025-08-14,P003,Sugar 1kg,Groceries,105,253
2025-08-15,P003,Sugar 1kg,Groceries,126,225
2025-08-16,P003,Sugar 1kg,Groceries,145,221
2025-08-17,P003,Sugar 1kg,Groceries,121,267
2025-08-18,P003,Sugar 1kg,Groceries,113,223
2025-08-19,P003,Sugar 1kg,Groceries,85,225
2025-08-20,P003,Sugar 1kg,Groceries,100,216
2025-08-21,P003,Sugar 1kg,Groceries,110,258
2025-08-22,P003,Sugar 1kg,Groceries,120,264
2025-08-23,P003,Sugar 1kg,Groceries,135,235
2025-08-24,P003,Sugar 1kg,Groceries,118,264
2025-08-25,P003,Sugar 1kg,Groceries,96,248
2025-08-26,P003,Sugar 1kg,Groceries,93,215
2025-08-27,P003,Sugar 1kg,Groceries,89,273
2025-08-28,P003,Sugar 1kg,Groceries,110,216
2025-08-29,P003,Sugar 1kg,Groceries,127,236
2025-08-30,P003,Sugar 1kg,Groceries,190,247
2025-08-31,P003,Sugar 1kg,Groceries,128,274
2025-09-01,P003,Sugar 1kg,Groceries,87,242
2025-09-02,P003,Sugar 1kg,Groceries,114,237
2025-09-03,P003,Sugar 1kg,Groceries,80,230
2025-09-04,P003,Sugar 1kg,Groceries,126,249
2025-09-05,P003,Sugar 1kg,Groceries,114,224
2025-09-06,P003,Sugar 1kg,Groceries,136,249
2025-09-07,P003,Sugar 1kg,Groceries,154,265
2025-09-08,P003,Sugar 1kg,Groceries,113,208
2025-09-09,P003,Sugar 1kg,Groceries,84,253
2025-09-10,P003,Sugar 1kg,Groceries,85,235
2025-09-11,P003,Sugar 1kg,Groceries,115,213
2025-09-12,P003,Sugar 1kg,Groceries,114,238
2025-09-13,P003,Sugar 1kg,Groceries,154,265
2025-09-14,P003,Sugar 1kg,Groceries,146,242
2025-09-15,P003,Sugar 1kg,Groceries,101,214
2025-09-16,P003,Sugar 1kg,Groceries,93,250
2025-09-17,P003,Sugar 1kg,Groceries,103,190
2025-09-18,P003,Sugar 1kg,Groceries,105,269
2025-09-19,P003,Sugar 1kg,Groceries,130,206
2025-09-20,P003,Sugar 1kg,Groceries,184,239
2025-09-21,P003,Sugar 1kg,Groceries,145,250
2025-09-22,P003,Sugar 1kg,Groceries,107,223
2025-09-23,P003,Sugar 1kg,Groceries,121,264
2025-09-24,P003,Sugar 1kg,Groceries,110,254
2025-09-25,P003,Sugar 1kg,Groceries,104,271
2025-09-26,P003,Sugar 1kg,Groceries,120,247
2025-09-27,P003,Sugar 1kg,Groceries,126,191
2025-09-28,P003,Sugar 1kg,Groceries,147,221
2025-09-29,P003,Sugar 1kg,Groceries,91,253
2025-09-30,P003,Sugar 1kg,Groceries,123,273
2025-10-01,P003,Sugar 1kg,Groceries,123,240
2025-10-02,P003,Sugar 1kg,Groceries,156,267
2025-10-03,P003,Sugar 1kg,Groceries,157,241
2025-10-04,P003,Sugar 1kg,Groceries,193,253
2025-10-05,P003,Sugar 1kg,Groceries,174,237
2025-10-06,P003,Sugar 1kg,Groceries,160,269
2025-10-07,P003,Sugar 1kg,Groceries,132,281
2025-10-08,P003,Sugar 1kg,Groceries,123,279
2025-10-09,P003,Sugar 1kg,Groceries,153,319
2025-10-10,P003,Sugar 1kg,Groceries,146,223
2025-10-11,P003,Sugar 1kg,Groceries,198,250
2025-10-12,P003,Sugar 1kg,Groceries,214,224
2025-10-13,P003,Sugar 1kg,Groceries,156,268
2025-10-14,P003,Sugar 1kg,Groceries,137,217
2025-10-15,P003,Sugar 1kg,Groceries,148,270
2025-10-16,P003,Sugar 1kg,Groceries,156,245
2025-10-17,P003,Sugar 1kg,Groceries,172,238
2025-10-18,P003,Sugar 1kg,Groceries,206,241
2025-10-19,P003,Sugar 1kg,Groceries,166,215
2025-10-20,P003,Sugar 1kg,Groceries,134,245
2025-10-21,P003,Sugar 1kg,Groceries,129,245
2025-10-22,P003,Sugar 1kg,Groceries,138,225
2025-10-23,P003,Sugar 1kg,Groceries,171,234
2025-10-24,P003,Sugar 1kg,Groceries,163,252
2025-10-25,P003,Sugar 1kg,Groceries,160,221
2025-10-26,P003,Sugar 1kg,Groceries,202,198
2025-10-27,P003,Sugar 1kg,Groceries,163,276
2025-10-28,P003,Sugar 1kg,Groceries,127,247
2025-10-29,P003,Sugar 1kg,Groceries,148,229
2025-10-30,P003,Sugar 1kg,Groceries,165,224
2025-10-31,P003,Sugar 1kg,Groceries,164,221
2025-11-01,P003,Sugar 1kg,Groceries,205,268
2025-11-02,P003,Sugar 1kg,Groceries,183,209
2025-11-03,P003,Sugar 1kg,Groceries,132,249
2025-11-04,P003,Sugar 1kg,Groceries,158,249
2025-11-05,P003,Sugar 1kg,Groceries,130,258
2025-11-06,P003,Sugar 1kg,Groceries,150,231
2025-11-07,P003,Sugar 1kg,Groceries,158,274
2025-11-08,P003,Sugar 1kg,Groceries,150,259
2025-11-09,P003,Sugar 1kg,Groceries,180,230
2025-11-10,P003,Sugar 1kg,Groceries,176,223
2025-11-11,P003,Sugar 1kg,Groceries,125,237
2025-11-12,P003,Sugar 1kg,Groceries,142,229
2025-11-13,P003,Sugar 1kg,Groceries,131,219
2025-11-14,P003,Sugar 1kg,Groceries,199,242
2025-11-15,P003,Sugar 1kg,Groceries,212,234
2025-11-16,P003,Sugar 1kg,Groceries,178,280
2025-11-17,P003,Sugar 1kg,Groceries,149,229
2025-11-18,P003,Sugar 1kg,Groceries,151,223
2025-11-19,P003,Sugar 1kg,Groceries,130,240
2025-11-20,P003,Sugar 1kg,Groceries,157,246
2025-11-21,P003,Sugar 1kg,Groceries,215,248
2025-11-22,P003,Sugar 1kg,Groceries,156,248
2025-11-23,P003,Sugar 1kg,Groceries,193,241
2025-11-24,P003,Sugar 1kg,Groceries,157,239
2025-11-25,P003,Sugar 1kg,Groceries,136,255
2025-11-26,P003,Sugar 1kg,Groceries,132,217
2025-11-27,P003,Sugar 1kg,Groceries,206,223
2025-11-28,P003,Sugar 1kg,Groceries,181,204
2025-11-29,P003,Sugar 1kg,Groceries,209,218
2025-11-30,P003,Sugar 1kg,Groceries,185,265
2025-12-01,P003,Sugar 1kg,Groceries,132,254
2025-12-02,P003,Sugar 1kg,Groceries,93,284
2025-12-03,P003,Sugar 1kg,Groceries,101,277
2025-12-04,P003,Sugar 1kg,Groceries,144,254
2025-12-05,P003,Sugar 1kg,Groceries,135,244
2025-12-06,P003,Sugar 1kg,Groceries,162,241
2025-12-07,P003,Sugar 1kg,Groceries,156,191
2025-12-08,P003,Sugar 1kg,Groceries,141,238
2025-12-09,P003,Sugar 1kg,Groceries,108,227
2025-12-10,P003,Sugar 1kg,Groceries,120,219
2025-12-11,P003,Sugar 1kg,Groceries,101,250
2025-12-12,P003,Sugar 1kg,Groceries,156,235
2025-12-13,P003,Sugar 1kg,Groceries,151,242
2025-12-14,P003,Sugar 1kg,Groceries,137,215
2025-12-15,P003,Sugar 1kg,Groceries,118,260
2025-12-16,P003,Sugar 1kg,Groceries,110,229
2025-12-17,P003,Sugar 1kg,Groceries,139,248
2025-12-18,P003,Sugar 1kg,Groceries,136,231
2025-12-19,P003,Sugar 1kg,Groceries,140,188
2025-12-20,P003,Sugar 1kg,Groceries,188,251
2025-12-21,P003,Sugar 1kg,Groceries,158,237
2025-12-22,P003,Sugar 1kg,Groceries,138,203
2025-12-23,P003,Sugar 1kg,Groceries,108,213
2025-12-24,P003,Sugar 1kg,Groceries,137,261
2025-12-25,P003,Sugar 1kg,Groceries,103,204
2025-12-26,P003,Sugar 1kg,Groceries,148,229
2025-12-27,P003,Sugar 1kg,Groceries,149,287
2025-12-28,P003,Sugar 1kg,Groceries,167,251
2025-12-29,P003,Sugar 1kg,Groceries,119,257
2025-12-30,P003,Sugar 1kg,Groceries,110,233
2025-12-31,P003,Sugar 1kg,Groceries,123,201
2024-01-01,P004,Wheat Flour 5kg,Groceries,86,209
2024-01-02,P004,Wheat Flour 5kg,Groceries,80,168
2024-01-03,P004,Wheat Flour 5kg,Groceries,75,190
2024-01-04,P004,Wheat Flour 5kg,Groceries,75,176
2024-01-05,P004,Wheat Flour 5kg,Groceries,60,162
2024-01-06,P004,Wheat Flour 5kg,Groceries,73,176
2024-01-07,P004,Wheat Flour 5kg,Groceries,77,214
2024-01-08,P004,Wheat Flour 5kg,Groceries,85,208
2024-01-09,P004,Wheat Flour 5kg,Groceries,86,190
2024-01-10,P004,Wheat Flour 5kg,Groceries,86,154
2024-01-11,P004,Wheat Flour 5kg,Groceries,87,182
2024-01-12,P004,Wheat Flour 5kg,Groceries,73,171
2024-01-13,P004,Wheat Flour 5kg,Groceries,73,169
2024-01-14,P004,Wheat Flour 5kg,Groceries,94,191
2024-01-15,P004,Wheat Flour 5kg,Groceries,90,210
2024-01-16,P004,Wheat Flour 5kg,Groceries,103,199
2024-01-17,P004,Wheat Flour 5kg,Groceries,75,172
2024-01-18,P004,Wheat Flour 5kg,Groceries,69,198
2024-01-19,P004,Wheat Flour 5kg,Groceries,70,159
2024-01-20,P004,Wheat Flour 5kg,Groceries,74,157
2024-01-21,P004,Wheat Flour 5kg,Groceries,85,154
2024-01-22,P004,Wheat Flour 5kg,Groceries,93,192
2024-01-23,P004,Wheat Flour 5kg,Groceries,111,201
2024-01-24,P004,Wheat Flour 5kg,Groceries,85,200
2024-01-25,P004,Wheat Flour 5kg,Groceries,67,167
2024-01-26,P004,Wheat Flour 5kg,Groceries,72,145
2024-01-27,P004,Wheat Flour 5kg,Groceries,76,166
2024-01-28,P004,Wheat Flour 5kg,Groceries,87,165
2024-01-29,P004,Wheat Flour 5kg,Groceries,93,185
2024-01-30,P004,Wheat Flour 5kg,Groceries,108,185
2024-01-31,P004,Wheat Flour 5kg,Groceries,83,180
2024-02-01,P004,Wheat Flour 5kg,Groceries,68,193
2024-02-02,P004,Wheat Flour 5kg,Groceries,74,231
2024-02-03,P004,Wheat Flour 5kg,Groceries,72,180
2024-02-04,P004,Wheat Flour 5kg,Groceries,82,189
2024-02-05,P004,Wheat Flour 5kg,Groceries,94,184
2024-02-06,P004,Wheat Flour 5kg,Groceries,106,174
2024-02-07,P004,Wheat Flour 5kg,Groceries,100,195
2024-02-08,P004,Wheat Flour 5kg,Groceries,80,179
2024-02-09,P004,Wheat Flour 5kg,Groceries,88,170
2024-02-10,P004,Wheat Flour 5kg,Groceries,80,171
2024-02-11,P004,Wheat Flour 5kg,Groceries,104,201
2024-02-12,P004,Wheat Flour 5kg,Groceries,85,194
2024-02-13,P004,Wheat Flour 5kg,Groceries,99,175
2024-02-14,P004,Wheat Flour 5kg,Groceries,98,192
2024-02-15,P004,Wheat Flour 5kg,Groceries,82,184
2024-02-16,P004,Wheat Flour 5kg,Groceries,74,189
2024-02-17,P004,Wheat Flour 5kg,Groceries,79,173
2024-02-18,P004,Wheat Flour 5kg,Groceries,104,166
2024-02-19,P004,Wheat Flour 5kg,Groceries,96,179
2024-02-20,P004,Wheat Flour 5kg,Groceries,114,168
2024-02-21,P004,Wheat Flour 5kg,Groceries,85,167
2024-02-22,P004,Wheat Flour 5kg,Groceries,84,160
2024-02-23,P004,Wheat Flour 5kg,Groceries,68,145
2024-02-24,P004,Wheat Flour 5kg,Groceries,81,176
2024-02-25,P004,Wheat Flour 5kg,Groceries,76,205
2024-02-26,P004,Wheat Flour 5kg,Groceries,81,200
2024-02-27,P004,Wheat Flour 5kg,Groceries,91,215
2024-02-28,P004,Wheat Flour 5kg,Groceries,100,166
2024-02-29,P004,Wheat Flour 5kg,Groceries,74,196
2024-03-01,P004,Wheat Flour 5kg,Groceries,70,182
2024-03-02,P004,Wheat Flour 5kg,Groceries,90,171
2024-03-03,P004,Wheat Flour 5kg,Groceries,91,203
2024-03-04,P004,Wheat Flour 5kg,Groceries,101,182
2024-03-05,P004,Wheat Flour 5kg,Groceries,95,153
2024-03-06,P004,Wheat Flour 5kg,Groceries,83,191
2024-03-07,P004,Wheat Flour 5kg,Groceries,81,186
2024-03-08,P004,Wheat Flour 5kg,Groceries,80,163
2024-03-09,P004,Wheat Flour 5kg,Groceries,78,188
2024-03-10,P004,Wheat Flour 5kg,Groceries,84,211
2024-03-11,P004,Wheat Flour 5kg,Groceries,102,190
2024-03-12,P004,Wheat Flour 5kg,Groceries,116,157
2024-03-13,P004,Wheat Flour 5kg,Groceries,93,192
2024-03-14,P004,Wheat Flour 5kg,Groceries,74,191
2024-03-15,P004,Wheat Flour 5kg,Groceries,65,198
2024-03-16,P004,Wheat Flour 5kg,Groceries,89,190
2024-03-17,P004,Wheat Flour 5kg,Groceries,74,167
2024-03-18,P004,Wheat Flour 5kg,Groceries,99,185
2024-03-19,P004,Wheat Flour 5kg,Groceries,72,208
2024-03-20,P004,Wheat Flour 5kg,Groceries,95,170
2024-03-21,P004,Wheat Flour 5kg,Groceries,90,172
2024-03-22,P004,Wheat Flour 5kg,Groceries,68,192
2024-03-23,P004,Wheat Flour 5kg,Groceries,94,215
2024-03-24,P004,Wheat Flour 5kg,Groceries,94,194
2024-03-25,P004,Wheat Flour 5kg,Groceries,101,162
2024-03-26,P004,Wheat Flour 5kg,Groceries,105,171
2024-03-27,P004,Wheat Flour 5kg,Groceries,97,181
2024-03-28,P004,Wheat Flour 5kg,Groceries,86,187
2024-03-29,P004,Wheat Flour 5kg,Groceries,50,188
2024-03-30,P004,Wheat Flour 5kg,Groceries,85,193
2024-03-31,P004,Wheat Flour 5kg,Groceries,89,215
2024-04-01,P004,Wheat Flour 5kg,Groceries,96,193
2024-04-02,P004,Wheat Flour 5kg,Groceries,109,192
2024-04-03,P004,Wheat Flour 5kg,Groceries,85,140
2024-04-04,P004,Wheat Flour 5kg,Groceries,78,199
2024-04-05,P004,Wheat Flour 5kg,Groceries,70,200
2024-04-06,P004,Wheat Flour 5kg,Groceries,81,209
2024-04-07,P004,Wheat Flour 5kg,Groceries,87,194
2024-04-08,P004,Wheat Flour 5kg,Groceries,98,213
2024-04-09,P004,Wheat Flour 5kg,Groceries,81,177
2024-04-10,P004,Wheat Flour 5kg,Groceries,101,214
2024-04-11,P004,Wheat Flour 5kg,Groceries,84,180
2024-04-12,P004,Wheat Flour 5kg,Groceries,78,201
2024-04-13,P004,Wheat Flour 5kg,Groceries,77,191
2024-04-14,P004,Wheat Flour 5kg,Groceries,100,220
2024-04-15,P004,Wheat Flour 5kg,Groceries,100,186
2024-04-16,P004,Wheat Flour 5kg,Groceries,97,195
2024-04-17,P004,Wheat Flour 5kg,Groceries,92,189
2024-04-18,P004,Wheat Flour 5kg,Groceries,73,209
2024-04-19,P004,Wheat Flour 5kg,Groceries,64,177
2024-04-20,P004,Wheat Flour 5kg,Groceries,80,222
2024-04-21,P004,Wheat Flour 5kg,Groceries,85,173
2024-04-22,P004,Wheat Flour 5kg,Groceries,87,216
2024-04-23,P004,Wheat Flour 5kg,Groceries,70,166
2024-04-24,P004,Wheat Flour 5kg,Groceries,117,196
2024-04-25,P004,Wheat Flour 5kg,Groceries,72,184
2024-04-26,P004,Wheat Flour 5kg,Groceries,72,201
2024-04-27,P004,Wheat Flour 5kg,Groceries,93,192
2024-04-28,P004,Wheat Flour 5kg,Groceries,84,200
2024-04-29,P004,Wheat Flour 5kg,Groceries,85,166
2024-04-30,P004,Wheat Flour 5kg,Groceries,80,156
2024-05-01,P004,Wheat Flour 5kg,Groceries,83,163
2024-05-02,P004,Wheat Flour 5kg,Groceries,83,163
2024-05-03,P004,Wheat Flour 5kg,Groceries,49,166
2024-05-04,P004,Wheat Flour 5kg,Groceries,74,174
2024-05-05,P004,Wheat Flour 5kg,Groceries,101,174
2024-05-06,P004,Wheat Flour 5kg,Groceries,99,185
2024-05-07,P004,Wheat Flour 5kg,Groceries,95,170
2024-05-08,P004,Wheat Flour 5kg,Groceries,90,171
2024-05-09,P004,Wheat Flour 5kg,Groceries,81,181
2024-05-10,P004,Wheat Flour 5kg,Groceries,64,203
2024-05-11,P004,Wheat Flour 5kg,Groceries,81,177
2024-05-12,P004,Wheat Flour 5kg,Groceries,88,183
2024-05-13,P004,Wheat Flour 5kg,Groceries,82,186
2024-05-14,P004,Wheat Flour 5kg,Groceries,89,168
2024-05-15,P004,Wheat Flour 5kg,Groceries,75,178
2024-05-16,P004,Wheat Flour 5kg,Groceries,83,172
2024-05-17,P004,Wheat Flour 5kg,Groceries,87,201
2024-05-18,P004,Wheat Flour 5kg,Groceries,87,200
2024-05-19,P004,Wheat Flour 5kg,Groceries,102,170
2024-05-20,P004,Wheat Flour 5kg,Groceries,66,177
2024-05-21,P004,Wheat Flour 5kg,Groceries,99,188
2024-05-22,P004,Wheat Flour 5kg,Groceries,91,209
2024-05-23,P004,Wheat Flour 5kg,Groceries,81,200
2024-05-24,P004,Wheat Flour 5kg,Groceries,62,165
2024-05-25,P004,Wheat Flour 5kg,Groceries,88,187
2024-05-26,P004,Wheat Flour 5kg,Groceries,80,174
2024-05-27,P004,Wheat Flour 5kg,Groceries,82,172
2024-05-28,P004,Wheat Flour 5kg,Groceries,81,157
2024-05-29,P004,Wheat Flour 5kg,Groceries,86,174
2024-05-30,P004,Wheat Flour 5kg,Groceries,85,190
2024-05-31,P004,Wheat Flour 5kg,Groceries,70,171
2024-06-01,P004,Wheat Flour 5kg,Groceries,74,192
2024-06-02,P004,Wheat Flour 5kg,Groceries,90,183
2024-06-03,P004,Wheat Flour 5kg,Groceries,97,185
2024-06-04,P004,Wheat Flour 5kg,Groceries,99,176
2024-06-05,P004,Wheat Flour 5kg,Groceries,71,190
2024-06-06,P004,Wheat Flour 5kg,Groceries,82,196
2024-06-07,P004,Wheat Flour 5kg,Groceries,70,179
2024-06-08,P004,Wheat Flour 5kg,Groceries,68,195
2024-06-09,P004,Wheat Flour 5kg,Groceries,87,175
2024-06-10,P004,Wheat Flour 5kg,Groceries,96,169
2024-06-11,P004,Wheat Flour 5kg,Groceries,85,215
2024-06-12,P004,Wheat Flour 5kg,Groceries,93,178
2024-06-13,P004,Wheat Flour 5kg,Groceries,77,188
2024-06-14,P004,Wheat Flour 5kg,Groceries,48,168
2024-06-15,P004,Wheat Flour 5kg,Groceries,73,178
2024-06-16,P004,Wheat Flour 5kg,Groceries,84,206
2024-06-17,P004,Wheat Flour 5kg,Groceries,82,165
2024-06-18,P004,Wheat Flour 5kg,Groceries,93,179
2024-06-19,P004,Wheat Flour 5kg,Groceries,83,180
2024-06-20,P004,Wheat Flour 5kg,Groceries,91,144
2024-06-21,P004,Wheat Flour 5kg,Groceries,63,185
2024-06-22,P004,Wheat Flour 5kg,Groceries,67,202
2024-06-23,P004,Wheat Flour 5kg,Groceries,88,184
2024-06-24,P004,Wheat Flour 5kg,Groceries,82,183
2024-06-25,P004,Wheat Flour 5kg,Groceries,88,184
2024-06-26,P004,Wheat Flour 5kg,Groceries,82,190
2024-06-27,P004,Wheat Flour 5kg,Groceries,79,162
2024-06-28,P004,Wheat Flour 5kg,Groceries,58,153
2024-06-29,P004,Wheat Flour 5kg,Groceries,78,190
2024-06-30,P004,Wheat Flour 5kg,Groceries,84,159
2024-07-01,P004,Wheat Flour 5kg,Groceries,98,174
2024-07-02,P004,Wheat Flour 5kg,Groceries,89,201
2024-07-03,P004,Wheat Flour 5kg,Groceries,75,175
2024-07-04,P004,Wheat Flour 5kg,Groceries,74,238
2024-07-05,P004,Wheat Flour 5kg,Groceries,66,215
2024-07-06,P004,Wheat Flour 5kg,Groceries,79,192
2024-07-07,P004,Wheat Flour 5kg,Groceries,71,205
2024-07-08,P004,Wheat Flour 5kg,Groceries,70,215
2024-07-09,P004,Wheat Flour 5kg,Groceries,88,136
2024-07-10,P004,Wheat Flour 5kg,Groceries,79,197
2024-07-11,P004,Wheat Flour 5kg,Groceries,70,198
2024-07-12,P004,Wheat Flour 5kg,Groceries,58,161
2024-07-13,P004,Wheat Flour 5kg,Groceries,69,186
2024-07-14,P004,Wheat Flour 5kg,Groceries,76,208
2024-07-15,P004,Wheat Flour 5kg,Groceries,74,191
2024-07-16,P004,Wheat Flour 5kg,Groceries,86,156
2024-07-17,P004,Wheat Flour 5kg,Groceries,70,185
2024-07-18,P004,Wheat Flour 5kg,Groceries,85,196
2024-07-19,P004,Wheat Flour 5kg,Groceries,52,127
2024-07-20,P004,Wheat Flour 5kg,Groceries,74,183
2024-07-21,P004,Wheat Flour 5kg,Groceries,87,169
2024-07-22,P004,Wheat Flour 5kg,Groceries,83,201
2024-07-23,P004,Wheat Flour 5kg,Groceries,81,177
2024-07-24,P004,Wheat Flour 5kg,Groceries,80,195
2024-07-25,P004,Wheat Flour 5kg,Groceries,70,203
2024-07-26,P004,Wheat Flour 5kg,Groceries,59,160
2024-07-27,P004,Wheat Flour 5kg,Groceries,82,174
2024-07-28,P004,Wheat Flour 5kg,Groceries,73,184
2024-07-29,P004,Wheat Flour 5kg,Groceries,80,178
2024-07-30,P004,Wheat Flour 5kg,Groceries,84,184
2024-07-31,P004,Wheat Flour 5kg,Groceries,81,141
2024-08-01,P004,Wheat Flour 5kg,Groceries,83,182
2024-08-02,P004,Wheat Flour 5kg,Groceries,65,160
2024-08-03,P004,Wheat Flour 5kg,Groceries,65,173
2024-08-04,P004,Wheat Flour 5kg,Groceries,88,174
2024-08-05,P004,Wheat Flour 5kg,Groceries,85,173
2024-08-06,P004,Wheat Flour 5kg,Groceries,80,180
2024-08-07,P004,Wheat Flour 5kg,Groceries,89,150
2024-08-08,P004,Wheat Flour 5kg,Groceries,60,149
2024-08-09,P004,Wheat Flour 5kg,Groceries,55,170
2024-08-10,P004,Wheat Flour 5kg,Groceries,56,171
2024-08-11,P004,Wheat Flour 5kg,Groceries,61,166
2024-08-12,P004,Wheat Flour 5kg,Groceries,88,192
2024-08-13,P004,Wheat Flour 5kg,Groceries,84,166
2024-08-14,P004,Wheat Flour 5kg,Groceries,66,164
2024-08-15,P004,Wheat Flour 5kg,Groceries,68,201
2024-08-16,P004,Wheat Flour 5kg,Groceries,66,197
2024-08-17,P004,Wheat Flour 5kg,Groceries,62,185
2024-08-18,P004,Wheat Flour 5kg,Groceries,73,181
2024-08-19,P004,Wheat Flour 5kg,Groceries,94,152
2024-08-20,P004,Wheat Flour 5kg,Groceries,80,207
2024-08-21,P004,Wheat Flour 5kg,Groceries,67,173
2024-08-22,P004,Wheat Flour 5kg,Groceries,65,181
2024-08-23,P004,Wheat Flour 5kg,Groceries,51,196
2024-08-24,P004,Wheat Flour 5kg,Groceries,71,194
2024-08-25,P004,Wheat Flour 5kg,Groceries,69,187
2024-08-26,P004,Wheat Flour 5kg,Groceries,71,179
2024-08-27,P004,Wheat Flour 5kg,Groceries,100,187
2024-08-28,P004,Wheat Flour 5kg,Groceries,69,188
2024-08-29,P004,Wheat Flour 5kg,Groceries,59,163
2024-08-30,P004,Wheat Flour 5kg,Groceries,54,177
2024-08-31,P004,Wheat Flour 5kg,Groceries,73,196
2024-09-01,P004,Wheat Flour 5kg,Groceries,79,165
2024-09-02,P004,Wheat Flour 5kg,Groceries,74,190
2024-09-03,P004,Wheat Flour 5kg,Groceries,77,180
2024-09-04,P004,Wheat Flour 5kg,Groceries,81,179
2024-09-05,P004,Wheat Flour 5kg,Groceries,70,214
2024-09-06,P004,Wheat Flour 5kg,Groceries,60,207
2024-09-07,P004,Wheat Flour 5kg,Groceries,70,158
2024-09-08,P004,Wheat Flour 5kg,Groceries,67,170
2024-09-09,P004,Wheat Flour 5kg,Groceries,71,183
2024-09-10,P004,Wheat Flour 5kg,Groceries,87,208
2024-09-11,P004,Wheat Flour 5kg,Groceries,80,177
2024-09-12,P004,Wheat Flour 5kg,Groceries,54,186
2024-09-13,P004,Wheat Flour 5kg,Groceries,61,188
2024-09-14,P004,Wheat Flour 5kg,Groceries,81,208
2024-09-15,P004,Wheat Flour 5kg,Groceries,81,167
2024-09-16,P004,Wheat Flour 5kg,Groceries,74,183
2024-09-17,P004,Wheat Flour 5kg,Groceries,76,194
2024-09-18,P004,Wheat Flour 5kg,Groceries,81,165
2024-09-19,P004,Wheat Flour 5kg,Groceries,77,187
2024-09-20,P004,Wheat Flour 5kg,Groceries,50,184
2024-09-21,P004,Wheat Flour 5kg,Groceries,69,203
2024-09-22,P004,Wheat Flour 5kg,Groceries,73,200
2024-09-23,P004,Wheat Flour 5kg,Groceries,80,161
2024-09-24,P004,Wheat Flour 5kg,Groceries,71,206
2024-09-25,P004,Wheat Flour 5kg,Groceries,88,191
2024-09-26,P004,Wheat Flour 5kg,Groceries,79,205
2024-09-27,P004,Wheat Flour 5kg,Groceries,66,168
2024-09-28,P004,Wheat Flour 5kg,Groceries,79,195
2024-09-29,P004,Wheat Flour 5kg,Groceries,73,173
2024-09-30,P004,Wheat Flour 5kg,Groceries,81,154
2024-10-01,P004,Wheat Flour 5kg,Groceries,109,167
2024-10-02,P004,Wheat Flour 5kg,Groceries,100,175
2024-10-03,P004,Wheat Flour 5kg,Groceries,83,171
2024-10-04,P004,Wheat Flour 5kg,Groceries,74,220
2024-10-05,P004,Wheat Flour 5kg,Groceries,95,192
2024-10-06,P004,Wheat Flour 5kg,Groceries,93,201
2024-10-07,P004,Wheat Flour 5kg,Groceries,108,170
2024-10-08,P004,Wheat Flour 5kg,Groceries,102,151
2024-10-09,P004,Wheat Flour 5kg,Groceries,109,223
2024-10-10,P004,Wheat Flour 5kg,Groceries,86,146
2024-10-11,P004,Wheat Flour 5kg,Groceries,81,168
2024-10-12,P004,Wheat Flour 5kg,Groceries,78,197
2024-10-13,P004,Wheat Flour 5kg,Groceries,97,176
2024-10-14,P004,Wheat Flour 5kg,Groceries,92,187
2024-10-15,P004,Wheat Flour 5kg,Groceries,100,164
2024-10-16,P004,Wheat Flour 5kg,Groceries,95,191
2024-10-17,P004,Wheat Flour 5kg,Groceries,85,159
2024-10-18,P004,Wheat Flour 5kg,Groceries,85,134
2024-10-19,P004,Wheat Flour 5kg,Groceries,81,174
2024-10-20,P004,Wheat Flour 5kg,Groceries,97,195
2024-10-21,P004,Wheat Flour 5kg,Groceries,111,172
2024-10-22,P004,Wheat Flour 5kg,Groceries,111,189
2024-10-23,P004,Wheat Flour 5kg,Groceries,83,220
2024-10-24,P004,Wheat Flour 5kg,Groceries,75,193
2024-10-25,P004,Wheat Flour 5kg,Groceries,81,190
2024-10-26,P004,Wheat Flour 5kg,Groceries,82,200
2024-10-27,P004,Wheat Flour 5kg,Groceries,82,184
2024-10-28,P004,Wheat Flour 5kg,Groceries,95,172
2024-10-29,P004,Wheat Flour 5kg,Groceries,111,205
2024-10-30,P004,Wheat Flour 5kg,Groceries,98,199
2024-10-31,P004,Wheat Flour 5kg,Groceries,89,168
2024-11-01,P004,Wheat Flour 5kg,Groceries,77,179
2024-11-02,P004,Wheat Flour 5kg,Groceries,81,193
2024-11-03,P004,Wheat Flour 5kg,Groceries,101,156
2024-11-04,P004,Wheat Flour 5kg,Groceries,85,193
2024-11-05,P004,Wheat Flour 5kg,Groceries,99,191
2024-11-06,P004,Wheat Flour 5kg,Groceries,111,161
2024-11-07,P004,Wheat Flour 5kg,Groceries,77,216
2024-11-08,P004,Wheat Flour 5kg,Groceries,83,177
2024-11-09,P004,Wheat Flour 5kg,Groceries,80,176
2024-11-10,P004,Wheat Flour 5kg,Groceries,88,201
2024-11-11,P004,Wheat Flour 5kg,Groceries,96,205
2024-11-12,P004,Wheat Flour 5kg,Groceries,105,166
2024-11-13,P004,Wheat Flour 5kg,Groceries,100,136
2024-11-14,P004,Wheat Flour 5kg,Groceries,91,182
2024-11-15,P004,Wheat Flour 5kg,Groceries,88,150
2024-11-16,P004,Wheat Flour 5kg,Groceries,100,200
2024-11-17,P004,Wheat Flour 5kg,Groceries,114,184
2024-11-18,P004,Wheat Flour 5kg,Groceries,116,158
2024-11-19,P004,Wheat Flour 5kg,Groceries,119,171
2024-11-20,P004,Wheat Flour 5kg,Groceries,88,164
2024-11-21,P004,Wheat Flour 5kg,Groceries,93,170
2024-11-22,P004,Wheat Flour 5kg,Groceries,86,152
2024-11-23,P004,Wheat Flour 5kg,Groceries,72,210
2024-11-24,P004,Wheat Flour 5kg,Groceries,112,166
2024-11-25,P004,Wheat Flour 5kg,Groceries,107,204
2024-11-26,P004,Wheat Flour 5kg,Groceries,118,188
2024-11-27,P004,Wheat Flour 5kg,Groceries,119,171
2024-11-28,P004,Wheat Flour 5kg,Groceries,95,185
2024-11-29,P004,Wheat Flour 5kg,Groceries,82,178
2024-11-30,P004,Wheat Flour 5kg,Groceries,94,186
2024-12-01,P004,Wheat Flour 5kg,Groceries,77,200
2024-12-02,P004,Wheat Flour 5kg,Groceries,81,181
2024-12-03,P004,Wheat Flour 5kg,Groceries,92,192
2024-12-04,P004,Wheat Flour 5kg,Groceries,71,201
2024-12-05,P004,Wheat Flour 5kg,Groceries,74,208
2024-12-06,P004,Wheat Flour 5kg,Groceries,67,184
2024-12-07,P004,Wheat Flour 5kg,Groceries,92,180
2024-12-08,P004,Wheat Flour 5kg,Groceries,98,186
2024-12-09,P004,Wheat Flour 5kg,Groceries,95,186
2024-12-10,P004,Wheat Flour 5kg,Groceries,104,172
2024-12-11,P004,Wheat Flour 5kg,Groceries,82,173
2024-12-12,P004,Wheat Flour 5kg,Groceries,81,181
2024-12-13,P004,Wheat Flour 5kg,Groceries,76,209
2024-12-14,P004,Wheat Flour 5kg,Groceries,71,171
2024-12-15,P004,Wheat Flour 5kg,Groceries,76,223
2024-12-16,P004,Wheat Flour 5kg,Groceries,95,194
2024-12-17,P004,Wheat Flour 5kg,Groceries,85,185
2024-12-18,P004,Wheat Flour 5kg,Groceries,98,180
2024-12-19,P004,Wheat Flour 5kg,Groceries,90,228
2024-12-20,P004,Wheat Flour 5kg,Groceries,66,166
2024-12-21,P004,Wheat Flour 5kg,Groceries,73,215
2024-12-22,P004,Wheat Flour 5kg,Groceries,100,182
2024-12-23,P004,Wheat Flour 5kg,Groceries,94,170
2024-12-24,P004,Wheat Flour 5kg,Groceries,108,178
2024-12-25,P004,Wheat Flour 5kg,Groceries,92,196
2024-12-26,P004,Wheat Flour 5kg,Groceries,81,181
2024-12-27,P004,Wheat Flour 5kg,Groceries,74,200
2024-12-28,P004,Wheat Flour 5kg,Groceries,95,196
2024-12-29,P004,Wheat Flour 5kg,Groceries,99,181
2024-12-30,P004,Wheat Flour 5kg,Groceries,89,197
2024-12-31,P004,Wheat Flour 5kg,Groceries,103,159
2025-01-01,P004,Wheat Flour 5kg,Groceries,92,183
2025-01-02,P004,Wheat Flour 5kg,Groceries,80,212
2025-01-03,P004,Wheat Flour 5kg,Groceries,78,210
2025-01-04,P004,Wheat Flour 5kg,Groceries,85,187
2025-01-05,P004,Wheat Flour 5kg,Groceries,84,185
2025-01-06,P004,Wheat Flour 5kg,Groceries,97,160
2025-01-07,P004,Wheat Flour 5kg,Groceries,97,179
2025-01-08,P004,Wheat Flour 5kg,Groceries,101,194
2025-01-09,P004,Wheat Flour 5kg,Groceries,80,194
2025-01-10,P004,Wheat Flour 5kg,Groceries,74,132
2025-01-11,P004,Wheat Flour 5kg,Groceries,80,205
2025-01-12,P004,Wheat Flour 5kg,Groceries,79,187
2025-01-13,P004,Wheat Flour 5kg,Groceries,114,171
2025-01-14,P004,Wheat Flour 5kg,Groceries,104,161
2025-01-15,P004,Wheat Flour 5kg,Groceries,114,183
2025-01-16,P004,Wheat Flour 5kg,Groceries,87,210
2025-01-17,P004,Wheat Flour 5kg,Groceries,82,169
2025-01-18,P004,Wheat Flour 5kg,Groceries,79,194
2025-01-19,P004,Wheat Flour 5kg,Groceries,90,146
2025-01-20,P004,Wheat Flour 5kg,Groceries,99,158
2025-01-21,P004,Wheat Flour 5kg,Groceries,122,188
2025-01-22,P004,Wheat Flour 5kg,Groceries,91,172
2025-01-23,P004,Wheat Flour 5kg,Groceries,71,165
2025-01-24,P004,Wheat Flour 5kg,Groceries,86,226
2025-01-25,P004,Wheat Flour 5kg,Groceries,92,183
2025-01-26,P004,Wheat Flour 5kg,Groceries,93,167
2025-01-27,P004,Wheat Flour 5kg,Groceries,121,182
2025-01-28,P004,Wheat Flour 5kg,Groceries,129,211
2025-01-29,P004,Wheat Flour 5kg,Groceries,83,173
2025-01-30,P004,Wheat Flour 5kg,Groceries,83,184
2025-01-31,P004,Wheat Flour 5kg,Groceries,78,240
2025-02-01,P004,Wheat Flour 5kg,Groceries,77,189
2025-02-02,P004,Wheat Flour 5kg,Groceries,104,185
2025-02-03,P004,Wheat Flour 5kg,Groceries,103,166
2025-02-04,P004,Wheat Flour 5kg,Groceries,108,194
2025-02-05,P004,Wheat Flour 5kg,Groceries,105,196
2025-02-06,P004,Wheat Flour 5kg,Groceries,102,202
2025-02-07,P004,Wheat Flour 5kg,Groceries,80,163
2025-02-08,P004,Wheat Flour 5kg,Groceries,82,181
2025-02-09,P004,Wheat Flour 5kg,Groceries,101,176
2025-02-10,P004,Wheat Flour 5kg,Groceries,93,163
2025-02-11,P004,Wheat Flour 5kg,Groceries,90,181
2025-02-12,P004,Wheat Flour 5kg,Groceries,88,166
2025-02-13,P004,Wheat Flour 5kg,Groceries,87,160
2025-02-14,P004,Wheat Flour 5kg,Groceries,83,199
2025-02-15,P004,Wheat Flour 5kg,Groceries,83,177
2025-02-16,P004,Wheat Flour 5kg,Groceries,105,172
2025-02-17,P004,Wheat Flour 5kg,Groceries,95,207
2025-02-18,P004,Wheat Flour 5kg,Groceries,119,196
2025-02-19,P004,Wheat Flour 5kg,Groceries,113,148
2025-02-20,P004,Wheat Flour 5kg,Groceries,103,192
2025-02-21,P004,Wheat Flour 5kg,Groceries,89,192
2025-02-22,P004,Wheat Flour 5kg,Groceries,89,180
2025-02-23,P004,Wheat Flour 5kg,Groceries,104,179
2025-02-24,P004,Wheat Flour 5kg,Groceries,113,156
2025-02-25,P004,Wheat Flour 5kg,Groceries,104,223
2025-02-26,P004,Wheat Flour 5kg,Groceries,98,181
2025-02-27,P004,Wheat Flour 5kg,Groceries,83,191
2025-02-28,P004,Wheat Flour 5kg,Groceries,75,182
2025-03-01,P004,Wheat Flour 5kg,Groceries,97,172
2025-03-02,P004,Wheat Flour 5kg,Groceries,109,200
2025-03-03,P004,Wheat Flour 5kg,Groceries,116,188
2025-03-04,P004,Wheat Flour 5kg,Groceries,146,205
2025-03-05,P004,Wheat Flour 5kg,Groceries,108,169
2025-03-06,P004,Wheat Flour 5kg,Groceries,91,211
2025-03-07,P004,Wheat Flour 5kg,Groceries,96,212
2025-03-08,P004,Wheat Flour 5kg,Groceries,97,162
2025-03-09,P004,Wheat Flour 5kg,Groceries,106,162
2025-03-10,P004,Wheat Flour 5kg,Groceries,89,189
2025-03-11,P004,Wheat Flour 5kg,Groceries,117,202
2025-03-12,P004,Wheat Flour 5kg,Groceries,110,195
2025-03-13,P004,Wheat Flour 5kg,Groceries,83,183
2025-03-14,P004,Wheat Flour 5kg,Groceries,69,148
2025-03-15,P004,Wheat Flour 5kg,Groceries,97,171
2025-03-16,P004,Wheat Flour 5kg,Groceries,110,206
2025-03-17,P004,Wheat Flour 5kg,Groceries,99,196
2025-03-18,P004,Wheat Flour 5kg,Groceries,104,151
2025-03-19,P004,Wheat Flour 5kg,Groceries,107,176
2025-03-20,P004,Wheat Flour 5kg,Groceries,88,222
2025-03-21,P004,Wheat Flour 5kg,Groceries,69,192
2025-03-22,P004,Wheat Flour 5kg,Groceries,81,202
2025-03-23,P004,Wheat Flour 5kg,Groceries,105,192
2025-03-24,P004,Wheat Flour 5kg,Groceries,95,171
2025-03-25,P004,Wheat Flour 5kg,Groceries,121,218
2025-03-26,P004,Wheat Flour 5kg,Groceries,110,168
2025-03-27,P004,Wheat Flour 5kg,Groceries,95,230
2025-03-28,P004,Wheat Flour 5kg,Groceries,83,212
2025-03-29,P004,Wheat Flour 5kg,Groceries,83,184
2025-03-30,P004,Wheat Flour 5kg,Groceries,108,192
2025-03-31,P004,Wheat Flour 5kg,Groceries,97,170
2025-04-01,P004,Wheat Flour 5kg,Groceries,122,207
2025-04-02,P004,Wheat Flour 5kg,Groceries,121,218
2025-04-03,P004,Wheat Flour 5kg,Groceries,93,179
2025-04-04,P004,Wheat Flour 5kg,Groceries,93,198
2025-04-05,P004,Wheat Flour 5kg,Groceries,81,166
2025-04-06,P004,Wheat Flour 5kg,Groceries,106,182
2025-04-07,P004,Wheat Flour 5kg,Groceries,105,205
2025-04-08,P004,Wheat Flour 5kg,Groceries,119,210
2025-04-09,P004,Wheat Flour 5kg,Groceries,84,190
2025-04-10,P004,Wheat Flour 5kg,Groceries,98,157
2025-04-11,P004,Wheat Flour 5kg,Groceries,76,169
2025-04-12,P004,Wheat Flour 5kg,Groceries,90,215
2025-04-13,P004,Wheat Flour 5kg,Groceries,121,170
2025-04-14,P004,Wheat Flour 5kg,Groceries,110,195
2025-04-15,P004,Wheat Flour 5kg,Groceries,114,192
2025-04-16,P004,Wheat Flour 5kg,Groceries,107,216
2025-04-17,P004,Wheat Flour 5kg,Groceries,101,165
2025-04-18,P004,Wheat Flour 5kg,Groceries,87,202
2025-04-19,P004,Wheat Flour 5kg,Groceries,92,206
2025-04-20,P004,Wheat Flour 5kg,Groceries,102,189
2025-04-21,P004,Wheat Flour 5kg,Groceries,105,148
2025-04-22,P004,Wheat Flour 5kg,Groceries,109,173
2025-04-23,P004,Wheat Flour 5kg,Groceries,91,212
2025-04-24,P004,Wheat Flour 5kg,Groceries,95,184
2025-04-25,P004,Wheat Flour 5kg,Groceries,76,190
2025-04-26,P004,Wheat Flour 5kg,Groceries,97,170
2025-04-27,P004,Wheat Flour 5kg,Groceries,100,201
2025-04-28,P004,Wheat Flour 5kg,Groceries,83,184
2025-04-29,P004,Wheat Flour 5kg,Groceries,104,183
2025-04-30,P004,Wheat Flour 5kg,Groceries,98,188
2025-05-01,P004,Wheat Flour 5kg,Groceries,107,179
2025-05-02,P004,Wheat Flour 5kg,Groceries,82,222
2025-05-03,P004,Wheat Flour 5kg,Groceries,83,219
2025-05-04,P004,Wheat Flour 5kg,Groceries,99,218
2025-05-05,P004,Wheat Flour 5kg,Groceries,110,191
2025-05-06,P004,Wheat Flour 5kg,Groceries,107,173
2025-05-07,P004,Wheat Flour 5kg,Groceries,103,202
2025-05-08,P004,Wheat Flour 5kg,Groceries,89,179
2025-05-09,P004,Wheat Flour 5kg,Groceries,77,203
2025-05-10,P004,Wheat Flour 5kg,Groceries,98,173
2025-05-11,P004,Wheat Flour 5kg,Groceries,91,192
2025-05-12,P004,Wheat Flour 5kg,Groceries,117,206
2025-05-13,P004,Wheat Flour 5kg,Groceries,93,180
2025-05-14,P004,Wheat Flour 5kg,Groceries,92,180
2025-05-15,P004,Wheat Flour 5kg,Groceries,103,159
2025-05-16,P004,Wheat Flour 5kg,Groceries,66,170
2025-05-17,P004,Wheat Flour 5kg,Groceries,89,196
2025-05-18,P004,Wheat Flour 5kg,Groceries,101,207
2025-05-19,P004,Wheat Flour 5kg,Groceries,83,207
2025-05-20,P004,Wheat Flour 5kg,Groceries,102,199
2025-05-21,P004,Wheat Flour 5kg,Groceries,87,185
2025-05-22,P004,Wheat Flour 5kg,Groceries,90,206
2025-05-23,P004,Wheat Flour 5kg,Groceries,65,186
2025-05-24,P004,Wheat Flour 5kg,Groceries,76,194
2025-05-25,P004,Wheat Flour 5kg,Groceries,103,209
2025-05-26,P004,Wheat Flour 5kg,Groceries,94,202
2025-05-27,P004,Wheat Flour 5kg,Groceries,119,155
2025-05-28,P004,Wheat Flour 5kg,Groceries,105,203
2025-05-29,P004,Wheat Flour 5kg,Groceries,84,163
2025-05-30,P004,Wheat Flour 5kg,Groceries,84,163
2025-05-31,P004,Wheat Flour 5kg,Groceries,83,184
2025-06-01,P004,Wheat Flour 5kg,Groceries,102,173
2025-06-02,P004,Wheat Flour 5kg,Groceries,91,187
2025-06-03,P004,Wheat Flour 5kg,Groceries,114,227
2025-06-04,P004,Wheat Flour 5kg,Groceries,83,191
2025-06-05,P004,Wheat Flour 5kg,Groceries,76,204
2025-06-06,P004,Wheat Flour 5kg,Groceries,69,173
2025-06-07,P004,Wheat Flour 5kg,Groceries,78,184
2025-06-08,P004,Wheat Flour 5kg,Groceries,97,194
2025-06-09,P004,Wheat Flour 5kg,Groceries,97,160
2025-06-10,P004,Wheat Flour 5kg,Groceries,110,184
2025-06-11,P004,Wheat Flour 5kg,Groceries,108,172
2025-06-12,P004,Wheat Flour 5kg,Groceries,71,184
2025-06-13,P004,Wheat Flour 5kg,Groceries,85,188
2025-06-14,P004,Wheat Flour 5kg,Groceries,81,169
2025-06-15,P004,Wheat Flour 5kg,Groceries,109,166
2025-06-16,P004,Wheat Flour 5kg,Groceries,89,196
2025-06-17,P004,Wheat Flour 5kg,Groceries,82,209
2025-06-18,P004,Wheat Flour 5kg,Groceries,101,202
2025-06-19,P004,Wheat Flour 5kg,Groceries,88,182
2025-06-20,P004,Wheat Flour 5kg,Groceries,66,182
2025-06-21,P004,Wheat Flour 5kg,Groceries,73,194
2025-06-22,P004,Wheat Flour 5kg,Groceries,99,212
2025-06-23,P004,Wheat Flour 5kg,Groceries,98,202
2025-06-24,P004,Wheat Flour 5kg,Groceries,97,176
2025-06-25,P004,Wheat Flour 5kg,Groceries,99,178
2025-06-26,P004,Wheat Flour 5kg,Groceries,85,165
2025-06-27,P004,Wheat Flour 5kg,Groceries,67,197
2025-06-28,P004,Wheat Flour 5kg,Groceries,87,167
2025-06-29,P004,Wheat Flour 5kg,Groceries,96,175
2025-06-30,P004,Wheat Flour 5kg,Groceries,94,211
2025-07-01,P004,Wheat Flour 5kg,Groceries,106,200
2025-07-02,P004,Wheat Flour 5kg,Groceries,111,172
2025-07-03,P004,Wheat Flour 5kg,Groceries,73,172
2025-07-04,P004,Wheat Flour 5kg,Groceries,70,141
2025-07-05,P004,Wheat Flour 5kg,Groceries,78,175
2025-07-06,P004,Wheat Flour 5kg,Groceries,96,192
2025-07-07,P004,Wheat Flour 5kg,Groceries,87,196
2025-07-08,P004,Wheat Flour 5kg,Groceries,104,171
2025-07-09,P004,Wheat Flour 5kg,Groceries,87,144
2025-07-10,P004,Wheat Flour 5kg,Groceries,72,171
2025-07-11,P004,Wheat Flour 5kg,Groceries,72,168
2025-07-12,P004,Wheat Flour 5kg,Groceries,74,162
2025-07-13,P004,Wheat Flour 5kg,Groceries,90,193
2025-07-14,P004,Wheat Flour 5kg,Groceries,95,185
2025-07-15,P004,Wheat Flour 5kg,Groceries,81,174
2025-07-16,P004,Wheat Flour 5kg,Groceries,87,178
2025-07-17,P004,Wheat Flour 5kg,Groceries,80,211
2025-07-18,P004,Wheat Flour 5kg,Groceries,76,167
2025-07-19,P004,Wheat Flour 5kg,Groceries,83,197
2025-07-20,P004,Wheat Flour 5kg,Groceries,80,201
2025-07-21,P004,Wheat Flour 5kg,Groceries,89,159
2025-07-22,P004,Wheat Flour 5kg,Groceries,99,189
2025-07-23,P004,Wheat Flour 5kg,Groceries,88,184
2025-07-24,P004,Wheat Flour 5kg,Groceries,73,196
2025-07-25,P004,Wheat Flour 5kg,Groceries,70,188
2025-07-26,P004,Wheat Flour 5kg,Groceries,79,164
2025-07-27,P004,Wheat Flour 5kg,Groceries,79,144
2025-07-28,P004,Wheat Flour 5kg,Groceries,94,163
2025-07-29,P004,Wheat Flour 5kg,Groceries,95,192
2025-07-30,P004,Wheat Flour 5kg,Groceries,95,163
2025-07-31,P004,Wheat Flour 5kg,Groceries,78,216
2025-08-01,P004,Wheat Flour 5kg,Groceries,81,203
2025-08-02,P004,Wheat Flour 5kg,Groceries,79,166
2025-08-03,P004,Wheat Flour 5kg,Groceries,92,182
2025-08-04,P004,Wheat Flour 5kg,Groceries,94,173
2025-08-05,P004,Wheat Flour 5kg,Groceries,92,188
2025-08-06,P004,Wheat Flour 5kg,Groceries,91,194
2025-08-07,P004,Wheat Flour 5kg,Groceries,73,160
2025-08-08,P004,Wheat Flour 5kg,Groceries,80,231
2025-08-09,P004,Wheat Flour 5kg,Groceries,79,161
2025-08-10,P004,Wheat Flour 5kg,Groceries,78,194
2025-08-11,P004,Wheat Flour 5kg,Groceries,100,163
2025-08-12,P004,Wheat Flour 5kg,Groceries,92,189
2025-08-13,P004,Wheat Flour 5kg,Groceries,95,179
2025-08-14,P004,Wheat Flour 5kg,Groceries,65,196
2025-08-15,P004,Wheat Flour 5kg,Groceries,76,183
2025-08-16,P004,Wheat Flour 5kg,Groceries,78,176
2025-08-17,P004,Wheat Flour 5kg,Groceries,77,204
2025-08-18,P004,Wheat Flour 5kg,Groceries,91,194
2025-08-19,P004,Wheat Flour 5kg,Groceries,106,165
2025-08-20,P004,Wheat Flour 5kg,Groceries,83,188
2025-08-21,P004,Wheat Flour 5kg,Groceries,72,199
2025-08-22,P004,Wheat Flour 5kg,Groceries,67,167
2025-08-23,P004,Wheat Flour 5kg,Groceries,75,188
2025-08-24,P004,Wheat Flour 5kg,Groceries,92,192
2025-08-25,P004,Wheat Flour 5kg,Groceries,91,191
2025-08-26,P004,Wheat Flour 5kg,Groceries,90,172
2025-08-27,P004,Wheat Flour 5kg,Groceries,90,179
2025-08-28,P004,Wheat Flour 5kg,Groceries,89,210
2025-08-29,P004,Wheat Flour 5kg,Groceries,72,192
2025-08-30,P004,Wheat Flour 5kg,Groceries,74,162
2025-08-31,P004,Wheat Flour 5kg,Groceries,82,187
2025-09-01,P004,Wheat Flour 5kg,Groceries,89,194
2025-09-02,P004,Wheat Flour 5kg,Groceries,100,172
2025-09-03,P004,Wheat Flour 5kg,Groceries,81,212
2025-09-04,P004,Wheat Flour 5kg,Groceries,82,178
2025-09-05,P004,Wheat Flour 5kg,Groceries,67,183
2025-09-06,P004,Wheat Flour 5kg,Groceries,75,194
2025-09-07,P004,Wheat Flour 5kg,Groceries,105,189
2025-09-08,P004,Wheat Flour 5kg,Groceries,93,154
2025-09-09,P004,Wheat Flour 5kg,Groceries,87,208
2025-09-10,P004,Wheat Flour 5kg,Groceries,91,104
2025-09-11,P004,Wheat Flour 5kg,Groceries,82,220
2025-09-12,P004,Wheat Flour 5kg,Groceries,54,213
2025-09-13,P004,Wheat Flour 5kg,Groceries,54,202
2025-09-14,P004,Wheat Flour 5kg,Groceries,84,142
2025-09-15,P004,Wheat Flour 5kg,Groceries,91,206
2025-09-16,P004,Wheat Flour 5kg,Groceries,95,196
2025-09-17,P004,Wheat Flour 5kg,Groceries,84,151
2025-09-18,P004,Wheat Flour 5kg,Groceries,82,217
2025-09-19,P004,Wheat Flour 5kg,Groceries,76,148
2025-09-20,P004,Wheat Flour 5kg,Groceries,64,169
2025-09-21,P004,Wheat Flour 5kg,Groceries,71,186
2025-09-22,P004,Wheat Flour 5kg,Groceries,91,159
2025-09-23,P004,Wheat Flour 5kg,Groceries,100,196
2025-09-24,P004,Wheat Flour 5kg,Groceries,83,182
2025-09-25,P004,Wheat Flour 5kg,Groceries,62,179
2025-09-26,P004,Wheat Flour 5kg,Groceries,68,188
2025-09-27,P004,Wheat Flour 5kg,Groceries,78,190
2025-09-28,P004,Wheat Flour 5kg,Groceries,83,190
2025-09-29,P004,Wheat Flour 5kg,Groceries,97,183
2025-09-30,P004,Wheat Flour 5kg,Groceries,96,182
2025-10-01,P004,Wheat Flour 5kg,Groceries,101,195
2025-10-02,P004,Wheat Flour 5kg,Groceries,89,192
2025-10-03,P004,Wheat Flour 5kg,Groceries,84,179
2025-10-04,P004,Wheat Flour 5kg,Groceries,90,176
2025-10-05,P004,Wheat Flour 5kg,Groceries,87,192
2025-10-06,P004,Wheat Flour 5kg,Groceries,111,201
2025-10-07,P004,Wheat Flour 5kg,Groceries,108,220
2025-10-08,P004,Wheat Flour 5kg,Groceries,105,169
2025-10-09,P004,Wheat Flour 5kg,Groceries,86,153
2025-10-10,P004,Wheat Flour 5kg,Groceries,98,210
2025-10-11,P004,Wheat Flour 5kg,Groceries,99,168
2025-10-12,P004,Wheat Flour 5kg,Groceries,124,178
2025-10-13,P004,Wheat Flour 5kg,Groceries,106,212
2025-10-14,P004,Wheat Flour 5kg,Groceries,123,226
2025-10-15,P004,Wheat Flour 5kg,Groceries,112,178
2025-10-16,P004,Wheat Flour 5kg,Groceries,90,151
2025-10-17,P004,Wheat Flour 5kg,Groceries,83,206
2025-10-18,P004,Wheat Flour 5kg,Groceries,100,185
2025-10-19,P004,Wheat Flour 5kg,Groceries,96,189
2025-10-20,P004,Wheat Flour 5kg,Groceries,122,193
2025-10-21,P004,Wheat Flour 5kg,Groceries,119,170
2025-10-22,P004,Wheat Flour 5kg,Groceries,121,127
2025-10-23,P004,Wheat Flour 5kg,Groceries,101,233
2025-10-24,P004,Wheat Flour 5kg,Groceries,74,181
2025-10-25,P004,Wheat Flour 5kg,Groceries,95,176
2025-10-26,P004,Wheat Flour 5kg,Groceries,119,194
2025-10-27,P004,Wheat Flour 5kg,Groceries,114,200
2025-10-28,P004,Wheat Flour 5kg,Groceries,119,244
2025-10-29,P004,Wheat Flour 5kg,Groceries,114,189
2025-10-30,P004,Wheat Flour 5kg,Groceries,82,175
2025-10-31,P004,Wheat Flour 5kg,Groceries,98,160
2025-11-01,P004,Wheat Flour 5kg,Groceries,76,186
2025-11-02,P004,Wheat Flour 5kg,Groceries,124,186
2025-11-03,P004,Wheat Flour 5kg,Groceries,110,151
2025-11-04,P004,Wheat Flour 5kg,Groceries,125,197
2025-11-05,P004,Wheat Flour 5kg,Groceries,94,206
2025-11-06,P004,Wheat Flour 5kg,Groceries,108,206
2025-11-07,P004,Wheat Flour 5kg,Groceries,94,197
2025-11-08,P004,Wheat Flour 5kg,Groceries,103,201
2025-11-09,P004,Wheat Flour 5kg,Groceries,91,157
2025-11-10,P004,Wheat Flour 5kg,Groceries,107,183
2025-11-11,P004,Wheat Flour 5kg,Groceries,127,191
2025-11-12,P004,Wheat Flour 5kg,Groceries,129,206
2025-11-13,P004,Wheat Flour 5kg,Groceries,93,189
2025-11-14,P004,Wheat Flour 5kg,Groceries,83,182
2025-11-15,P004,Wheat Flour 5kg,Groceries,103,122
2025-11-16,P004,Wheat Flour 5kg,Groceries,140,195
2025-11-17,P004,Wheat Flour 5kg,Groceries,110,221
2025-11-18,P004,Wheat Flour 5kg,Groceries,119,187
2025-11-19,P004,Wheat Flour 5kg,Groceries,112,216
2025-11-20,P004,Wheat Flour 5kg,Groceries,102,188
2025-11-21,P004,Wheat Flour 5kg,Groceries,103,196
2025-11-22,P004,Wheat Flour 5kg,Groceries,101,206
2025-11-23,P004,Wheat Flour 5kg,Groceries,144,191
2025-11-24,P004,Wheat Flour 5kg,Groceries,120,188
2025-11-25,P004,Wheat Flour 5kg,Groceries,142,174
2025-11-26,P004,Wheat Flour 5kg,Groceries,116,157
2025-11-27,P004,Wheat Flour 5kg,Groceries,93,175
2025-11-28,P004,Wheat Flour 5kg,Groceries,93,218
2025-11-29,P004,Wheat Flour 5kg,Groceries,109,168
2025-11-30,P004,Wheat Flour 5kg,Groceries,108,210
2025-12-01,P004,Wheat Flour 5kg,Groceries,110,186
2025-12-02,P004,Wheat Flour 5kg,Groceries,100,206
2025-12-03,P004,Wheat Flour 5kg,Groceries,90,192
2025-12-04,P004,Wheat Flour 5kg,Groceries,107,189
2025-12-05,P004,Wheat Flour 5kg,Groceries,72,193
2025-12-06,P004,Wheat Flour 5kg,Groceries,82,159
2025-12-07,P004,Wheat Flour 5kg,Groceries,104,206
2025-12-08,P004,Wheat Flour 5kg,Groceries,98,178
2025-12-09,P004,Wheat Flour 5kg,Groceries,96,182
2025-12-10,P004,Wheat Flour 5kg,Groceries,96,166
2025-12-11,P004,Wheat Flour 5kg,Groceries,106,194
2025-12-12,P004,Wheat Flour 5kg,Groceries,84,201
2025-12-13,P004,Wheat Flour 5kg,Groceries,94,177
2025-12-14,P004,Wheat Flour 5kg,Groceries,101,180
2025-12-15,P004,Wheat Flour 5kg,Groceries,107,191
2025-12-16,P004,Wheat Flour 5kg,Groceries,104,160
2025-12-17,P004,Wheat Flour 5kg,Groceries,104,181
2025-12-18,P004,Wheat Flour 5kg,Groceries,73,194
2025-12-19,P004,Wheat Flour 5kg,Groceries,88,232
2025-12-20,P004,Wheat Flour 5kg,Groceries,85,175
2025-12-21,P004,Wheat Flour 5kg,Groceries,89,189
2025-12-22,P004,Wheat Flour 5kg,Groceries,106,170
2025-12-23,P004,Wheat Flour 5kg,Groceries,108,148
2025-12-24,P004,Wheat Flour 5kg,Groceries,114,171
2025-12-25,P004,Wheat Flour 5kg,Groceries,92,159
2025-12-26,P004,Wheat Flour 5kg,Groceries,77,180
2025-12-27,P004,Wheat Flour 5kg,Groceries,90,194
2025-12-28,P004,Wheat Flour 5kg,Groceries,116,199
2025-12-29,P004,Wheat Flour 5kg,Groceries,116,212
2025-12-30,P004,Wheat Flour 5kg,Groceries,118,184
2025-12-31,P004,Wheat Flour 5kg,Groceries,117,205
2024-01-01,P005,Toor Dal 1kg,Groceries,67,156
2024-01-02,P005,Toor Dal 1kg,Groceries,80,183
2024-01-03,P005,Toor Dal 1kg,Groceries,78,189
2024-01-04,P005,Toor Dal 1kg,Groceries,78,190
2024-01-05,P005,Toor Dal 1kg,Groceries,69,152
2024-01-06,P005,Toor Dal 1kg,Groceries,71,160
2024-01-07,P005,Toor Dal 1kg,Groceries,64,165
2024-01-08,P005,Toor Dal 1kg,Groceries,90,178
2024-01-09,P005,Toor Dal 1kg,Groceries,100,173
2024-01-10,P005,Toor Dal 1kg,Groceries,99,173
2024-01-11,P005,Toor Dal 1kg,Groceries,70,148
2024-01-12,P005,Toor Dal 1kg,Groceries,69,161
2024-01-13,P005,Toor Dal 1kg,Groceries,64,192
2024-01-14,P005,Toor Dal 1kg,Groceries,86,189
2024-01-15,P005,Toor Dal 1kg,Groceries,77,169
2024-01-16,P005,Toor Dal 1kg,Groceries,84,183
2024-01-17,P005,Toor Dal 1kg,Groceries,93,176
2024-01-18,P005,Toor Dal 1kg,Groceries,85,185
2024-01-19,P005,Toor Dal 1kg,Groceries,61,184
2024-01-20,P005,Toor Dal 1kg,Groceries,81,204
2024-01-21,P005,Toor Dal 1kg,Groceries,88,170
2024-01-22,P005,Toor Dal 1kg,Groceries,80,180
2024-01-23,P005,Toor Dal 1kg,Groceries,100,177
2024-01-24,P005,Toor Dal 1kg,Groceries,85,171
2024-01-25,P005,Toor Dal 1kg,Groceries,69,167
2024-01-26,P005,Toor Dal 1kg,Groceries,65,199
2024-01-27,P005,Toor Dal 1kg,Groceries,69,171
2024-01-28,P005,Toor Dal 1kg,Groceries,72,182
2024-01-29,P005,Toor Dal 1kg,Groceries,94,198
2024-01-30,P005,Toor Dal 1kg,Groceries,89,180
2024-01-31,P005,Toor Dal 1kg,Groceries,81,179
2024-02-01,P005,Toor Dal 1kg,Groceries,75,171
2024-02-02,P005,Toor Dal 1kg,Groceries,65,178
2024-02-03,P005,Toor Dal 1kg,Groceries,69,166
2024-02-04,P005,Toor Dal 1kg,Groceries,94,216
2024-02-05,P005,Toor Dal 1kg,Groceries,73,149
2024-02-06,P005,Toor Dal 1kg,Groceries,79,168
2024-02-07,P005,Toor Dal 1kg,Groceries,91,180
2024-02-08,P005,Toor Dal 1kg,Groceries,74,179
2024-02-09,P005,Toor Dal 1kg,Groceries,61,166
2024-02-10,P005,Toor Dal 1kg,Groceries,72,143
2024-02-11,P005,Toor Dal 1kg,Groceries,72,151
2024-02-12,P005,Toor Dal 1kg,Groceries,90,174
2024-02-13,P005,Toor Dal 1kg,Groceries,94,139
2024-02-14,P005,Toor Dal 1kg,Groceries,72,181
2024-02-15,P005,Toor Dal 1kg,Groceries,53,191
2024-02-16,P005,Toor Dal 1kg,Groceries,54,184
2024-02-17,P005,Toor Dal 1kg,Groceries,66,188
2024-02-18,P005,Toor Dal 1kg,Groceries,108,131
2024-02-19,P005,Toor Dal 1kg,Groceries,91,139
2024-02-20,P005,Toor Dal 1kg,Groceries,93,166
2024-02-21,P005,Toor Dal 1kg,Groceries,86,155
2024-02-22,P005,Toor Dal 1kg,Groceries,80,145
2024-02-23,P005,Toor Dal 1kg,Groceries,74,163
2024-02-24,P005,Toor Dal 1kg,Groceries,63,197
2024-02-25,P005,Toor Dal 1kg,Groceries,82,202
2024-02-26,P005,Toor Dal 1kg,Groceries,96,156
2024-02-27,P005,Toor Dal 1kg,Groceries,89,172
2024-02-28,P005,Toor Dal 1kg,Groceries,98,177
2024-02-29,P005,Toor Dal 1kg,Groceries,76,167
2024-03-01,P005,Toor Dal 1kg,Groceries,66,192
2024-03-02,P005,Toor Dal 1kg,Groceries,73,163
2024-03-03,P005,Toor Dal 1kg,Groceries,78,161
2024-03-04,P005,Toor Dal 1kg,Groceries,74,157
2024-03-05,P005,Toor Dal 1kg,Groceries,104,166
2024-03-06,P005,Toor Dal 1kg,Groceries,92,128
2024-03-07,P005,Toor Dal 1kg,Groceries,79,167
2024-03-08,P005,Toor Dal 1kg,Groceries,63,173
2024-03-09,P005,Toor Dal 1kg,Groceries,70,134
2024-03-10,P005,Toor Dal 1kg,Groceries,90,174
2024-03-11,P005,Toor Dal 1kg,Groceries,83,154
2024-03-12,P005,Toor Dal 1kg,Groceries,77,174
2024-03-13,P005,Toor Dal 1kg,Groceries,100,173
2024-03-14,P005,Toor Dal 1kg,Groceries,65,174
2024-03-15,P005,Toor Dal 1kg,Groceries,66,185
2024-03-16,P005,Toor Dal 1kg,Groceries,78,119
2024-03-17,P005,Toor Dal 1kg,Groceries,88,153
2024-03-18,P005,Toor Dal 1kg,Groceries,74,167
2024-03-19,P005,Toor Dal 1kg,Groceries,94,142
2024-03-20,P005,Toor Dal 1kg,Groceries,92,183
2024-03-21,P005,Toor Dal 1kg,Groceries,76,155
2024-03-22,P005,Toor Dal 1kg,Groceries,60,187
2024-03-23,P005,Toor Dal 1kg,Groceries,63,188
2024-03-24,P005,Toor Dal 1kg,Groceries,82,168
2024-03-25,P005,Toor Dal 1kg,Groceries,71,168
2024-03-26,P005,Toor Dal 1kg,Groceries,96,147
2024-03-27,P005,Toor Dal 1kg,Groceries,90,172
2024-03-28,P005,Toor Dal 1kg,Groceries,70,185
2024-03-29,P005,Toor Dal 1kg,Groceries,52,176
2024-03-30,P005,Toor Dal 1kg,Groceries,85,194
2024-03-31,P005,Toor Dal 1kg,Groceries,86,165
2024-04-01,P005,Toor Dal 1kg,Groceries,80,165
2024-04-02,P005,Toor Dal 1kg,Groceries,95,156
2024-04-03,P005,Toor Dal 1kg,Groceries,92,206
2024-04-04,P005,Toor Dal 1kg,Groceries,75,147
2024-04-05,P005,Toor Dal 1kg,Groceries,58,183
2024-04-06,P005,Toor Dal 1kg,Groceries,73,185
2024-04-07,P005,Toor Dal 1kg,Groceries,78,184
2024-04-08,P005,Toor Dal 1kg,Groceries,84,158
2024-04-09,P005,Toor Dal 1kg,Groceries,87,150
2024-04-10,P005,Toor Dal 1kg,Groceries,102,168
2024-04-11,P005,Toor Dal 1kg,Groceries,80,161
2024-04-12,P005,Toor Dal 1kg,Groceries,59,166
2024-04-13,P005,Toor Dal 1kg,Groceries,81,161
2024-04-14,P005,Toor Dal 1kg,Groceries,75,173
2024-04-15,P005,Toor Dal 1kg,Groceries,90,198
2024-04-16,P005,Toor Dal 1kg,Groceries,93,181
2024-04-17,P005,Toor Dal 1kg,Groceries,91,150
2024-04-18,P005,Toor Dal 1kg,Groceries,67,152
2024-04-19,P005,Toor Dal 1kg,Groceries,57,184
2024-04-20,P005,Toor Dal 1kg,Groceries,75,171
2024-04-21,P005,Toor Dal 1kg,Groceries,61,205
2024-04-22,P005,Toor Dal 1kg,Groceries,77,205
2024-04-23,P005,Toor Dal 1kg,Groceries,76,156
2024-04-24,P005,Toor Dal 1kg,Groceries,66,176
2024-04-25,P005,Toor Dal 1kg,Groceries,66,152
2024-04-26,P005,Toor Dal 1kg,Groceries,57,183
2024-04-27,P005,Toor Dal 1kg,Groceries,77,201
2024-04-28,P005,Toor Dal 1kg,Groceries,76,174
2024-04-29,P005,Toor Dal 1kg,Groceries,73,164
2024-04-30,P005,Toor Dal 1kg,Groceries,84,178
2024-05-01,P005,Toor Dal 1kg,Groceries,92,187
2024-05-02,P005,Toor Dal 1kg,Groceries,67,187
2024-05-03,P005,Toor Dal 1kg,Groceries,65,164
2024-05-04,P005,Toor Dal 1kg,Groceries,67,160
2024-05-05,P005,Toor Dal 1kg,Groceries,95,175
2024-05-06,P005,Toor Dal 1kg,Groceries,85,166
2024-05-07,P005,Toor Dal 1kg,Groceries,109,192
2024-05-08,P005,Toor Dal 1kg,Groceries,77,165
2024-05-09,P005,Toor Dal 1kg,Groceries,71,172
2024-05-10,P005,Toor Dal 1kg,Groceries,60,177
2024-05-11,P005,Toor Dal 1kg,Groceries,81,148
2024-05-12,P005,Toor Dal 1kg,Groceries,71,162
2024-05-13,P005,Toor Dal 1kg,Groceries,79,204
2024-05-14,P005,Toor Dal 1kg,Groceries,96,186
2024-05-15,P005,Toor Dal 1kg,Groceries,80,165
2024-05-16,P005,Toor Dal 1kg,Groceries,62,183
2024-05-17,P005,Toor Dal 1kg,Groceries,67,192
2024-05-18,P005,Toor Dal 1kg,Groceries,69,168
2024-05-19,P005,Toor Dal 1kg,Groceries,81,185
2024-05-20,P005,Toor Dal 1kg,Groceries,70,183
2024-05-21,P005,Toor Dal 1kg,Groceries,86,152
2024-05-22,P005,Toor Dal 1kg,Groceries,65,168
2024-05-23,P005,Toor Dal 1kg,Groceries,82,198
2024-05-24,P005,Toor Dal 1kg,Groceries,66,203
2024-05-25,P005,Toor Dal 1kg,Groceries,69,186
2024-05-26,P005,Toor Dal 1kg,Groceries,75,161
2024-05-27,P005,Toor Dal 1kg,Groceries,76,135
2024-05-28,P005,Toor Dal 1kg,Groceries,96,159
2024-05-29,P005,Toor Dal 1kg,Groceries,74,150
2024-05-30,P005,Toor Dal 1kg,Groceries,69,200
2024-05-31,P005,Toor Dal 1kg,Groceries,76,142
2024-06-01,P005,Toor Dal 1kg,Groceries,66,152
2024-06-02,P005,Toor Dal 1kg,Groceries,85,175
2024-06-03,P005,Toor Dal 1kg,Groceries,75,171
2024-06-04,P005,Toor Dal 1kg,Groceries,80,197
2024-06-05,P005,Toor Dal 1kg,Groceries,84,181
2024-06-06,P005,Toor Dal 1kg,Groceries,51,169
2024-06-07,P005,Toor Dal 1kg,Groceries,75,193
2024-06-08,P005,Toor Dal 1kg,Groceries,55,165
2024-06-09,P005,Toor Dal 1kg,Groceries,67,199
2024-06-10,P005,Toor Dal 1kg,Groceries,81,157
2024-06-11,P005,Toor Dal 1kg,Groceries,84,126
2024-06-12,P005,Toor Dal 1kg,Groceries,70,171
2024-06-13,P005,Toor Dal 1kg,Groceries,75,137
2024-06-14,P005,Toor Dal 1kg,Groceries,59,187
2024-06-15,P005,Toor Dal 1kg,Groceries,57,174
2024-06-16,P005,Toor Dal 1kg,Groceries,76,199
2024-06-17,P005,Toor Dal 1kg,Groceries,76,167
2024-06-18,P005,Toor Dal 1kg,Groceries,89,147
2024-06-19,P005,Toor Dal 1kg,Groceries,76,162
2024-06-20,P005,Toor Dal 1kg,Groceries,67,184
2024-06-21,P005,Toor Dal 1kg,Groceries,64,157
2024-06-22,P005,Toor Dal 1kg,Groceries,67,195
2024-06-23,P005,Toor Dal 1kg,Groceries,68,172
2024-06-24,P005,Toor Dal 1kg,Groceries,76,169
2024-06-25,P005,Toor Dal 1kg,Groceries,68,194
2024-06-26,P005,Toor Dal 1kg,Groceries,71,187
2024-06-27,P005,Toor Dal 1kg,Groceries,63,159
2024-06-28,P005,Toor Dal 1kg,Groceries,67,187
2024-06-29,P005,Toor Dal 1kg,Groceries,67,183
2024-06-30,P005,Toor Dal 1kg,Groceries,72,170
2024-07-01,P005,Toor Dal 1kg,Groceries,71,185
2024-07-02,P005,Toor Dal 1kg,Groceries,75,195
2024-07-03,P005,Toor Dal 1kg,Groceries,74,170
2024-07-04,P005,Toor Dal 1kg,Groceries,72,170
2024-07-05,P005,Toor Dal 1kg,Groceries,57,169
2024-07-06,P005,Toor Dal 1kg,Groceries,71,159
2024-07-07,P005,Toor Dal 1kg,Groceries,72,170
2024-07-08,P005,Toor Dal 1kg,Groceries,82,168
2024-07-09,P005,Toor Dal 1kg,Groceries,94,167
2024-07-10,P005,Toor Dal 1kg,Groceries,73,167
2024-07-11,P005,Toor Dal 1kg,Groceries,57,152
2024-07-12,P005,Toor Dal 1kg,Groceries,55,189
2024-07-13,P005,Toor Dal 1kg,Groceries,64,162
2024-07-14,P005,Toor Dal 1kg,Groceries,81,196
2024-07-15,P005,Toor Dal 1kg,Groceries,84,155
2024-07-16,P005,Toor Dal 1kg,Groceries,75,201
2024-07-17,P005,Toor Dal 1kg,Groceries,76,165
2024-07-18,P005,Toor Dal 1kg,Groceries,70,187
2024-07-19,P005,Toor Dal 1kg,Groceries,54,174
2024-07-20,P005,Toor Dal 1kg,Groceries,69,150
2024-07-21,P005,Toor Dal 1kg,Groceries,72,151
2024-07-22,P005,Toor Dal 1kg,Groceries,67,160
2024-07-23,P005,Toor Dal 1kg,Groceries,81,165
2024-07-24,P005,Toor Dal 1kg,Groceries,69,171
2024-07-25,P005,Toor Dal 1kg,Groceries,57,177
2024-07-26,P005,Toor Dal 1kg,Groceries,64,169
2024-07-27,P005,Toor Dal 1kg,Groceries,62,176
2024-07-28,P005,Toor Dal 1kg,Groceries,56,179
2024-07-29,P005,Toor Dal 1kg,Groceries,96,168
2024-07-30,P005,Toor Dal 1kg,Groceries,76,183
2024-07-31,P005,Toor Dal 1kg,Groceries,85,187
2024-08-01,P005,Toor Dal 1kg,Groceries,50,180
2024-08-02,P005,Toor Dal 1kg,Groceries,71,181
2024-08-03,P005,Toor Dal 1kg,Groceries,55,175
2024-08-04,P005,Toor Dal 1kg,Groceries,61,191
2024-08-05,P005,Toor Dal 1kg,Groceries,66,171
2024-08-06,P005,Toor Dal 1kg,Groceries,70,161
2024-08-07,P005,Toor Dal 1kg,Groceries,83,172
2024-08-08,P005,Toor Dal 1kg,Groceries,60,151
2024-08-09,P005,Toor Dal 1kg,Groceries,46,149
2024-08-10,P005,Toor Dal 1kg,Groceries,63,187
2024-08-11,P005,Toor Dal 1kg,Groceries,66,197
2024-08-12,P005,Toor Dal 1kg,Groceries,67,166
2024-08-13,P005,Toor Dal 1kg,Groceries,68,187
2024-08-14,P005,Toor Dal 1kg,Groceries,87,140
2024-08-15,P005,Toor Dal 1kg,Groceries,61,192
2024-08-16,P005,Toor Dal 1kg,Groceries,48,180
2024-08-17,P005,Toor Dal 1kg,Groceries,69,171
2024-08-18,P005,Toor Dal 1kg,Groceries,73,200
2024-08-19,P005,Toor Dal 1kg,Groceries,86,169
2024-08-20,P005,Toor Dal 1kg,Groceries,72,154
2024-08-21,P005,Toor Dal 1kg,Groceries,79,147
2024-08-22,P005,Toor Dal 1kg,Groceries,61,172
2024-08-23,P005,Toor Dal 1kg,Groceries,53,175
2024-08-24,P005,Toor Dal 1kg,Groceries,77,168
2024-08-25,P005,Toor Dal 1kg,Groceries,66,187
2024-08-26,P005,Toor Dal 1kg,Groceries,73,194
2024-08-27,P005,Toor Dal 1kg,Groceries,77,166
2024-08-28,P005,Toor Dal 1kg,Groceries,59,142
2024-08-29,P005,Toor Dal 1kg,Groceries,51,176
2024-08-30,P005,Toor Dal 1kg,Groceries,48,191
2024-08-31,P005,Toor Dal 1kg,Groceries,61,166
2024-09-01,P005,Toor Dal 1kg,Groceries,63,181
2024-09-02,P005,Toor Dal 1kg,Groceries,66,153
2024-09-03,P005,Toor Dal 1kg,Groceries,84,176
2024-09-04,P005,Toor Dal 1kg,Groceries,70,181
2024-09-05,P005,Toor Dal 1kg,Groceries,63,177
2024-09-06,P005,Toor Dal 1kg,Groceries,51,205
2024-09-07,P005,Toor Dal 1kg,Groceries,58,196
2024-09-08,P005,Toor Dal 1kg,Groceries,68,184
2024-09-09,P005,Toor Dal 1kg,Groceries,77,189
2024-09-10,P005,Toor Dal 1kg,Groceries,69,188
2024-09-11,P005,Toor Dal 1kg,Groceries,85,166
2024-09-12,P005,Toor Dal 1kg,Groceries,63,161
2024-09-13,P005,Toor Dal 1kg,Groceries,54,199
2024-09-14,P005,Toor Dal 1kg,Groceries,55,154
2024-09-15,P005,Toor Dal 1kg,Groceries,80,181
2024-09-16,P005,Toor Dal 1kg,Groceries,87,162
2024-09-17,P005,Toor Dal 1kg,Groceries,77,159
2024-09-18,P005,Toor Dal 1kg,Groceries,73,140
2024-09-19,P005,Toor Dal 1kg,Groceries,67,175
2024-09-20,P005,Toor Dal 1kg,Groceries,56,163
2024-09-21,P005,Toor Dal 1kg,Groceries,56,182
2024-09-22,P005,Toor Dal 1kg,Groceries,61,179
2024-09-23,P005,Toor Dal 1kg,Groceries,87,195
2024-09-24,P005,Toor Dal 1kg,Groceries,65,161
2024-09-25,P005,Toor Dal 1kg,Groceries,75,169
2024-09-26,P005,Toor Dal 1kg,Groceries,55,177
2024-09-27,P005,Toor Dal 1kg,Groceries,56,203
2024-09-28,P005,Toor Dal 1kg,Groceries,61,190
2024-09-29,P005,Toor Dal 1kg,Groceries,61,153
2024-09-30,P005,Toor Dal 1kg,Groceries,78,188
2024-10-01,P005,Toor Dal 1kg,Groceries,85,170
2024-10-02,P005,Toor Dal 1kg,Groceries,77,167
2024-10-03,P005,Toor Dal 1kg,Groceries,84,163
2024-10-04,P005,Toor Dal 1kg,Groceries,68,151
2024-10-05,P005,Toor Dal 1kg,Groceries,71,200
2024-10-06,P005,Toor Dal 1kg,Groceries,87,153
2024-10-07,P005,Toor Dal 1kg,Groceries,87,143
2024-10-08,P005,Toor Dal 1kg,Groceries,85,193
2024-10-09,P005,Toor Dal 1kg,Groceries,88,202
2024-10-10,P005,Toor Dal 1kg,Groceries,78,169
2024-10-11,P005,Toor Dal 1kg,Groceries,74,125
2024-10-12,P005,Toor Dal 1kg,Groceries,79,169
2024-10-13,P005,Toor Dal 1kg,Groceries,100,186
2024-10-14,P005,Toor Dal 1kg,Groceries,80,191
2024-10-15,P005,Toor Dal 1kg,Groceries,93,155
2024-10-16,P005,Toor Dal 1kg,Groceries,92,167
2024-10-17,P005,Toor Dal 1kg,Groceries,92,176
2024-10-18,P005,Toor Dal 1kg,Groceries,72,185
2024-10-19,P005,Toor Dal 1kg,Groceries,87,183
2024-10-20,P005,Toor Dal 1kg,Groceries,101,180
2024-10-21,P005,Toor Dal 1kg,Groceries,93,191
2024-10-22,P005,Toor Dal 1kg,Groceries,96,171
2024-10-23,P005,Toor Dal 1kg,Groceries,107,198
2024-10-24,P005,Toor Dal 1kg,Groceries,80,162
2024-10-25,P005,Toor Dal 1kg,Groceries,82,184
2024-10-26,P005,Toor Dal 1kg,Groceries,82,165
2024-10-27,P005,Toor Dal 1kg,Groceries,92,170
2024-10-28,P005,Toor Dal 1kg,Groceries,87,172
2024-10-29,P005,Toor Dal 1kg,Groceries,100,164
2024-10-30,P005,Toor Dal 1kg,Groceries,101,192
2024-10-31,P005,Toor Dal 1kg,Groceries,90,165
2024-11-01,P005,Toor Dal 1kg,Groceries,78,171
2024-11-02,P005,Toor Dal 1kg,Groceries,70,181
2024-11-03,P005,Toor Dal 1kg,Groceries,92,214
2024-11-04,P005,Toor Dal 1kg,Groceries,108,182
2024-11-05,P005,Toor Dal 1kg,Groceries,102,173
2024-11-06,P005,Toor Dal 1kg,Groceries,85,140
2024-11-07,P005,Toor Dal 1kg,Groceries,76,169
2024-11-08,P005,Toor Dal 1kg,Groceries,58,161
2024-11-09,P005,Toor Dal 1kg,Groceries,79,166
2024-11-10,P005,Toor Dal 1kg,Groceries,86,164
2024-11-11,P005,Toor Dal 1kg,Groceries,112,181
2024-11-12,P005,Toor Dal 1kg,Groceries,95,169
2024-11-13,P005,Toor Dal 1kg,Groceries,95,157
2024-11-14,P005,Toor Dal 1kg,Groceries,78,187
2024-11-15,P005,Toor Dal 1kg,Groceries,72,151
2024-11-16,P005,Toor Dal 1kg,Groceries,82,172
2024-11-17,P005,Toor Dal 1kg,Groceries,75,169
2024-11-18,P005,Toor Dal 1kg,Groceries,105,178
2024-11-19,P005,Toor Dal 1kg,Groceries,125,191
2024-11-20,P005,Toor Dal 1kg,Groceries,111,218
2024-11-21,P005,Toor Dal 1kg,Groceries,92,173
2024-11-22,P005,Toor Dal 1kg,Groceries,84,160
2024-11-23,P005,Toor Dal 1kg,Groceries,85,159
2024-11-24,P005,Toor Dal 1kg,Groceries,99,159
2024-11-25,P005,Toor Dal 1kg,Groceries,92,177
2024-11-26,P005,Toor Dal 1kg,Groceries,103,137
2024-11-27,P005,Toor Dal 1kg,Groceries,85,150
2024-11-28,P005,Toor Dal 1kg,Groceries,79,177
2024-11-29,P005,Toor Dal 1kg,Groceries,79,188
2024-11-30,P005,Toor Dal 1kg,Groceries,92,188
2024-12-01,P005,Toor Dal 1kg,Groceries,84,174
2024-12-02,P005,Toor Dal 1kg,Groceries,91,186
2024-12-03,P005,Toor Dal 1kg,Groceries,90,192
2024-12-04,P005,Toor Dal 1kg,Groceries,63,165
2024-12-05,P005,Toor Dal 1kg,Groceries,70,190
2024-12-06,P005,Toor Dal 1kg,Groceries,75,145
2024-12-07,P005,Toor Dal 1kg,Groceries,81,150
2024-12-08,P005,Toor Dal 1kg,Groceries,71,166
2024-12-09,P005,Toor Dal 1kg,Groceries,81,144
2024-12-10,P005,Toor Dal 1kg,Groceries,94,182
2024-12-11,P005,Toor Dal 1kg,Groceries,93,163
2024-12-12,P005,Toor Dal 1kg,Groceries,73,169
2024-12-13,P005,Toor Dal 1kg,Groceries,77,122
2024-12-14,P005,Toor Dal 1kg,Groceries,65,170
2024-12-15,P005,Toor Dal 1kg,Groceries,73,166
2024-12-16,P005,Toor Dal 1kg,Groceries,84,159
2024-12-17,P005,Toor Dal 1kg,Groceries,90,181
2024-12-18,P005,Toor Dal 1kg,Groceries,83,162
2024-12-19,P005,Toor Dal 1kg,Groceries,74,170
2024-12-20,P005,Toor Dal 1kg,Groceries,55,178
2024-12-21,P005,Toor Dal 1kg,Groceries,70,191
2024-12-22,P005,Toor Dal 1kg,Groceries,88,190
2024-12-23,P005,Toor Dal 1kg,Groceries,78,164
2024-12-24,P005,Toor Dal 1kg,Groceries,80,158
2024-12-25,P005,Toor Dal 1kg,Groceries,97,195
2024-12-26,P005,Toor Dal 1kg,Groceries,67,162
2024-12-27,P005,Toor Dal 1kg,Groceries,67,180
2024-12-28,P005,Toor Dal 1kg,Groceries,62,143
2024-12-29,P005,Toor Dal 1kg,Groceries,89,137
2024-12-30,P005,Toor Dal 1kg,Groceries,84,173
2024-12-31,P005,Toor Dal 1kg,Groceries,96,168
2025-01-01,P005,Toor Dal 1kg,Groceries,85,184
2025-01-02,P005,Toor Dal 1kg,Groceries,79,159
2025-01-03,P005,Toor Dal 1kg,Groceries,69,177
2025-01-04,P005,Toor Dal 1kg,Groceries,89,183
2025-01-05,P005,Toor Dal 1kg,Groceries,96,160
2025-01-06,P005,Toor Dal 1kg,Groceries,84,166
2025-01-07,P005,Toor Dal 1kg,Groceries,93,153
2025-01-08,P005,Toor Dal 1kg,Groceries,100,185
2025-01-09,P005,Toor Dal 1kg,Groceries,76,181
2025-01-10,P005,Toor Dal 1kg,Groceries,71,182
2025-01-11,P005,Toor Dal 1kg,Groceries,67,168
2025-01-12,P005,Toor Dal 1kg,Groceries,86,181
2025-01-13,P005,Toor Dal 1kg,Groceries,85,128
2025-01-14,P005,Toor Dal 1kg,Groceries,85,169
2025-01-15,P005,Toor Dal 1kg,Groceries,91,199
2025-01-16,P005,Toor Dal 1kg,Groceries,84,171
2025-01-17,P005,Toor Dal 1kg,Groceries,70,189
2025-01-18,P005,Toor Dal 1kg,Groceries,73,168
2025-01-19,P005,Toor Dal 1kg,Groceries,78,194
2025-01-20,P005,Toor Dal 1kg,Groceries,95,158
2025-01-21,P005,Toor Dal 1kg,Groceries,95,179
2025-01-22,P005,Toor Dal 1kg,Groceries,89,161
2025-01-23,P005,Toor Dal 1kg,Groceries,75,176
2025-01-24,P005,Toor Dal 1kg,Groceries,69,162
2025-01-25,P005,Toor Dal 1kg,Groceries,68,171
2025-01-26,P005,Toor Dal 1kg,Groceries,87,165
2025-01-27,P005,Toor Dal 1kg,Groceries,94,183
2025-01-28,P005,Toor Dal 1kg,Groceries,104,179
2025-01-29,P005,Toor Dal 1kg,Groceries,90,160
2025-01-30,P005,Toor Dal 1kg,Groceries,73,160
2025-01-31,P005,Toor Dal 1kg,Groceries,72,157
2025-02-01,P005,Toor Dal 1kg,Groceries,81,154
2025-02-02,P005,Toor Dal 1kg,Groceries,75,184
2025-02-03,P005,Toor Dal 1kg,Groceries,89,156
2025-02-04,P005,Toor Dal 1kg,Groceries,88,177
2025-02-05,P005,Toor Dal 1kg,Groceries,106,163
2025-02-06,P005,Toor Dal 1kg,Groceries,80,188
2025-02-07,P005,Toor Dal 1kg,Groceries,60,203
2025-02-08,P005,Toor Dal 1kg,Groceries,100,124
2025-02-09,P005,Toor Dal 1kg,Groceries,90,158
2025-02-10,P005,Toor Dal 1kg,Groceries,92,163
2025-02-11,P005,Toor Dal 1kg,Groceries,108,168
2025-02-12,P005,Toor Dal 1kg,Groceries,86,167
2025-02-13,P005,Toor Dal 1kg,Groceries,87,150
2025-02-14,P005,Toor Dal 1kg,Groceries,62,204
2025-02-15,P005,Toor Dal 1kg,Groceries,76,168
2025-02-16,P005,Toor Dal 1kg,Groceries,88,179
2025-02-17,P005,Toor Dal 1kg,Groceries,112,180
2025-02-18,P005,Toor Dal 1kg,Groceries,85,146
2025-02-19,P005,Toor Dal 1kg,Groceries,91,165
2025-02-20,P005,Toor Dal 1kg,Groceries,69,184
2025-02-21,P005,Toor Dal 1kg,Groceries,66,195
2025-02-22,P005,Toor Dal 1kg,Groceries,97,166
2025-02-23,P005,Toor Dal 1kg,Groceries,96,149
2025-02-24,P005,Toor Dal 1kg,Groceries,102,162
2025-02-25,P005,Toor Dal 1kg,Groceries,90,165
2025-02-26,P005,Toor Dal 1kg,Groceries,91,164
2025-02-27,P005,Toor Dal 1kg,Groceries,92,157
2025-02-28,P005,Toor Dal 1kg,Groceries,88,147
2025-03-01,P005,Toor Dal 1kg,Groceries,96,153
2025-03-02,P005,Toor Dal 1kg,Groceries,93,162
2025-03-03,P005,Toor Dal 1kg,Groceries,93,184
2025-03-04,P005,Toor Dal 1kg,Groceries,117,190
2025-03-05,P005,Toor Dal 1kg,Groceries,92,173
2025-03-06,P005,Toor Dal 1kg,Groceries,78,153
2025-03-07,P005,Toor Dal 1kg,Groceries,66,163
2025-03-08,P005,Toor Dal 1kg,Groceries,85,137
2025-03-09,P005,Toor Dal 1kg,Groceries,93,196
2025-03-10,P005,Toor Dal 1kg,Groceries,107,160
2025-03-11,P005,Toor Dal 1kg,Groceries,88,178
2025-03-12,P005,Toor Dal 1kg,Groceries,74,189
2025-03-13,P005,Toor Dal 1kg,Groceries,83,201
2025-03-14,P005,Toor Dal 1kg,Groceries,62,186
2025-03-15,P005,Toor Dal 1kg,Groceries,82,164
2025-03-16,P005,Toor Dal 1kg,Groceries,81,180
2025-03-17,P005,Toor Dal 1kg,Groceries,103,200
2025-03-18,P005,Toor Dal 1kg,Groceries,112,160
2025-03-19,P005,Toor Dal 1kg,Groceries,87,147
2025-03-20,P005,Toor Dal 1kg,Groceries,97,157
2025-03-21,P005,Toor Dal 1kg,Groceries,86,179
2025-03-22,P005,Toor Dal 1kg,Groceries,86,165
2025-03-23,P005,Toor Dal 1kg,Groceries,100,170
2025-03-24,P005,Toor Dal 1kg,Groceries,93,182
2025-03-25,P005,Toor Dal 1kg,Groceries,101,156
2025-03-26,P005,Toor Dal 1kg,Groceries,102,169
2025-03-27,P005,Toor Dal 1kg,Groceries,89,162
2025-03-28,P005,Toor Dal 1kg,Groceries,66,199
2025-03-29,P005,Toor Dal 1kg,Groceries,96,185
2025-03-30,P005,Toor Dal 1kg,Groceries,90,165
2025-03-31,P005,Toor Dal 1kg,Groceries,110,164
2025-04-01,P005,Toor Dal 1kg,Groceries,95,202
2025-04-02,P005,Toor Dal 1kg,Groceries,96,200
2025-04-03,P005,Toor Dal 1kg,Groceries,73,179
2025-04-04,P005,Toor Dal 1kg,Groceries,91,171
2025-04-05,P005,Toor Dal 1kg,Groceries,80,150
2025-04-06,P005,Toor Dal 1kg,Groceries,103,157
2025-04-07,P005,Toor Dal 1kg,Groceries,95,149
2025-04-08,P005,Toor Dal 1kg,Groceries,117,190
2025-04-09,P005,Toor Dal 1kg,Groceries,96,150
2025-04-10,P005,Toor Dal 1kg,Groceries,97,164
2025-04-11,P005,Toor Dal 1kg,Groceries,66,140
2025-04-12,P005,Toor Dal 1kg,Groceries,77,145
2025-04-13,P005,Toor Dal 1kg,Groceries,87,183
2025-04-14,P005,Toor Dal 1kg,Groceries,92,176
2025-04-15,P005,Toor Dal 1kg,Groceries,94,171
2025-04-16,P005,Toor Dal 1kg,Groceries,114,164
2025-04-17,P005,Toor Dal 1kg,Groceries,87,143
2025-04-18,P005,Toor Dal 1kg,Groceries,86,162
2025-04-19,P005,Toor Dal 1kg,Groceries,90,168
2025-04-20,P005,Toor Dal 1kg,Groceries,98,181
2025-04-21,P005,Toor Dal 1kg,Groceries,91,189
2025-04-22,P005,Toor Dal 1kg,Groceries,93,183
2025-04-23,P005,Toor Dal 1kg,Groceries,91,176
2025-04-24,P005,Toor Dal 1kg,Groceries,79,171
2025-04-25,P005,Toor Dal 1kg,Groceries,66,174
2025-04-26,P005,Toor Dal 1kg,Groceries,82,161
2025-04-27,P005,Toor Dal 1kg,Groceries,91,172
2025-04-28,P005,Toor Dal 1kg,Groceries,89,168
2025-04-29,P005,Toor Dal 1kg,Groceries,90,210
2025-04-30,P005,Toor Dal 1kg,Groceries,104,175
2025-05-01,P005,Toor Dal 1kg,Groceries,92,136
2025-05-02,P005,Toor Dal 1kg,Groceries,55,163
2025-05-03,P005,Toor Dal 1kg,Groceries,70,166
2025-05-04,P005,Toor Dal 1kg,Groceries,93,186
2025-05-05,P005,Toor Dal 1kg,Groceries,83,177
2025-05-06,P005,Toor Dal 1kg,Groceries,99,176
2025-05-07,P005,Toor Dal 1kg,Groceries,89,194
2025-05-08,P005,Toor Dal 1kg,Groceries,81,200
2025-05-09,P005,Toor Dal 1kg,Groceries,67,183
2025-05-10,P005,Toor Dal 1kg,Groceries,80,164
2025-05-11,P005,Toor Dal 1kg,Groceries,96,165
2025-05-12,P005,Toor Dal 1kg,Groceries,68,118
2025-05-13,P005,Toor Dal 1kg,Groceries,111,191
2025-05-14,P005,Toor Dal 1kg,Groceries,110,170
2025-05-15,P005,Toor Dal 1kg,Groceries,71,163
2025-05-16,P005,Toor Dal 1kg,Groceries,72,153
2025-05-17,P005,Toor Dal 1kg,Groceries,92,208
2025-05-18,P005,Toor Dal 1kg,Groceries,93,170
2025-05-19,P005,Toor Dal 1kg,Groceries,80,196
2025-05-20,P005,Toor Dal 1kg,Groceries,98,165
2025-05-21,P005,Toor Dal 1kg,Groceries,96,160
2025-05-22,P005,Toor Dal 1kg,Groceries,82,145
2025-05-23,P005,Toor Dal 1kg,Groceries,79,168
2025-05-24,P005,Toor Dal 1kg,Groceries,87,167
2025-05-25,P005,Toor Dal 1kg,Groceries,87,149
2025-05-26,P005,Toor Dal 1kg,Groceries,98,155
2025-05-27,P005,Toor Dal 1kg,Groceries,91,170
2025-05-28,P005,Toor Dal 1kg,Groceries,92,141
2025-05-29,P005,Toor Dal 1kg,Groceries,78,184
2025-05-30,P005,Toor Dal 1kg,Groceries,68,166
2025-05-31,P005,Toor Dal 1kg,Groceries,79,168
2025-06-01,P005,Toor Dal 1kg,Groceries,78,169
2025-06-02,P005,Toor Dal 1kg,Groceries,99,152
2025-06-03,P005,Toor Dal 1kg,Groceries,91,147
2025-06-04,P005,Toor Dal 1kg,Groceries,98,168
2025-06-05,P005,Toor Dal 1kg,Groceries,72,172
2025-06-06,P005,Toor Dal 1kg,Groceries,61,152
2025-06-07,P005,Toor Dal 1kg,Groceries,65,152
2025-06-08,P005,Toor Dal 1kg,Groceries,98,158
2025-06-09,P005,Toor Dal 1kg,Groceries,93,156
2025-06-10,P005,Toor Dal 1kg,Groceries,101,153
2025-06-11,P005,Toor Dal 1kg,Groceries,89,171
2025-06-12,P005,Toor Dal 1kg,Groceries,96,181
2025-06-13,P005,Toor Dal 1kg,Groceries,65,182
2025-06-14,P005,Toor Dal 1kg,Groceries,92,142
2025-06-15,P005,Toor Dal 1kg,Groceries,78,166
2025-06-16,P005,Toor Dal 1kg,Groceries,84,164
2025-06-17,P005,Toor Dal 1kg,Groceries,81,194
2025-06-18,P005,Toor Dal 1kg,Groceries,75,167
2025-06-19,P005,Toor Dal 1kg,Groceries,85,169
2025-06-20,P005,Toor Dal 1kg,Groceries,61,147
2025-06-21,P005,Toor Dal 1kg,Groceries,73,157
2025-06-22,P005,Toor Dal 1kg,Groceries,86,146
2025-06-23,P005,Toor Dal 1kg,Groceries,94,172
2025-06-24,P005,Toor Dal 1kg,Groceries,93,194
2025-06-25,P005,Toor Dal 1kg,Groceries,83,158
2025-06-26,P005,Toor Dal 1kg,Groceries,72,167
2025-06-27,P005,Toor Dal 1kg,Groceries,66,156
2025-06-28,P005,Toor Dal 1kg,Groceries,59,160
2025-06-29,P005,Toor Dal 1kg,Groceries,86,172
2025-06-30,P005,Toor Dal 1kg,Groceries,96,203
2025-07-01,P005,Toor Dal 1kg,Groceries,97,194
2025-07-02,P005,Toor Dal 1kg,Groceries,92,199
2025-07-03,P005,Toor Dal 1kg,Groceries,89,186
2025-07-04,P005,Toor Dal 1kg,Groceries,71,167
2025-07-05,P005,Toor Dal 1kg,Groceries,73,164
2025-07-06,P005,Toor Dal 1kg,Groceries,87,158
2025-07-07,P005,Toor Dal 1kg,Groceries,83,130
2025-07-08,P005,Toor Dal 1kg,Groceries,105,166
2025-07-09,P005,Toor Dal 1kg,Groceries,88,195
2025-07-10,P005,Toor Dal 1kg,Groceries,76,195
2025-07-11,P005,Toor Dal 1kg,Groceries,57,211
2025-07-12,P005,Toor Dal 1kg,Groceries,80,174
2025-07-13,P005,Toor Dal 1kg,Groceries,93,150
2025-07-14,P005,Toor Dal 1kg,Groceries,81,195
2025-07-15,P005,Toor Dal 1kg,Groceries,72,180
2025-07-16,P005,Toor Dal 1kg,Groceries,88,203
2025-07-17,P005,Toor Dal 1kg,Groceries,62,197
2025-07-18,P005,Toor Dal 1kg,Groceries,61,162
2025-07-19,P005,Toor Dal 1kg,Groceries,63,152
2025-07-20,P005,Toor Dal 1kg,Groceries,83,151
2025-07-21,P005,Toor Dal 1kg,Groceries,89,159
2025-07-22,P005,Toor Dal 1kg,Groceries,77,161
2025-07-23,P005,Toor Dal 1kg,Groceries,85,165
2025-07-24,P005,Toor Dal 1kg,Groceries,73,182
2025-07-25,P005,Toor Dal 1kg,Groceries,71,165
2025-07-26,P005,Toor Dal 1kg,Groceries,63,171
2025-07-27,P005,Toor Dal 1kg,Groceries,83,145
2025-07-28,P005,Toor Dal 1kg,Groceries,75,158
2025-07-29,P005,Toor Dal 1kg,Groceries,85,157
2025-07-30,P005,Toor Dal 1kg,Groceries,88,143
2025-07-31,P005,Toor Dal 1kg,Groceries,60,164
2025-08-01,P005,Toor Dal 1kg,Groceries,62,145
2025-08-02,P005,Toor Dal 1kg,Groceries,66,163
2025-08-03,P005,Toor Dal 1kg,Groceries,76,173
2025-08-04,P005,Toor Dal 1kg,Groceries,76,195
2025-08-05,P005,Toor Dal 1kg,Groceries,90,156
2025-08-06,P005,Toor Dal 1kg,Groceries,82,172
2025-08-07,P005,Toor Dal 1kg,Groceries,80,160
2025-08-08,P005,Toor Dal 1kg,Groceries,68,171
2025-08-09,P005,Toor Dal 1kg,Groceries,80,192
2025-08-10,P005,Toor Dal 1kg,Groceries,80,166
2025-08-11,P005,Toor Dal 1kg,Groceries,85,167
2025-08-12,P005,Toor Dal 1kg,Groceries,100,171
2025-08-13,P005,Toor Dal 1kg,Groceries,77,162
2025-08-14,P005,Toor Dal 1kg,Groceries,62,179
2025-08-15,P005,Toor Dal 1kg,Groceries,58,189
2025-08-16,P005,Toor Dal 1kg,Groceries,60,172
2025-08-17,P005,Toor Dal 1kg,Groceries,87,133
2025-08-18,P005,Toor Dal 1kg,Groceries,97,163
2025-08-19,P005,Toor Dal 1kg,Groceries,86,180
2025-08-20,P005,Toor Dal 1kg,Groceries,86,175
2025-08-21,P005,Toor Dal 1kg,Groceries,77,179
2025-08-22,P005,Toor Dal 1kg,Groceries,73,179
2025-08-23,P005,Toor Dal 1kg,Groceries,82,185
2025-08-24,P005,Toor Dal 1kg,Groceries,63,214
2025-08-25,P005,Toor Dal 1kg,Groceries,76,195
2025-08-26,P005,Toor Dal 1kg,Groceries,85,188
2025-08-27,P005,Toor Dal 1kg,Groceries,75,181
2025-08-28,P005,Toor Dal 1kg,Groceries,68,197
2025-08-29,P005,Toor Dal 1kg,Groceries,65,186
2025-08-30,P005,Toor Dal 1kg,Groceries,54,169
2025-08-31,P005,Toor Dal 1kg,Groceries,80,174
2025-09-01,P005,Toor Dal 1kg,Groceries,88,164
2025-09-02,P005,Toor Dal 1kg,Groceries,85,190
2025-09-03,P005,Toor Dal 1kg,Groceries,62,180
2025-09-04,P005,Toor Dal 1kg,Groceries,68,154
2025-09-05,P005,Toor Dal 1kg,Groceries,64,191
2025-09-06,P005,Toor Dal 1kg,Groceries,76,168
2025-09-07,P005,Toor Dal 1kg,Groceries,84,185
2025-09-08,P005,Toor Dal 1kg,Groceries,79,158
2025-09-09,P005,Toor Dal 1kg,Groceries,79,184
2025-09-10,P005,Toor Dal 1kg,Groceries,80,152
2025-09-11,P005,Toor Dal 1kg,Groceries,58,184
2025-09-12,P005,Toor Dal 1kg,Groceries,59,176
2025-09-13,P005,Toor Dal 1kg,Groceries,77,148
2025-09-14,P005,Toor Dal 1kg,Groceries,77,167
2025-09-15,P005,Toor Dal 1kg,Groceries,83,191
2025-09-16,P005,Toor Dal 1kg,Groceries,73,180
2025-09-17,P005,Toor Dal 1kg,Groceries,88,167
2025-09-18,P005,Toor Dal 1kg,Groceries,69,177
2025-09-19,P005,Toor Dal 1kg,Groceries,65,180
2025-09-20,P005,Toor Dal 1kg,Groceries,73,153
2025-09-21,P005,Toor Dal 1kg,Groceries,85,190
2025-09-22,P005,Toor Dal 1kg,Groceries,82,145
2025-09-23,P005,Toor Dal 1kg,Groceries,84,173
2025-09-24,P005,Toor Dal 1kg,Groceries,71,164
2025-09-25,P005,Toor Dal 1kg,Groceries,61,180
2025-09-26,P005,Toor Dal 1kg,Groceries,64,142
2025-09-27,P005,Toor Dal 1kg,Groceries,72,169
2025-09-28,P005,Toor Dal 1kg,Groceries,82,163
2025-09-29,P005,Toor Dal 1kg,Groceries,75,157
2025-09-30,P005,Toor Dal 1kg,Groceries,81,170
2025-10-01,P005,Toor Dal 1kg,Groceries,100,167
2025-10-02,P005,Toor Dal 1kg,Groceries,83,164
2025-10-03,P005,Toor Dal 1kg,Groceries,97,157
2025-10-04,P005,Toor Dal 1kg,Groceries,80,226
2025-10-05,P005,Toor Dal 1kg,Groceries,100,147
2025-10-06,P005,Toor Dal 1kg,Groceries,108,155
2025-10-07,P005,Toor Dal 1kg,Groceries,115,166
2025-10-08,P005,Toor Dal 1kg,Groceries,95,197
2025-10-09,P005,Toor Dal 1kg,Groceries,93,187
2025-10-10,P005,Toor Dal 1kg,Groceries,81,162
2025-10-11,P005,Toor Dal 1kg,Groceries,91,191
2025-10-12,P005,Toor Dal 1kg,Groceries,98,201
2025-10-13,P005,Toor Dal 1kg,Groceries,109,174
2025-10-14,P005,Toor Dal 1kg,Groceries,109,172
2025-10-15,P005,Toor Dal 1kg,Groceries,88,168
2025-10-16,P005,Toor Dal 1kg,Groceries,90,163
2025-10-17,P005,Toor Dal 1kg,Groceries,81,170
2025-10-18,P005,Toor Dal 1kg,Groceries,94,181
2025-10-19,P005,Toor Dal 1kg,Groceries,100,147
2025-10-20,P005,Toor Dal 1kg,Groceries,120,168
2025-10-21,P005,Toor Dal 1kg,Groceries,107,164
2025-10-22,P005,Toor Dal 1kg,Groceries,97,196
2025-10-23,P005,Toor Dal 1kg,Groceries,102,178
2025-10-24,P005,Toor Dal 1kg,Groceries,79,181
2025-10-25,P005,Toor Dal 1kg,Groceries,89,167
2025-10-26,P005,Toor Dal 1kg,Groceries,103,163
2025-10-27,P005,Toor Dal 1kg,Groceries,106,173
2025-10-28,P005,Toor Dal 1kg,Groceries,115,159
2025-10-29,P005,Toor Dal 1kg,Groceries,111,155
2025-10-30,P005,Toor Dal 1kg,Groceries,86,161
2025-10-31,P005,Toor Dal 1kg,Groceries,72,187
2025-11-01,P005,Toor Dal 1kg,Groceries,80,158
2025-11-02,P005,Toor Dal 1kg,Groceries,113,160
2025-11-03,P005,Toor Dal 1kg,Groceries,102,153
2025-11-04,P005,Toor Dal 1kg,Groceries,120,184
2025-11-05,P005,Toor Dal 1kg,Groceries,112,179
2025-11-06,P005,Toor Dal 1kg,Groceries,93,161
2025-11-07,P005,Toor Dal 1kg,Groceries,75,192
2025-11-08,P005,Toor Dal 1kg,Groceries,97,158
2025-11-09,P005,Toor Dal 1kg,Groceries,102,165
2025-11-10,P005,Toor Dal 1kg,Groceries,94,173
2025-11-11,P005,Toor Dal 1kg,Groceries,107,154
2025-11-12,P005,Toor Dal 1kg,Groceries,91,143
2025-11-13,P005,Toor Dal 1kg,Groceries,90,169
2025-11-14,P005,Toor Dal 1kg,Groceries,76,181
2025-11-15,P005,Toor Dal 1kg,Groceries,91,180
2025-11-16,P005,Toor Dal 1kg,Groceries,102,157
2025-11-17,P005,Toor Dal 1kg,Groceries,109,149
2025-11-18,P005,Toor Dal 1kg,Groceries,120,154
2025-11-19,P005,Toor Dal 1kg,Groceries,118,164
2025-11-20,P005,Toor Dal 1kg,Groceries,105,151
2025-11-21,P005,Toor Dal 1kg,Groceries,79,176
2025-11-22,P005,Toor Dal 1kg,Groceries,104,198
2025-11-23,P005,Toor Dal 1kg,Groceries,106,201
2025-11-24,P005,Toor Dal 1kg,Groceries,106,189
2025-11-25,P005,Toor Dal 1kg,Groceries,105,177
2025-11-26,P005,Toor Dal 1kg,Groceries,84,151
2025-11-27,P005,Toor Dal 1kg,Groceries,101,148
2025-11-28,P005,Toor Dal 1kg,Groceries,90,185
2025-11-29,P005,Toor Dal 1kg,Groceries,90,154
2025-11-30,P005,Toor Dal 1kg,Groceries,102,154
2025-12-01,P005,Toor Dal 1kg,Groceries,90,172
2025-12-02,P005,Toor Dal 1kg,Groceries,93,198
2025-12-03,P005,Toor Dal 1kg,Groceries,85,194
2025-12-04,P005,Toor Dal 1kg,Groceries,72,171
2025-12-05,P005,Toor Dal 1kg,Groceries,80,189
2025-12-06,P005,Toor Dal 1kg,Groceries,76,179
2025-12-07,P005,Toor Dal 1kg,Groceries,93,161
2025-12-08,P005,Toor Dal 1kg,Groceries,98,202
2025-12-09,P005,Toor Dal 1kg,Groceries,103,180
2025-12-10,P005,Toor Dal 1kg,Groceries,99,145
2025-12-11,P005,Toor Dal 1kg,Groceries,85,153
2025-12-12,P005,Toor Dal 1kg,Groceries,68,207
2025-12-13,P005,Toor Dal 1kg,Groceries,78,157
2025-12-14,P005,Toor Dal 1kg,Groceries,101,154
2025-12-15,P005,Toor Dal 1kg,Groceries,90,191
2025-12-16,P005,Toor Dal 1kg,Groceries,100,143
2025-12-17,P005,Toor Dal 1kg,Groceries,100,163
2025-12-18,P005,Toor Dal 1kg,Groceries,96,160
2025-12-19,P005,Toor Dal 1kg,Groceries,82,200
2025-12-20,P005,Toor Dal 1kg,Groceries,75,167
2025-12-21,P005,Toor Dal 1kg,Groceries,96,155
2025-12-22,P005,Toor Dal 1kg,Groceries,98,166
2025-12-23,P005,Toor Dal 1kg,Groceries,99,171
2025-12-24,P005,Toor Dal 1kg,Groceries,97,173
2025-12-25,P005,Toor Dal 1kg,Groceries,79,161
2025-12-26,P005,Toor Dal 1kg,Groceries,74,169
2025-12-27,P005,Toor Dal 1kg,Groceries,79,176
2025-12-28,P005,Toor Dal 1kg,Groceries,77,158
2025-12-29,P005,Toor Dal 1kg,Groceries,95,155
2025-12-30,P005,Toor Dal 1kg,Groceries,119,170
2025-12-31,P005,Toor Dal 1kg,Groceries,99,162
2024-01-01,P006,Milk 1L,Dairy,142,356
2024-01-02,P006,Milk 1L,Dairy,129,352
2024-01-03,P006,Milk 1L,Dairy,102,322
2024-01-04,P006,Milk 1L,Dairy,174,393
2024-01-05,P006,Milk 1L,Dairy,197,413
2024-01-06,P006,Milk 1L,Dairy,221,346
2024-01-07,P006,Milk 1L,Dairy,180,404
2024-01-08,P006,Milk 1L,Dairy,163,453
2024-01-09,P006,Milk 1L,Dairy,137,434
2024-01-10,P006,Milk 1L,Dairy,135,411
2024-01-11,P006,Milk 1L,Dairy,177,325
2024-01-12,P006,Milk 1L,Dairy,166,325
2024-01-13,P006,Milk 1L,Dairy,181,387
2024-01-14,P006,Milk 1L,Dairy,197,364
2024-01-15,P006,Milk 1L,Dairy,171,295
2024-01-16,P006,Milk 1L,Dairy,160,350
2024-01-17,P006,Milk 1L,Dairy,145,385
2024-01-18,P006,Milk 1L,Dairy,172,359
2024-01-19,P006,Milk 1L,Dairy,137,365
2024-01-20,P006,Milk 1L,Dairy,211,325
2024-01-21,P006,Milk 1L,Dairy,204,349
2024-01-22,P006,Milk 1L,Dairy,140,387
2024-01-23,P006,Milk 1L,Dairy,134,348
2024-01-24,P006,Milk 1L,Dairy,131,407
2024-01-25,P006,Milk 1L,Dairy,150,365
2024-01-26,P006,Milk 1L,Dairy,166,379
2024-01-27,P006,Milk 1L,Dairy,234,386
2024-01-28,P006,Milk 1L,Dairy,214,384
2024-01-29,P006,Milk 1L,Dairy,139,331
2024-01-30,P006,Milk 1L,Dairy,138,336
2024-01-31,P006,Milk 1L,Dairy,122,295
2024-02-01,P006,Milk 1L,Dairy,130,353
2024-02-02,P006,Milk 1L,Dairy,172,334
2024-02-03,P006,Milk 1L,Dairy,207,347
2024-02-04,P006,Milk 1L,Dairy,221,357
2024-02-05,P006,Milk 1L,Dairy,172,370
2024-02-06,P006,Milk 1L,Dairy,121,359
2024-02-07,P006,Milk 1L,Dairy,119,359
2024-02-08,P006,Milk 1L,Dairy,139,376
2024-02-09,P006,Milk 1L,Dairy,149,363
2024-02-10,P006,Milk 1L,Dairy,216,395
2024-02-11,P006,Milk 1L,Dairy,183,363
2024-02-12,P006,Milk 1L,Dairy,163,419
2024-02-13,P006,Milk 1L,Dairy,119,329
2024-02-14,P006,Milk 1L,Dairy,173,353
2024-02-15,P006,Milk 1L,Dairy,121,341
2024-02-16,P006,Milk 1L,Dairy,123,371
2024-02-17,P006,Milk 1L,Dairy,219,329
2024-02-18,P006,Milk 1L,Dairy,188,396
2024-02-19,P006,Milk 1L,Dairy,131,315
2024-02-20,P006,Milk 1L,Dairy,136,335
2024-02-21,P006,Milk 1L,Dairy,130,317
2024-02-22,P006,Milk 1L,Dairy,151,357
2024-02-23,P006,Milk 1L,Dairy,179,370
2024-02-24,P006,Milk 1L,Dairy,205,310
2024-02-25,P006,Milk 1L,Dairy,205,351
2024-02-26,P006,Milk 1L,Dairy,155,400
2024-02-27,P006,Milk 1L,Dairy,128,411
2024-02-28,P006,Milk 1L,Dairy,152,390
2024-02-29,P006,Milk 1L,Dairy,132,283
2024-03-01,P006,Milk 1L,Dairy,186,367
2024-03-02,P006,Milk 1L,Dairy,184,405
2024-03-03,P006,Milk 1L,Dairy,177,347
2024-03-04,P006,Milk 1L,Dairy,164,322
2024-03-05,P006,Milk 1L,Dairy,135,402
2024-03-06,P006,Milk 1L,Dairy,134,408
2024-03-07,P006,Milk 1L,Dairy,161,363
2024-03-08,P006,Milk 1L,Dairy,127,322
2024-03-09,P006,Milk 1L,Dairy,212,306
2024-03-10,P006,Milk 1L,Dairy,185,375
2024-03-11,P006,Milk 1L,Dairy,177,342
2024-03-12,P006,Milk 1L,Dairy,126,361
2024-03-13,P006,Milk 1L,Dairy,135,357
2024-03-14,P006,Milk 1L,Dairy,158,334
2024-03-15,P006,Milk 1L,Dairy,166,379
2024-03-16,P006,Milk 1L,Dairy,187,393
2024-03-17,P006,Milk 1L,Dairy,192,391
2024-03-18,P006,Milk 1L,Dairy,156,376
2024-03-19,P006,Milk 1L,Dairy,125,340
2024-03-20,P006,Milk 1L,Dairy,144,386
2024-03-21,P006,Milk 1L,Dairy,127,369
2024-03-22,P006,Milk 1L,Dairy,124,342
2024-03-23,P006,Milk 1L,Dairy,211,358
2024-03-24,P006,Milk 1L,Dairy,189,253
2024-03-25,P006,Milk 1L,Dairy,145,375
2024-03-26,P006,Milk 1L,Dairy,138,397
2024-03-27,P006,Milk 1L,Dairy,124,356
2024-03-28,P006,Milk 1L,Dairy,121,355
2024-03-29,P006,Milk 1L,Dairy,140,296
2024-03-30,P006,Milk 1L,Dairy,170,417
2024-03-31,P006,Milk 1L,Dairy,180,370
2024-04-01,P006,Milk 1L,Dairy,141,298
2024-04-02,P006,Milk 1L,Dairy,142,284
2024-04-03,P006,Milk 1L,Dairy,119,361
2024-04-04,P006,Milk 1L,Dairy,142,336
2024-04-05,P006,Milk 1L,Dairy,130,333
2024-04-06,P006,Milk 1L,Dairy,174,334
2024-04-07,P006,Milk 1L,Dairy,200,319
2024-04-08,P006,Milk 1L,Dairy,152,368
2024-04-09,P006,Milk 1L,Dairy,141,358
2024-04-10,P006,Milk 1L,Dairy,134,356
2024-04-11,P006,Milk 1L,Dairy,143,308
2024-04-12,P006,Milk 1L,Dairy,115,376
2024-04-13,P006,Milk 1L,Dairy,194,380
2024-04-14,P006,Milk 1L,Dairy,171,417
2024-04-15,P006,Milk 1L,Dairy,139,378
2024-04-16,P006,Milk 1L,Dairy,135,425
2024-04-17,P006,Milk 1L,Dairy,119,339
2024-04-18,P006,Milk 1L,Dairy,115,419
2024-04-19,P006,Milk 1L,Dairy,162,379
2024-04-20,P006,Milk 1L,Dairy,241,374
2024-04-21,P006,Milk 1L,Dairy,155,355
2024-04-22,P006,Milk 1L,Dairy,130,348
2024-04-23,P006,Milk 1L,Dairy,121,341
2024-04-24,P006,Milk 1L,Dairy,104,420
2024-04-25,P006,Milk 1L,Dairy,138,354
2024-04-26,P006,Milk 1L,Dairy,165,380
2024-04-27,P006,Milk 1L,Dairy,187,387
2024-04-28,P006,Milk 1L,Dairy,179,387
2024-04-29,P006,Milk 1L,Dairy,153,368
2024-04-30,P006,Milk 1L,Dairy,121,418
2024-05-01,P006,Milk 1L,Dairy,114,377
2024-05-02,P006,Milk 1L,Dairy,138,340
2024-05-03,P006,Milk 1L,Dairy,139,350
2024-05-04,P006,Milk 1L,Dairy,171,310
2024-05-05,P006,Milk 1L,Dairy,163,372
2024-05-06,P006,Milk 1L,Dairy,158,383
2024-05-07,P006,Milk 1L,Dairy,91,386
2024-05-08,P006,Milk 1L,Dairy,112,379
2024-05-09,P006,Milk 1L,Dairy,131,356
2024-05-10,P006,Milk 1L,Dairy,148,362
2024-05-11,P006,Milk 1L,Dairy,202,362
2024-05-12,P006,Milk 1L,Dairy,191,397
2024-05-13,P006,Milk 1L,Dairy,149,298
2024-05-14,P006,Milk 1L,Dairy,135,346
2024-05-15,P006,Milk 1L,Dairy,126,327
2024-05-16,P006,Milk 1L,Dairy,114,434
2024-05-17,P006,Milk 1L,Dairy,134,404
2024-05-18,P006,Milk 1L,Dairy,178,347
2024-05-19,P006,Milk 1L,Dairy,170,315
2024-05-20,P006,Milk 1L,Dairy,138,323
2024-05-21,P006,Milk 1L,Dairy,116,396
2024-05-22,P006,Milk 1L,Dairy,119,309
2024-05-23,P006,Milk 1L,Dairy,139,362
2024-05-24,P006,Milk 1L,Dairy,139,390
2024-05-25,P006,Milk 1L,Dairy,172,320
2024-05-26,P006,Milk 1L,Dairy,201,362
2024-05-27,P006,Milk 1L,Dairy,136,348
2024-05-28,P006,Milk 1L,Dairy,134,343
2024-05-29,P006,Milk 1L,Dairy,98,338
2024-05-30,P006,Milk 1L,Dairy,145,393
2024-05-31,P006,Milk 1L,Dairy,143,412
2024-06-01,P006,Milk 1L,Dairy,187,353
2024-06-02,P006,Milk 1L,Dairy,166,374
2024-06-03,P006,Milk 1L,Dairy,125,363
2024-06-04,P006,Milk 1L,Dairy,123,301
2024-06-05,P006,Milk 1L,Dairy,113,352
2024-06-06,P006,Milk 1L,Dairy,140,296
2024-06-07,P006,Milk 1L,Dairy,140,345
2024-06-08,P006,Milk 1L,Dairy,190,361
2024-06-09,P006,Milk 1L,Dairy,198,387
2024-06-10,P006,Milk 1L,Dairy,130,371
2024-06-11,P006,Milk 1L,Dairy,115,394
2024-06-12,P006,Milk 1L,Dairy,99,333
2024-06-13,P006,Milk 1L,Dairy,132,407
2024-06-14,P006,Milk 1L,Dairy,113,412
2024-06-15,P006,Milk 1L,Dairy,170,294
2024-06-16,P006,Milk 1L,Dairy,117,307
2024-06-17,P006,Milk 1L,Dairy,135,360
2024-06-18,P006,Milk 1L,Dairy,126,343
2024-06-19,P006,Milk 1L,Dairy,102,348
2024-06-20,P006,Milk 1L,Dairy,127,371
2024-06-21,P006,Milk 1L,Dairy,134,395
2024-06-22,P006,Milk 1L,Dairy,162,331
2024-06-23,P006,Milk 1L,Dairy,158,401
2024-06-24,P006,Milk 1L,Dairy,134,337
2024-06-25,P006,Milk 1L,Dairy,129,440
2024-06-26,P006,Milk 1L,Dairy,117,407
2024-06-27,P006,Milk 1L,Dairy,139,341
2024-06-28,P006,Milk 1L,Dairy,146,316
2024-06-29,P006,Milk 1L,Dairy,169,340
2024-06-30,P006,Milk 1L,Dairy,161,335
2024-07-01,P006,Milk 1L,Dairy,132,382
2024-07-02,P006,Milk 1L,Dairy,117,295
2024-07-03,P006,Milk 1L,Dairy,106,307
2024-07-04,P006,Milk 1L,Dairy,130,381
2024-07-05,P006,Milk 1L,Dairy,149,334
2024-07-06,P006,Milk 1L,Dairy,177,345
2024-07-07,P006,Milk 1L,Dairy,149,389
2024-07-08,P006,Milk 1L,Dairy,147,397
2024-07-09,P006,Milk 1L,Dairy,112,405
2024-07-10,P006,Milk 1L,Dairy,109,386
2024-07-11,P006,Milk 1L,Dairy,121,354
2024-07-12,P006,Milk 1L,Dairy,111,352
2024-07-13,P006,Milk 1L,Dairy,175,348
2024-07-14,P006,Milk 1L,Dairy,199,320
2024-07-15,P006,Milk 1L,Dairy,129,330
2024-07-16,P006,Milk 1L,Dairy,113,400
2024-07-17,P006,Milk 1L,Dairy,133,337
2024-07-18,P006,Milk 1L,Dairy,119,321
2024-07-19,P006,Milk 1L,Dairy,166,403
2024-07-20,P006,Milk 1L,Dairy,173,312
2024-07-21,P006,Milk 1L,Dairy,148,369
2024-07-22,P006,Milk 1L,Dairy,145,288
2024-07-23,P006,Milk 1L,Dairy,117,421
2024-07-24,P006,Milk 1L,Dairy,114,416
2024-07-25,P006,Milk 1L,Dairy,137,323
2024-07-26,P006,Milk 1L,Dairy,144,358
2024-07-27,P006,Milk 1L,Dairy,160,327
2024-07-28,P006,Milk 1L,Dairy,198,327
2024-07-29,P006,Milk 1L,Dairy,154,347
2024-07-30,P006,Milk 1L,Dairy,122,383
2024-07-31,P006,Milk 1L,Dairy,111,383
2024-08-01,P006,Milk 1L,Dairy,104,378
2024-08-02,P006,Milk 1L,Dairy,113,354
2024-08-03,P006,Milk 1L,Dairy,194,385
2024-08-04,P006,Milk 1L,Dairy,151,320
2024-08-05,P006,Milk 1L,Dairy,131,369
2024-08-06,P006,Milk 1L,Dairy,98,362
2024-08-07,P006,Milk 1L,Dairy,123,352
2024-08-08,P006,Milk 1L,Dairy,139,371
2024-08-09,P006,Milk 1L,Dairy,143,292
2024-08-10,P006,Milk 1L,Dairy,183,328
2024-08-11,P006,Milk 1L,Dairy,166,380
2024-08-12,P006,Milk 1L,Dairy,162,361
2024-08-13,P006,Milk 1L,Dairy,132,310
2024-08-14,P006,Milk 1L,Dairy,124,360
2024-08-15,P006,Milk 1L,Dairy,150,343
2024-08-16,P006,Milk 1L,Dairy,150,401
2024-08-17,P006,Milk 1L,Dairy,181,322
2024-08-18,P006,Milk 1L,Dairy,224,323
2024-08-19,P006,Milk 1L,Dairy,143,375
2024-08-20,P006,Milk 1L,Dairy,130,356
2024-08-21,P006,Milk 1L,Dairy,120,354
2024-08-22,P006,Milk 1L,Dairy,120,440
2024-08-23,P006,Milk 1L,Dairy,152,384
2024-08-24,P006,Milk 1L,Dairy,179,350
2024-08-25,P006,Milk 1L,Dairy,173,306
2024-08-26,P006,Milk 1L,Dairy,144,348
2024-08-27,P006,Milk 1L,Dairy,143,319
2024-08-28,P006,Milk 1L,Dairy,117,330
2024-08-29,P006,Milk 1L,Dairy,157,331
2024-08-30,P006,Milk 1L,Dairy,167,398
2024-08-31,P006,Milk 1L,Dairy,186,313
2024-09-01,P006,Milk 1L,Dairy,159,394
2024-09-02,P006,Milk 1L,Dairy,130,377
2024-09-03,P006,Milk 1L,Dairy,132,376
2024-09-04,P006,Milk 1L,Dairy,132,329
2024-09-05,P006,Milk 1L,Dairy,126,388
2024-09-06,P006,Milk 1L,Dairy,151,263
2024-09-07,P006,Milk 1L,Dairy,204,325
2024-09-08,P006,Milk 1L,Dairy,195,413
2024-09-09,P006,Milk 1L,Dairy,151,399
2024-09-10,P006,Milk 1L,Dairy,134,420
2024-09-11,P006,Milk 1L,Dairy,115,362
2024-09-12,P006,Milk 1L,Dairy,151,356
2024-09-13,P006,Milk 1L,Dairy,182,347
2024-09-14,P006,Milk 1L,Dairy,235,439
2024-09-15,P006,Milk 1L,Dairy,195,383
2024-09-16,P006,Milk 1L,Dairy,172,319
2024-09-17,P006,Milk 1L,Dairy,117,408
2024-09-18,P006,Milk 1L,Dairy,134,354
2024-09-19,P006,Milk 1L,Dairy,144,276
2024-09-20,P006,Milk 1L,Dairy,163,335
2024-09-21,P006,Milk 1L,Dairy,216,399
2024-09-22,P006,Milk 1L,Dairy,204,377
2024-09-23,P006,Milk 1L,Dairy,133,384
2024-09-24,P006,Milk 1L,Dairy,146,408
2024-09-25,P006,Milk 1L,Dairy,161,301
2024-09-26,P006,Milk 1L,Dairy,141,336
2024-09-27,P006,Milk 1L,Dairy,172,363
2024-09-28,P006,Milk 1L,Dairy,197,400
2024-09-29,P006,Milk 1L,Dairy,175,325
2024-09-30,P006,Milk 1L,Dairy,142,349
2024-10-01,P006,Milk 1L,Dairy,149,361
2024-10-02,P006,Milk 1L,Dairy,162,334
2024-10-03,P006,Milk 1L,Dairy,198,360
2024-10-04,P006,Milk 1L,Dairy,232,355
2024-10-05,P006,Milk 1L,Dairy,249,342
2024-10-06,P006,Milk 1L,Dairy,243,388
2024-10-07,P006,Milk 1L,Dairy,189,381
2024-10-08,P006,Milk 1L,Dairy,159,390
2024-10-09,P006,Milk 1L,Dairy,158,393
2024-10-10,P006,Milk 1L,Dairy,186,418
2024-10-11,P006,Milk 1L,Dairy,189,309
2024-10-12,P006,Milk 1L,Dairy,238,312
2024-10-13,P006,Milk 1L,Dairy,213,385
2024-10-14,P006,Milk 1L,Dairy,200,345
2024-10-15,P006,Milk 1L,Dairy,169,341
2024-10-16,P006,Milk 1L,Dairy,198,336
2024-10-17,P006,Milk 1L,Dairy,163,391
2024-10-18,P006,Milk 1L,Dairy,212,436
2024-10-19,P006,Milk 1L,Dairy,244,393
2024-10-20,P006,Milk 1L,Dairy,278,344
2024-10-21,P006,Milk 1L,Dairy,188,389
2024-10-22,P006,Milk 1L,Dairy,188,311
2024-10-23,P006,Milk 1L,Dairy,153,271
2024-10-24,P006,Milk 1L,Dairy,202,353
2024-10-25,P006,Milk 1L,Dairy,216,301
2024-10-26,P006,Milk 1L,Dairy,233,345
2024-10-27,P006,Milk 1L,Dairy,238,367
2024-10-28,P006,Milk 1L,Dairy,218,445
2024-10-29,P006,Milk 1L,Dairy,181,403
2024-10-30,P006,Milk 1L,Dairy,161,302
2024-10-31,P006,Milk 1L,Dairy,187,305
2024-11-01,P006,Milk 1L,Dairy,223,334
2024-11-02,P006,Milk 1L,Dairy,213,425
2024-11-03,P006,Milk 1L,Dairy,245,303
2024-11-04,P006,Milk 1L,Dairy,228,336
2024-11-05,P006,Milk 1L,Dairy,203,336
2024-11-06,P006,Milk 1L,Dairy,168,375
2024-11-07,P006,Milk 1L,Dairy,208,390
2024-11-08,P006,Milk 1L,Dairy,224,382
2024-11-09,P006,Milk 1L,Dairy,289,370
2024-11-10,P006,Milk 1L,Dairy,258,310
2024-11-11,P006,Milk 1L,Dairy,224,364
2024-11-12,P006,Milk 1L,Dairy,178,409
2024-11-13,P006,Milk 1L,Dairy,154,422
2024-11-14,P006,Milk 1L,Dairy,198,374
2024-11-15,P006,Milk 1L,Dairy,220,302
2024-11-16,P006,Milk 1L,Dairy,268,375
2024-11-17,P006,Milk 1L,Dairy,283,355
2024-11-18,P006,Milk 1L,Dairy,167,307
2024-11-19,P006,Milk 1L,Dairy,226,323
2024-11-20,P006,Milk 1L,Dairy,208,329
2024-11-21,P006,Milk 1L,Dairy,197,385
2024-11-22,P006,Milk 1L,Dairy,212,420
2024-11-23,P006,Milk 1L,Dairy,277,379
2024-11-24,P006,Milk 1L,Dairy,261,386
2024-11-25,P006,Milk 1L,Dairy,251,358
2024-11-26,P006,Milk 1L,Dairy,223,340
2024-11-27,P006,Milk 1L,Dairy,198,380
2024-11-28,P006,Milk 1L,Dairy,181,370
2024-11-29,P006,Milk 1L,Dairy,234,332
2024-11-30,P006,Milk 1L,Dairy,287,368
2024-12-01,P006,Milk 1L,Dairy,220,360
2024-12-02,P006,Milk 1L,Dairy,177,349
2024-12-03,P006,Milk 1L,Dairy,159,339
2024-12-04,P006,Milk 1L,Dairy,192,311
2024-12-05,P006,Milk 1L,Dairy,158,344
2024-12-06,P006,Milk 1L,Dairy,232,315
2024-12-07,P006,Milk 1L,Dairy,239,372
2024-12-08,P006,Milk 1L,Dairy,231,407
2024-12-09,P006,Milk 1L,Dairy,202,346
2024-12-10,P006,Milk 1L,Dairy,161,295
2024-12-11,P006,Milk 1L,Dairy,154,334
2024-12-12,P006,Milk 1L,Dairy,166,301
2024-12-13,P006,Milk 1L,Dairy,202,301
2024-12-14,P006,Milk 1L,Dairy,234,318
2024-12-15,P006,Milk 1L,Dairy,205,404
2024-12-16,P006,Milk 1L,Dairy,192,404
2024-12-17,P006,Milk 1L,Dairy,184,334
2024-12-18,P006,Milk 1L,Dairy,177,309
2024-12-19,P006,Milk 1L,Dairy,182,345
2024-12-20,P006,Milk 1L,Dairy,177,385
2024-12-21,P006,Milk 1L,Dairy,254,396
2024-12-22,P006,Milk 1L,Dairy,230,367
2024-12-23,P006,Milk 1L,Dairy,192,374
2024-12-24,P006,Milk 1L,Dairy,168,370
2024-12-25,P006,Milk 1L,Dairy,167,304
2024-12-26,P006,Milk 1L,Dairy,168,312
2024-12-27,P006,Milk 1L,Dairy,201,422
2024-12-28,P006,Milk 1L,Dairy,222,367
2024-12-29,P006,Milk 1L,Dairy,243,288
2024-12-30,P006,Milk 1L,Dairy,173,376
2024-12-31,P006,Milk 1L,Dairy,114,327
2025-01-01,P006,Milk 1L,Dairy,172,399
2025-01-02,P006,Milk 1L,Dairy,177,394
2025-01-03,P006,Milk 1L,Dairy,200,383
2025-01-04,P006,Milk 1L,Dairy,226,367
2025-01-05,P006,Milk 1L,Dairy,212,408
2025-01-06,P006,Milk 1L,Dairy,211,413
2025-01-07,P006,Milk 1L,Dairy,154,328
2025-01-08,P006,Milk 1L,Dairy,175,382
2025-01-09,P006,Milk 1L,Dairy,177,340
2025-01-10,P006,Milk 1L,Dairy,205,323
2025-01-11,P006,Milk 1L,Dairy,248,412
2025-01-12,P006,Milk 1L,Dairy,264,388
2025-01-13,P006,Milk 1L,Dairy,158,370
2025-01-14,P006,Milk 1L,Dairy,195,331
2025-01-15,P006,Milk 1L,Dairy,154,414
2025-01-16,P006,Milk 1L,Dairy,181,452
2025-01-17,P006,Milk 1L,Dairy,182,327
2025-01-18,P006,Milk 1L,Dairy,262,319
2025-01-19,P006,Milk 1L,Dairy,222,360
2025-01-20,P006,Milk 1L,Dairy,202,385
2025-01-21,P006,Milk 1L,Dairy,167,348
2025-01-22,P006,Milk 1L,Dairy,173,508
2025-01-23,P006,Milk 1L,Dairy,182,366
2025-01-24,P006,Milk 1L,Dairy,170,339
2025-01-25,P006,Milk 1L,Dairy,227,343
2025-01-26,P006,Milk 1L,Dairy,225,427
2025-01-27,P006,Milk 1L,Dairy,205,357
2025-01-28,P006,Milk 1L,Dairy,140,411
2025-01-29,P006,Milk 1L,Dairy,153,300
2025-01-30,P006,Milk 1L,Dairy,182,400
2025-01-31,P006,Milk 1L,Dairy,148,333
2025-02-01,P006,Milk 1L,Dairy,229,389
2025-02-02,P006,Milk 1L,Dairy,213,332
2025-02-03,P006,Milk 1L,Dairy,195,346
2025-02-04,P006,Milk 1L,Dairy,167,322
2025-02-05,P006,Milk 1L,Dairy,132,390
2025-02-06,P006,Milk 1L,Dairy,173,396
2025-02-07,P006,Milk 1L,Dairy,184,334
2025-02-08,P006,Milk 1L,Dairy,262,307
2025-02-09,P006,Milk 1L,Dairy,252,410
2025-02-10,P006,Milk 1L,Dairy,196,338
2025-02-11,P006,Milk 1L,Dairy,145,355
2025-02-12,P006,Milk 1L,Dairy,133,328
2025-02-13,P006,Milk 1L,Dairy,179,386
2025-02-14,P006,Milk 1L,Dairy,172,387
2025-02-15,P006,Milk 1L,Dairy,239,417
2025-02-16,P006,Milk 1L,Dairy,235,401
2025-02-17,P006,Milk 1L,Dairy,188,398
2025-02-18,P006,Milk 1L,Dairy,136,358
2025-02-19,P006,Milk 1L,Dairy,151,354
2025-02-20,P006,Milk 1L,Dairy,174,385
2025-02-21,P006,Milk 1L,Dairy,199,356
2025-02-22,P006,Milk 1L,Dairy,210,402
2025-02-23,P006,Milk 1L,Dairy,228,326
2025-02-24,P006,Milk 1L,Dairy,174,299
2025-02-25,P006,Milk 1L,Dairy,156,355
2025-02-26,P006,Milk 1L,Dairy,141,420
2025-02-27,P006,Milk 1L,Dairy,146,388
2025-02-28,P006,Milk 1L,Dairy,231,402
2025-03-01,P006,Milk 1L,Dairy,224,321
2025-03-02,P006,Milk 1L,Dairy,189,348
2025-03-03,P006,Milk 1L,Dairy,164,336
2025-03-04,P006,Milk 1L,Dairy,149,359
2025-03-05,P006,Milk 1L,Dairy,156,318
2025-03-06,P006,Milk 1L,Dairy,152,357
2025-03-07,P006,Milk 1L,Dairy,184,429
2025-03-08,P006,Milk 1L,Dairy,228,304
2025-03-09,P006,Milk 1L,Dairy,225,382
2025-03-10,P006,Milk 1L,Dairy,172,319
2025-03-11,P006,Milk 1L,Dairy,179,324
2025-03-12,P006,Milk 1L,Dairy,157,370
2025-03-13,P006,Milk 1L,Dairy,172,424
2025-03-14,P006,Milk 1L,Dairy,196,342
2025-03-15,P006,Milk 1L,Dairy,244,340
2025-03-16,P006,Milk 1L,Dairy,217,316
2025-03-17,P006,Milk 1L,Dairy,154,364
2025-03-18,P006,Milk 1L,Dairy,156,301
2025-03-19,P006,Milk 1L,Dairy,152,333
2025-03-20,P006,Milk 1L,Dairy,180,350
2025-03-21,P006,Milk 1L,Dairy,163,365
2025-03-22,P006,Milk 1L,Dairy,198,408
2025-03-23,P006,Milk 1L,Dairy,211,357
2025-03-24,P006,Milk 1L,Dairy,180,326
2025-03-25,P006,Milk 1L,Dairy,130,377
2025-03-26,P006,Milk 1L,Dairy,128,323
2025-03-27,P006,Milk 1L,Dairy,171,382
2025-03-28,P006,Milk 1L,Dairy,159,340
2025-03-29,P006,Milk 1L,Dairy,196,427
2025-03-30,P006,Milk 1L,Dairy,228,347
2025-03-31,P006,Milk 1L,Dairy,178,313
2025-04-01,P006,Milk 1L,Dairy,137,366
2025-04-02,P006,Milk 1L,Dairy,148,359
2025-04-03,P006,Milk 1L,Dairy,160,365
2025-04-04,P006,Milk 1L,Dairy,176,352
2025-04-05,P006,Milk 1L,Dairy,203,371
2025-04-06,P006,Milk 1L,Dairy,215,370
2025-04-07,P006,Milk 1L,Dairy,147,326
2025-04-08,P006,Milk 1L,Dairy,151,416
2025-04-09,P006,Milk 1L,Dairy,142,348
2025-04-10,P006,Milk 1L,Dairy,158,321
2025-04-11,P006,Milk 1L,Dairy,200,369
2025-04-12,P006,Milk 1L,Dairy,196,356
2025-04-13,P006,Milk 1L,Dairy,193,410
2025-04-14,P006,Milk 1L,Dairy,161,368
2025-04-15,P006,Milk 1L,Dairy,152,336
2025-04-16,P006,Milk 1L,Dairy,141,372
2025-04-17,P006,Milk 1L,Dairy,129,372
2025-04-18,P006,Milk 1L,Dairy,174,367
2025-04-19,P006,Milk 1L,Dairy,208,372
2025-04-20,P006,Milk 1L,Dairy,228,320
2025-04-21,P006,Milk 1L,Dairy,157,387
2025-04-22,P006,Milk 1L,Dairy,148,379
2025-04-23,P006,Milk 1L,Dairy,174,385
2025-04-24,P006,Milk 1L,Dairy,168,351
2025-04-25,P006,Milk 1L,Dairy,155,351
2025-04-26,P006,Milk 1L,Dairy,219,377
2025-04-27,P006,Milk 1L,Dairy,207,355
2025-04-28,P006,Milk 1L,Dairy,154,356
2025-04-29,P006,Milk 1L,Dairy,150,393
2025-04-30,P006,Milk 1L,Dairy,121,390
2025-05-01,P006,Milk 1L,Dairy,139,379
2025-05-02,P006,Milk 1L,Dairy,167,419
2025-05-03,P006,Milk 1L,Dairy,194,369
2025-05-04,P006,Milk 1L,Dairy,208,331
2025-05-05,P006,Milk 1L,Dairy,157,353
2025-05-06,P006,Milk 1L,Dairy,131,347
2025-05-07,P006,Milk 1L,Dairy,148,341
2025-05-08,P006,Milk 1L,Dairy,155,374
2025-05-09,P006,Milk 1L,Dairy,145,381
2025-05-10,P006,Milk 1L,Dairy,172,385
2025-05-11,P006,Milk 1L,Dairy,185,363
2025-05-12,P006,Milk 1L,Dairy,136,367
2025-05-13,P006,Milk 1L,Dairy,150,333
2025-05-14,P006,Milk 1L,Dairy,124,379
2025-05-15,P006,Milk 1L,Dairy,153,274
2025-05-16,P006,Milk 1L,Dairy,201,382
2025-05-17,P006,Milk 1L,Dairy,212,357
2025-05-18,P006,Milk 1L,Dairy,157,387
2025-05-19,P006,Milk 1L,Dairy,147,382
2025-05-20,P006,Milk 1L,Dairy,133,371
2025-05-21,P006,Milk 1L,Dairy,121,394
2025-05-22,P006,Milk 1L,Dairy,127,444
2025-05-23,P006,Milk 1L,Dairy,203,422
2025-05-24,P006,Milk 1L,Dairy,222,359
2025-05-25,P006,Milk 1L,Dairy,213,359
2025-05-26,P006,Milk 1L,Dairy,130,417
2025-05-27,P006,Milk 1L,Dairy,150,361
2025-05-28,P006,Milk 1L,Dairy,114,341
2025-05-29,P006,Milk 1L,Dairy,117,397
2025-05-30,P006,Milk 1L,Dairy,138,373
2025-05-31,P006,Milk 1L,Dairy,179,311
2025-06-01,P006,Milk 1L,Dairy,194,350
2025-06-02,P006,Milk 1L,Dairy,166,317
2025-06-03,P006,Milk 1L,Dairy,124,276
2025-06-04,P006,Milk 1L,Dairy,101,428
2025-06-05,P006,Milk 1L,Dairy,172,366
2025-06-06,P006,Milk 1L,Dairy,150,352
2025-06-07,P006,Milk 1L,Dairy,211,344
2025-06-08,P006,Milk 1L,Dairy,193,362
2025-06-09,P006,Milk 1L,Dairy,144,343
2025-06-10,P006,Milk 1L,Dairy,137,327
2025-06-11,P006,Milk 1L,Dairy,134,345
2025-06-12,P006,Milk 1L,Dairy,144,413
2025-06-13,P006,Milk 1L,Dairy,160,396
2025-06-14,P006,Milk 1L,Dairy,159,345
2025-06-15,P006,Milk 1L,Dairy,189,432
2025-06-16,P006,Milk 1L,Dairy,122,359
2025-06-17,P006,Milk 1L,Dairy,152,334
2025-06-18,P006,Milk 1L,Dairy,126,375
2025-06-19,P006,Milk 1L,Dairy,144,419
2025-06-20,P006,Milk 1L,Dairy,170,411
2025-06-21,P006,Milk 1L,Dairy,186,336
2025-06-22,P006,Milk 1L,Dairy,184,320
2025-06-23,P006,Milk 1L,Dairy,159,349
2025-06-24,P006,Milk 1L,Dairy,124,381
2025-06-25,P006,Milk 1L,Dairy,114,390
2025-06-26,P006,Milk 1L,Dairy,135,405
2025-06-27,P006,Milk 1L,Dairy,156,385
2025-06-28,P006,Milk 1L,Dairy,197,389
2025-06-29,P006,Milk 1L,Dairy,190,302
2025-06-30,P006,Milk 1L,Dairy,167,359
2025-07-01,P006,Milk 1L,Dairy,143,388
2025-07-02,P006,Milk 1L,Dairy,118,329
2025-07-03,P006,Milk 1L,Dairy,151,352
2025-07-04,P006,Milk 1L,Dairy,178,356
2025-07-05,P006,Milk 1L,Dairy,213,378
2025-07-06,P006,Milk 1L,Dairy,194,349
2025-07-07,P006,Milk 1L,Dairy,156,406
2025-07-08,P006,Milk 1L,Dairy,133,382
2025-07-09,P006,Milk 1L,Dairy,129,367
2025-07-10,P006,Milk 1L,Dairy,167,406
2025-07-11,P006,Milk 1L,Dairy,165,370
2025-07-12,P006,Milk 1L,Dairy,181,356
2025-07-13,P006,Milk 1L,Dairy,195,393
2025-07-14,P006,Milk 1L,Dairy,164,322
2025-07-15,P006,Milk 1L,Dairy,147,359
2025-07-16,P006,Milk 1L,Dairy,117,411
2025-07-17,P006,Milk 1L,Dairy,164,372
2025-07-18,P006,Milk 1L,Dairy,176,390
2025-07-19,P006,Milk 1L,Dairy,223,389
2025-07-20,P006,Milk 1L,Dairy,165,435
2025-07-21,P006,Milk 1L,Dairy,170,344
2025-07-22,P006,Milk 1L,Dairy,121,381
2025-07-23,P006,Milk 1L,Dairy,127,374
2025-07-24,P006,Milk 1L,Dairy,155,342
2025-07-25,P006,Milk 1L,Dairy,147,376
2025-07-26,P006,Milk 1L,Dairy,187,368
2025-07-27,P006,Milk 1L,Dairy,166,353
2025-07-28,P006,Milk 1L,Dairy,166,384
2025-07-29,P006,Milk 1L,Dairy,125,320
2025-07-30,P006,Milk 1L,Dairy,132,383
2025-07-31,P006,Milk 1L,Dairy,151,344
2025-08-01,P006,Milk 1L,Dairy,172,417
2025-08-02,P006,Milk 1L,Dairy,203,303
2025-08-03,P006,Milk 1L,Dairy,198,437
2025-08-04,P006,Milk 1L,Dairy,137,364
2025-08-05,P006,Milk 1L,Dairy,134,366
2025-08-06,P006,Milk 1L,Dairy,136,404
2025-08-07,P006,Milk 1L,Dairy,148,409
2025-08-08,P006,Milk 1L,Dairy,167,350
2025-08-09,P006,Milk 1L,Dairy,188,297
2025-08-10,P006,Milk 1L,Dairy,201,437
2025-08-11,P006,Milk 1L,Dairy,166,387
2025-08-12,P006,Milk 1L,Dairy,133,354
2025-08-13,P006,Milk 1L,Dairy,148,435
2025-08-14,P006,Milk 1L,Dairy,171,392
2025-08-15,P006,Milk 1L,Dairy,172,370
2025-08-16,P006,Milk 1L,Dairy,188,310
2025-08-17,P006,Milk 1L,Dairy,176,364
2025-08-18,P006,Milk 1L,Dairy,156,309
2025-08-19,P006,Milk 1L,Dairy,140,351
2025-08-20,P006,Milk 1L,Dairy,120,349
2025-08-21,P006,Milk 1L,Dairy,146,340
2025-08-22,P006,Milk 1L,Dairy,190,294
2025-08-23,P006,Milk 1L,Dairy,166,363
2025-08-24,P006,Milk 1L,Dairy,203,377
2025-08-25,P006,Milk 1L,Dairy,154,329
2025-08-26,P006,Milk 1L,Dairy,143,346
2025-08-27,P006,Milk 1L,Dairy,160,351
2025-08-28,P006,Milk 1L,Dairy,152,452
2025-08-29,P006,Milk 1L,Dairy,173,383
2025-08-30,P006,Milk 1L,Dairy,223,389
2025-08-31,P006,Milk 1L,Dairy,210,370
2025-09-01,P006,Milk 1L,Dairy,167,342
2025-09-02,P006,Milk 1L,Dairy,150,436
2025-09-03,P006,Milk 1L,Dairy,157,374
2025-09-04,P006,Milk 1L,Dairy,169,331
2025-09-05,P006,Milk 1L,Dairy,174,397
2025-09-06,P006,Milk 1L,Dairy,245,335
2025-09-07,P006,Milk 1L,Dairy,198,442
2025-09-08,P006,Milk 1L,Dairy,170,429
2025-09-09,P006,Milk 1L,Dairy,150,371
2025-09-10,P006,Milk 1L,Dairy,138,397
2025-09-11,P006,Milk 1L,Dairy,179,325
2025-09-12,P006,Milk 1L,Dairy,175,396
2025-09-13,P006,Milk 1L,Dairy,214,345
2025-09-14,P006,Milk 1L,Dairy,232,403
2025-09-15,P006,Milk 1L,Dairy,163,370
2025-09-16,P006,Milk 1L,Dairy,132,330
2025-09-17,P006,Milk 1L,Dairy,147,364
2025-09-18,P006,Milk 1L,Dairy,145,337
2025-09-19,P006,Milk 1L,Dairy,165,379
2025-09-20,P006,Milk 1L,Dairy,177,326
2025-09-21,P006,Milk 1L,Dairy,174,378
2025-09-22,P006,Milk 1L,Dairy,142,364
2025-09-23,P006,Milk 1L,Dairy,177,423
2025-09-24,P006,Milk 1L,Dairy,121,373
2025-09-25,P006,Milk 1L,Dairy,147,319
2025-09-26,P006,Milk 1L,Dairy,186,407
2025-09-27,P006,Milk 1L,Dairy,237,337
2025-09-28,P006,Milk 1L,Dairy,233,281
2025-09-29,P006,Milk 1L,Dairy,163,333
2025-09-30,P006,Milk 1L,Dairy,156,355
2025-10-01,P006,Milk 1L,Dairy,180,356
2025-10-02,P006,Milk 1L,Dairy,203,382
2025-10-03,P006,Milk 1L,Dairy,237,352
2025-10-04,P006,Milk 1L,Dairy,289,392
2025-10-05,P006,Milk 1L,Dairy,255,360
2025-10-06,P006,Milk 1L,Dairy,244,323
2025-10-07,P006,Milk 1L,Dairy,227,314
2025-10-08,P006,Milk 1L,Dairy,179,328
2025-10-09,P006,Milk 1L,Dairy,251,344
2025-10-10,P006,Milk 1L,Dairy,225,349
2025-10-11,P006,Milk 1L,Dairy,285,351
2025-10-12,P006,Milk 1L,Dairy,271,235
2025-10-13,P006,Milk 1L,Dairy,224,363
2025-10-14,P006,Milk 1L,Dairy,215,410
2025-10-15,P006,Milk 1L,Dairy,185,392
2025-10-16,P006,Milk 1L,Dairy,186,390
2025-10-17,P006,Milk 1L,Dairy,227,320
2025-10-18,P006,Milk 1L,Dairy,281,413
2025-10-19,P006,Milk 1L,Dairy,284,417
2025-10-20,P006,Milk 1L,Dairy,209,400
2025-10-21,P006,Milk 1L,Dairy,185,371
2025-10-22,P006,Milk 1L,Dairy,196,386
2025-10-23,P006,Milk 1L,Dairy,217,336
2025-10-24,P006,Milk 1L,Dairy,266,425
2025-10-25,P006,Milk 1L,Dairy,274,296
2025-10-26,P006,Milk 1L,Dairy,297,350
2025-10-27,P006,Milk 1L,Dairy,226,383
2025-10-28,P006,Milk 1L,Dairy,192,353
2025-10-29,P006,Milk 1L,Dairy,193,416
2025-10-30,P006,Milk 1L,Dairy,216,318
2025-10-31,P006,Milk 1L,Dairy,218,368
2025-11-01,P006,Milk 1L,Dairy,262,306
2025-11-02,P006,Milk 1L,Dairy,305,387
2025-11-03,P006,Milk 1L,Dairy,224,373
2025-11-04,P006,Milk 1L,Dairy,208,384
2025-11-05,P006,Milk 1L,Dairy,209,268
2025-11-06,P006,Milk 1L,Dairy,213,381
2025-11-07,P006,Milk 1L,Dairy,241,364
2025-11-08,P006,Milk 1L,Dairy,321,365
2025-11-09,P006,Milk 1L,Dairy,335,403
2025-11-10,P006,Milk 1L,Dairy,233,355
2025-11-11,P006,Milk 1L,Dairy,148,351
2025-11-12,P006,Milk 1L,Dairy,173,371
2025-11-13,P006,Milk 1L,Dairy,224,388
2025-11-14,P006,Milk 1L,Dairy,290,362
2025-11-15,P006,Milk 1L,Dairy,371,371
2025-11-16,P006,Milk 1L,Dairy,256,342
2025-11-17,P006,Milk 1L,Dairy,229,384
2025-11-18,P006,Milk 1L,Dairy,189,352
2025-11-19,P006,Milk 1L,Dairy,199,346
2025-11-20,P006,Milk 1L,Dairy,241,386
2025-11-21,P006,Milk 1L,Dairy,287,351
2025-11-22,P006,Milk 1L,Dairy,342,313
2025-11-23,P006,Milk 1L,Dairy,256,318
2025-11-24,P006,Milk 1L,Dairy,241,406
2025-11-25,P006,Milk 1L,Dairy,198,345
2025-11-26,P006,Milk 1L,Dairy,200,383
2025-11-27,P006,Milk 1L,Dairy,215,343
2025-11-28,P006,Milk 1L,Dairy,225,342
2025-11-29,P006,Milk 1L,Dairy,345,366
2025-11-30,P006,Milk 1L,Dairy,278,407
2025-12-01,P006,Milk 1L,Dairy,187,414
2025-12-02,P006,Milk 1L,Dairy,199,365
2025-12-03,P006,Milk 1L,Dairy,143,445
2025-12-04,P006,Milk 1L,Dairy,194,351
2025-12-05,P006,Milk 1L,Dairy,235,388
2025-12-06,P006,Milk 1L,Dairy,288,338
2025-12-07,P006,Milk 1L,Dairy,256,320
2025-12-08,P006,Milk 1L,Dairy,214,362
2025-12-09,P006,Milk 1L,Dairy,181,357
2025-12-10,P006,Milk 1L,Dairy,166,331
2025-12-11,P006,Milk 1L,Dairy,203,417
2025-12-12,P006,Milk 1L,Dairy,204,383
2025-12-13,P006,Milk 1L,Dairy,268,363
2025-12-14,P006,Milk 1L,Dairy,212,315
2025-12-15,P006,Milk 1L,Dairy,186,285
2025-12-16,P006,Milk 1L,Dairy,202,376
2025-12-17,P006,Milk 1L,Dairy,170,283
2025-12-18,P006,Milk 1L,Dairy,154,362
2025-12-19,P006,Milk 1L,Dairy,260,337
2025-12-20,P006,Milk 1L,Dairy,280,345
2025-12-21,P006,Milk 1L,Dairy,252,407
2025-12-22,P006,Milk 1L,Dairy,196,337
2025-12-23,P006,Milk 1L,Dairy,203,364
2025-12-24,P006,Milk 1L,Dairy,190,338
2025-12-25,P006,Milk 1L,Dairy,216,372
2025-12-26,P006,Milk 1L,Dairy,227,367
2025-12-27,P006,Milk 1L,Dairy,246,362
2025-12-28,P006,Milk 1L,Dairy,241,397
2025-12-29,P006,Milk 1L,Dairy,199,308
2025-12-30,P006,Milk 1L,Dairy,148,300
2025-12-31,P006,Milk 1L,Dairy,183,321
2024-01-01,P007,Tea 500g,Beverages,58,137
2024-01-02,P007,Tea 500g,Beverages,67,140
2024-01-03,P007,Tea 500g,Beverages,47,133
2024-01-04,P007,Tea 500g,Beverages,61,160
2024-01-05,P007,Tea 500g,Beverages,59,119
2024-01-06,P007,Tea 500g,Beverages,50,116
2024-01-07,P007,Tea 500g,Beverages,64,151
2024-01-08,P007,Tea 500g,Beverages,61,140
2024-01-09,P007,Tea 500g,Beverages,74,154
2024-01-10,P007,Tea 500g,Beverages,73,144
2024-01-11,P007,Tea 500g,Beverages,57,148
2024-01-12,P007,Tea 500g,Beverages,56,135
2024-01-13,P007,Tea 500g,Beverages,51,153
2024-01-14,P007,Tea 500g,Beverages,66,127
2024-01-15,P007,Tea 500g,Beverages,58,142
2024-01-16,P007,Tea 500g,Beverages,69,130
2024-01-17,P007,Tea 500g,Beverages,79,143
2024-01-18,P007,Tea 500g,Beverages,63,162
2024-01-19,P007,Tea 500g,Beverages,50,136
2024-01-20,P007,Tea 500g,Beverages,47,135
2024-01-21,P007,Tea 500g,Beverages,49,148
2024-01-22,P007,Tea 500g,Beverages,63,134
2024-01-23,P007,Tea 500g,Beverages,66,148
2024-01-24,P007,Tea 500g,Beverages,60,140
2024-01-25,P007,Tea 500g,Beverages,65,113
2024-01-26,P007,Tea 500g,Beverages,57,114
2024-01-27,P007,Tea 500g,Beverages,54,122
2024-01-28,P007,Tea 500g,Beverages,67,122
2024-01-29,P007,Tea 500g,Beverages,51,139
2024-01-30,P007,Tea 500g,Beverages,65,117
2024-01-31,P007,Tea 500g,Beverages,72,110
2024-02-01,P007,Tea 500g,Beverages,56,130
2024-02-02,P007,Tea 500g,Beverages,58,155
2024-02-03,P007,Tea 500g,Beverages,61,135
2024-02-04,P007,Tea 500g,Beverages,45,143
2024-02-05,P007,Tea 500g,Beverages,71,154
2024-02-06,P007,Tea 500g,Beverages,72,121
2024-02-07,P007,Tea 500g,Beverages,65,164
2024-02-08,P007,Tea 500g,Beverages,54,122
2024-02-09,P007,Tea 500g,Beverages,60,132
2024-02-10,P007,Tea 500g,Beverages,49,159
2024-02-11,P007,Tea 500g,Beverages,63,132
2024-02-12,P007,Tea 500g,Beverages,56,166
2024-02-13,P007,Tea 500g,Beverages,69,157
2024-02-14,P007,Tea 500g,Beverages,76,130
2024-02-15,P007,Tea 500g,Beverages,60,157
2024-02-16,P007,Tea 500g,Beverages,63,112
2024-02-17,P007,Tea 500g,Beverages,60,136
2024-02-18,P007,Tea 500g,Beverages,54,141
2024-02-19,P007,Tea 500g,Beverages,55,131
2024-02-20,P007,Tea 500g,Beverages,65,131
2024-02-21,P007,Tea 500g,Beverages,70,124
2024-02-22,P007,Tea 500g,Beverages,74,144
2024-02-23,P007,Tea 500g,Beverages,66,135
2024-02-24,P007,Tea 500g,Beverages,54,162
2024-02-25,P007,Tea 500g,Beverages,58,135
2024-02-26,P007,Tea 500g,Beverages,69,120
2024-02-27,P007,Tea 500g,Beverages,76,146
2024-02-28,P007,Tea 500g,Beverages,80,150
2024-02-29,P007,Tea 500g,Beverages,73,136
2024-03-01,P007,Tea 500g,Beverages,51,167
2024-03-02,P007,Tea 500g,Beverages,49,118
2024-03-03,P007,Tea 500g,Beverages,65,160
2024-03-04,P007,Tea 500g,Beverages,66,151
2024-03-05,P007,Tea 500g,Beverages,57,131
2024-03-06,P007,Tea 500g,Beverages,58,148
2024-03-07,P007,Tea 500g,Beverages,55,120
2024-03-08,P007,Tea 500g,Beverages,60,152
2024-03-09,P007,Tea 500g,Beverages,57,145
2024-03-10,P007,Tea 500g,Beverages,65,135
2024-03-11,P007,Tea 500g,Beverages,58,145
2024-03-12,P007,Tea 500g,Beverages,76,150
2024-03-13,P007,Tea 500g,Beverages,74,121
2024-03-14,P007,Tea 500g,Beverages,70,137
2024-03-15,P007,Tea 500g,Beverages,54,133
2024-03-16,P007,Tea 500g,Beverages,54,150
2024-03-17,P007,Tea 500g,Beverages,54,124
2024-03-18,P007,Tea 500g,Beverages,63,160
2024-03-19,P007,Tea 500g,Beverages,80,115
2024-03-20,P007,Tea 500g,Beverages,82,156
2024-03-21,P007,Tea 500g,Beverages,58,103
2024-03-22,P007,Tea 500g,Beverages,57,153
2024-03-23,P007,Tea 500g,Beverages,68,126
2024-03-24,P007,Tea 500g,Beverages,74,107
2024-03-25,P007,Tea 500g,Beverages,63,132
2024-03-26,P007,Tea 500g,Beverages,81,155
2024-03-27,P007,Tea 500g,Beverages,80,119
2024-03-28,P007,Tea 500g,Beverages,72,144
2024-03-29,P007,Tea 500g,Beverages,48,109
2024-03-30,P007,Tea 500g,Beverages,65,135
2024-03-31,P007,Tea 500g,Beverages,55,135
2024-04-01,P007,Tea 500g,Beverages,68,136
2024-04-02,P007,Tea 500g,Beverages,61,163
2024-04-03,P007,Tea 500g,Beverages,80,133
2024-04-04,P007,Tea 500g,Beverages,64,142
2024-04-05,P007,Tea 500g,Beverages,51,142
2024-04-06,P007,Tea 500g,Beverages,51,137
2024-04-07,P007,Tea 500g,Beverages,55,122
2024-04-08,P007,Tea 500g,Beverages,76,138
2024-04-09,P007,Tea 500g,Beverages,74,110
2024-04-10,P007,Tea 500g,Beverages,68,144
2024-04-11,P007,Tea 500g,Beverages,67,108
2024-04-12,P007,Tea 500g,Beverages,59,143
2024-04-13,P007,Tea 500g,Beverages,66,128
2024-04-14,P007,Tea 500g,Beverages,49,124
2024-04-15,P007,Tea 500g,Beverages,58,148
2024-04-16,P007,Tea 500g,Beverages,53,131
2024-04-17,P007,Tea 500g,Beverages,83,138
2024-04-18,P007,Tea 500g,Beverages,72,115
2024-04-19,P007,Tea 500g,Beverages,48,157
2024-04-20,P007,Tea 500g,Beverages,59,139
2024-04-21,P007,Tea 500g,Beverages,55,139
2024-04-22,P007,Tea 500g,Beverages,58,154
2024-04-23,P007,Tea 500g,Beverages,92,144
2024-04-24,P007,Tea 500g,Beverages,68,103
2024-04-25,P007,Tea 500g,Beverages,55,159
2024-04-26,P007,Tea 500g,Beverages,51,132
2024-04-27,P007,Tea 500g,Beverages,62,158
2024-04-28,P007,Tea 500g,Beverages,61,132
2024-04-29,P007,Tea 500g,Beverages,65,129
2024-04-30,P007,Tea 500g,Beverages,68,143
2024-05-01,P007,Tea 500g,Beverages,73,167
2024-05-02,P007,Tea 500g,Beverages,68,153
2024-05-03,P007,Tea 500g,Beverages,51,145
2024-05-04,P007,Tea 500g,Beverages,54,143
2024-05-05,P007,Tea 500g,Beverages,66,138
2024-05-06,P007,Tea 500g,Beverages,80,157
2024-05-07,P007,Tea 500g,Beverages,80,148
2024-05-08,P007,Tea 500g,Beverages,84,118
2024-05-09,P007,Tea 500g,Beverages,74,124
2024-05-10,P007,Tea 500g,Beverages,53,145
2024-05-11,P007,Tea 500g,Beverages,65,122
2024-05-12,P007,Tea 500g,Beverages,58,139
2024-05-13,P007,Tea 500g,Beverages,63,149
2024-05-14,P007,Tea 500g,Beverages,95,143
2024-05-15,P007,Tea 500g,Beverages,66,120
2024-05-16,P007,Tea 500g,Beverages,62,125
2024-05-17,P007,Tea 500g,Beverages,59,144
2024-05-18,P007,Tea 500g,Beverages,55,165
2024-05-19,P007,Tea 500g,Beverages,56,136
2024-05-20,P007,Tea 500g,Beverages,68,150
2024-05-21,P007,Tea 500g,Beverages,79,143
2024-05-22,P007,Tea 500g,Beverages,78,128
2024-05-23,P007,Tea 500g,Beverages,70,150
2024-05-24,P007,Tea 500g,Beverages,64,115
2024-05-25,P007,Tea 500g,Beverages,52,149
2024-05-26,P007,Tea 500g,Beverages,44,144
2024-05-27,P007,Tea 500g,Beverages,70,130
2024-05-28,P007,Tea 500g,Beverages,67,123
2024-05-29,P007,Tea 500g,Beverages,66,131
2024-05-30,P007,Tea 500g,Beverages,59,127
2024-05-31,P007,Tea 500g,Beverages,53,134
2024-06-01,P007,Tea 500g,Beverages,67,132
2024-06-02,P007,Tea 500g,Beverages,62,130
2024-06-03,P007,Tea 500g,Beverages,59,114
2024-06-04,P007,Tea 500g,Beverages,58,121
2024-06-05,P007,Tea 500g,Beverages,70,152
2024-06-06,P007,Tea 500g,Beverages,51,130
2024-06-07,P007,Tea 500g,Beverages,47,134
2024-06-08,P007,Tea 500g,Beverages,61,131
2024-06-09,P007,Tea 500g,Beverages,59,158
2024-06-10,P007,Tea 500g,Beverages,65,127
2024-06-11,P007,Tea 500g,Beverages,69,126
2024-06-12,P007,Tea 500g,Beverages,71,145
2024-06-13,P007,Tea 500g,Beverages,53,140
2024-06-14,P007,Tea 500g,Beverages,53,145
2024-06-15,P007,Tea 500g,Beverages,59,144
2024-06-16,P007,Tea 500g,Beverages,57,150
2024-06-17,P007,Tea 500g,Beverages,56,119
2024-06-18,P007,Tea 500g,Beverages,46,137
2024-06-19,P007,Tea 500g,Beverages,62,143
2024-06-20,P007,Tea 500g,Beverages,49,129
2024-06-21,P007,Tea 500g,Beverages,56,123
2024-06-22,P007,Tea 500g,Beverages,56,130
2024-06-23,P007,Tea 500g,Beverages,58,146
2024-06-24,P007,Tea 500g,Beverages,66,139
2024-06-25,P007,Tea 500g,Beverages,61,131
2024-06-26,P007,Tea 500g,Beverages,71,123
2024-06-27,P007,Tea 500g,Beverages,59,132
2024-06-28,P007,Tea 500g,Beverages,52,124
2024-06-29,P007,Tea 500g,Beverages,44,145
2024-06-30,P007,Tea 500g,Beverages,63,113
2024-07-01,P007,Tea 500g,Beverages,62,152
2024-07-02,P007,Tea 500g,Beverages,70,132
2024-07-03,P007,Tea 500g,Beverages,60,139
2024-07-04,P007,Tea 500g,Beverages,61,139
2024-07-05,P007,Tea 500g,Beverages,51,123
2024-07-06,P007,Tea 500g,Beverages,55,144
2024-07-07,P007,Tea 500g,Beverages,58,139
2024-07-08,P007,Tea 500g,Beverages,69,129
2024-07-09,P007,Tea 500g,Beverages,73,127
2024-07-10,P007,Tea 500g,Beverages,72,154
2024-07-11,P007,Tea 500g,Beverages,57,160
2024-07-12,P007,Tea 500g,Beverages,54,125
2024-07-13,P007,Tea 500g,Beverages,50,153
2024-07-14,P007,Tea 500g,Beverages,61,123
2024-07-15,P007,Tea 500g,Beverages,57,140
2024-07-16,P007,Tea 500g,Beverages,61,170
2024-07-17,P007,Tea 500g,Beverages,66,137
2024-07-18,P007,Tea 500g,Beverages,65,132
2024-07-19,P007,Tea 500g,Beverages,56,115
2024-07-20,P007,Tea 500g,Beverages,49,152
2024-07-21,P007,Tea 500g,Beverages,64,127
2024-07-22,P007,Tea 500g,Beverages,52,145
2024-07-23,P007,Tea 500g,Beverages,60,134
2024-07-24,P007,Tea 500g,Beverages,69,130
2024-07-25,P007,Tea 500g,Beverages,46,120
2024-07-26,P007,Tea 500g,Beverages,50,112
2024-07-27,P007,Tea 500g,Beverages,50,118
2024-07-28,P007,Tea 500g,Beverages,63,167
2024-07-29,P007,Tea 500g,Beverages,51,141
2024-07-30,P007,Tea 500g,Beverages,57,133
2024-07-31,P007,Tea 500g,Beverages,74,131
2024-08-01,P007,Tea 500g,Beverages,55,125
2024-08-02,P007,Tea 500g,Beverages,55,93
2024-08-03,P007,Tea 500g,Beverages,48,137
2024-08-04,P007,Tea 500g,Beverages,50,149
2024-08-05,P007,Tea 500g,Beverages,63,118
2024-08-06,P007,Tea 500g,Beverages,75,118
2024-08-07,P007,Tea 500g,Beverages,70,140
2024-08-08,P007,Tea 500g,Beverages,54,132
2024-08-09,P007,Tea 500g,Beverages,49,140
2024-08-10,P007,Tea 500g,Beverages,45,134
2024-08-11,P007,Tea 500g,Beverages,49,121
2024-08-12,P007,Tea 500g,Beverages,51,122
2024-08-13,P007,Tea 500g,Beverages,59,143
2024-08-14,P007,Tea 500g,Beverages,63,165
2024-08-15,P007,Tea 500g,Beverages,44,144
2024-08-16,P007,Tea 500g,Beverages,49,149
2024-08-17,P007,Tea 500g,Beverages,53,135
2024-08-18,P007,Tea 500g,Beverages,54,127
2024-08-19,P007,Tea 500g,Beverages,59,112
2024-08-20,P007,Tea 500g,Beverages,66,137
2024-08-21,P007,Tea 500g,Beverages,58,134
2024-08-22,P007,Tea 500g,Beverages,55,155
2024-08-23,P007,Tea 500g,Beverages,64,154
2024-08-24,P007,Tea 500g,Beverages,47,146
2024-08-25,P007,Tea 500g,Beverages,56,125
2024-08-26,P007,Tea 500g,Beverages,48,137
2024-08-27,P007,Tea 500g,Beverages,66,115
2024-08-28,P007,Tea 500g,Beverages,57,145
2024-08-29,P007,Tea 500g,Beverages,56,157
2024-08-30,P007,Tea 500g,Beverages,41,170
2024-08-31,P007,Tea 500g,Beverages,42,110
2024-09-01,P007,Tea 500g,Beverages,52,122
2024-09-02,P007,Tea 500g,Beverages,55,136
2024-09-03,P007,Tea 500g,Beverages,59,126
2024-09-04,P007,Tea 500g,Beverages,63,133
2024-09-05,P007,Tea 500g,Beverages,61,135
2024-09-06,P007,Tea 500g,Beverages,43,114
2024-09-07,P007,Tea 500g,Beverages,48,120
2024-09-08,P007,Tea 500g,Beverages,45,145
2024-09-09,P007,Tea 500g,Beverages,45,157
2024-09-10,P007,Tea 500g,Beverages,61,137
2024-09-11,P007,Tea 500g,Beverages,54,148
2024-09-12,P007,Tea 500g,Beverages,55,128
2024-09-13,P007,Tea 500g,Beverages,49,114
2024-09-14,P007,Tea 500g,Beverages,41,122
2024-09-15,P007,Tea 500g,Beverages,54,137
2024-09-16,P007,Tea 500g,Beverages,60,125
2024-09-17,P007,Tea 500g,Beverages,64,136
2024-09-18,P007,Tea 500g,Beverages,55,143
2024-09-19,P007,Tea 500g,Beverages,55,129
2024-09-20,P007,Tea 500g,Beverages,48,136
2024-09-21,P007,Tea 500g,Beverages,48,132
2024-09-22,P007,Tea 500g,Beverages,45,139
2024-09-23,P007,Tea 500g,Beverages,50,123
2024-09-24,P007,Tea 500g,Beverages,59,148
2024-09-25,P007,Tea 500g,Beverages,62,130
2024-09-26,P007,Tea 500g,Beverages,52,146
2024-09-27,P007,Tea 500g,Beverages,36,148
2024-09-28,P007,Tea 500g,Beverages,40,118
2024-09-29,P007,Tea 500g,Beverages,50,167
2024-09-30,P007,Tea 500g,Beverages,64,147
2024-10-01,P007,Tea 500g,Beverages,77,112
2024-10-02,P007,Tea 500g,Beverages,75,130
2024-10-03,P007,Tea 500g,Beverages,62,140
2024-10-04,P007,Tea 500g,Beverages,56,149
2024-10-05,P007,Tea 500g,Beverages,48,139
2024-10-06,P007,Tea 500g,Beverages,59,132
2024-10-07,P007,Tea 500g,Beverages,69,122
2024-10-08,P007,Tea 500g,Beverages,76,135
2024-10-09,P007,Tea 500g,Beverages,70,131
2024-10-10,P007,Tea 500g,Beverages,67,127
2024-10-11,P007,Tea 500g,Beverages,59,134
2024-10-12,P007,Tea 500g,Beverages,57,159
2024-10-13,P007,Tea 500g,Beverages,67,132
2024-10-14,P007,Tea 500g,Beverages,69,123
2024-10-15,P007,Tea 500g,Beverages,72,133
2024-10-16,P007,Tea 500g,Beverages,66,143
2024-10-17,P007,Tea 500g,Beverages,65,133
2024-10-18,P007,Tea 500g,Beverages,56,178
2024-10-19,P007,Tea 500g,Beverages,57,109
2024-10-20,P007,Tea 500g,Beverages,55,148
2024-10-21,P007,Tea 500g,Beverages,77,128
2024-10-22,P007,Tea 500g,Beverages,85,148
2024-10-23,P007,Tea 500g,Beverages,74,134
2024-10-24,P007,Tea 500g,Beverages,70,150
2024-10-25,P007,Tea 500g,Beverages,62,128
2024-10-26,P007,Tea 500g,Beverages,60,165
2024-10-27,P007,Tea 500g,Beverages,67,149
2024-10-28,P007,Tea 500g,Beverages,73,141
2024-10-29,P007,Tea 500g,Beverages,77,150
2024-10-30,P007,Tea 500g,Beverages,82,141
2024-10-31,P007,Tea 500g,Beverages,65,143
2024-11-01,P007,Tea 500g,Beverages,60,133
2024-11-02,P007,Tea 500g,Beverages,79,116
2024-11-03,P007,Tea 500g,Beverages,73,126
2024-11-04,P007,Tea 500g,Beverages,71,173
2024-11-05,P007,Tea 500g,Beverages,70,128
2024-11-06,P007,Tea 500g,Beverages,78,126
2024-11-07,P007,Tea 500g,Beverages,77,130
2024-11-08,P007,Tea 500g,Beverages,65,119
2024-11-09,P007,Tea 500g,Beverages,52,134
2024-11-10,P007,Tea 500g,Beverages,57,158
2024-11-11,P007,Tea 500g,Beverages,60,123
2024-11-12,P007,Tea 500g,Beverages,82,129
2024-11-13,P007,Tea 500g,Beverages,67,166
2024-11-14,P007,Tea 500g,Beverages,64,135
2024-11-15,P007,Tea 500g,Beverages,61,147
2024-11-16,P007,Tea 500g,Beverages,67,126
2024-11-17,P007,Tea 500g,Beverages,66,134
2024-11-18,P007,Tea 500g,Beverages,77,121
2024-11-19,P007,Tea 500g,Beverages,96,127
2024-11-20,P007,Tea 500g,Beverages,80,122
2024-11-21,P007,Tea 500g,Beverages,63,125
2024-11-22,P007,Tea 500g,Beverages,57,132
2024-11-23,P007,Tea 500g,Beverages,58,147
2024-11-24,P007,Tea 500g,Beverages,64,125
2024-11-25,P007,Tea 500g,Beverages,70,151
2024-11-26,P007,Tea 500g,Beverages,82,136
2024-11-27,P007,Tea 500g,Beverages,69,122
2024-11-28,P007,Tea 500g,Beverages,64,155
2024-11-29,P007,Tea 500g,Beverages,68,126
2024-11-30,P007,Tea 500g,Beverages,62,126
2024-12-01,P007,Tea 500g,Beverages,53,144
2024-12-02,P007,Tea 500g,Beverages,59,166
2024-12-03,P007,Tea 500g,Beverages,76,156
2024-12-04,P007,Tea 500g,Beverages,72,132
2024-12-05,P007,Tea 500g,Beverages,65,133
2024-12-06,P007,Tea 500g,Beverages,62,143
2024-12-07,P007,Tea 500g,Beverages,56,139
2024-12-08,P007,Tea 500g,Beverages,69,118
2024-12-09,P007,Tea 500g,Beverages,73,135
2024-12-10,P007,Tea 500g,Beverages,59,127
2024-12-11,P007,Tea 500g,Beverages,57,146
2024-12-12,P007,Tea 500g,Beverages,56,140
2024-12-13,P007,Tea 500g,Beverages,61,128
2024-12-14,P007,Tea 500g,Beverages,54,120
2024-12-15,P007,Tea 500g,Beverages,57,173
2024-12-16,P007,Tea 500g,Beverages,67,134
2024-12-17,P007,Tea 500g,Beverages,65,137
2024-12-18,P007,Tea 500g,Beverages,71,132
2024-12-19,P007,Tea 500g,Beverages,67,124
2024-12-20,P007,Tea 500g,Beverages,50,143
2024-12-21,P007,Tea 500g,Beverages,50,148
2024-12-22,P007,Tea 500g,Beverages,61,112
2024-12-23,P007,Tea 500g,Beverages,64,114
2024-12-24,P007,Tea 500g,Beverages,76,134
2024-12-25,P007,Tea 500g,Beverages,84,152
2024-12-26,P007,Tea 500g,Beverages,58,110
2024-12-27,P007,Tea 500g,Beverages,52,121
2024-12-28,P007,Tea 500g,Beverages,68,137
2024-12-29,P007,Tea 500g,Beverages,68,134
2024-12-30,P007,Tea 500g,Beverages,64,137
2024-12-31,P007,Tea 500g,Beverages,80,142
2025-01-01,P007,Tea 500g,Beverages,64,160
2025-01-02,P007,Tea 500g,Beverages,64,131
2025-01-03,P007,Tea 500g,Beverages,41,146
2025-01-04,P007,Tea 500g,Beverages,59,139
2025-01-05,P007,Tea 500g,Beverages,60,130
2025-01-06,P007,Tea 500g,Beverages,63,144
2025-01-07,P007,Tea 500g,Beverages,78,134
2025-01-08,P007,Tea 500g,Beverages,80,136
2025-01-09,P007,Tea 500g,Beverages,63,140
2025-01-10,P007,Tea 500g,Beverages,50,141
2025-01-11,P007,Tea 500g,Beverages,50,123
2025-01-12,P007,Tea 500g,Beverages,51,135
2025-01-13,P007,Tea 500g,Beverages,77,136
2025-01-14,P007,Tea 500g,Beverages,79,170
2025-01-15,P007,Tea 500g,Beverages,77,127
2025-01-16,P007,Tea 500g,Beverages,63,138
2025-01-17,P007,Tea 500g,Beverages,55,130
2025-01-18,P007,Tea 500g,Beverages,66,152
2025-01-19,P007,Tea 500g,Beverages,54,126
2025-01-20,P007,Tea 500g,Beverages,65,146
2025-01-21,P007,Tea 500g,Beverages,84,175
2025-01-22,P007,Tea 500g,Beverages,72,132
2025-01-23,P007,Tea 500g,Beverages,73,128
2025-01-24,P007,Tea 500g,Beverages,59,132
2025-01-25,P007,Tea 500g,Beverages,45,139
2025-01-26,P007,Tea 500g,Beverages,64,155
2025-01-27,P007,Tea 500g,Beverages,69,120
2025-01-28,P007,Tea 500g,Beverages,74,109
2025-01-29,P007,Tea 500g,Beverages,67,146
2025-01-30,P007,Tea 500g,Beverages,68,150
2025-01-31,P007,Tea 500g,Beverages,49,134
2025-02-01,P007,Tea 500g,Beverages,59,151
2025-02-02,P007,Tea 500g,Beverages,71,146
2025-02-03,P007,Tea 500g,Beverages,80,132
2025-02-04,P007,Tea 500g,Beverages,87,123
2025-02-05,P007,Tea 500g,Beverages,69,148
2025-02-06,P007,Tea 500g,Beverages,60,145
2025-02-07,P007,Tea 500g,Beverages,62,152
2025-02-08,P007,Tea 500g,Beverages,62,138
2025-02-09,P007,Tea 500g,Beverages,71,128
2025-02-10,P007,Tea 500g,Beverages,65,144
2025-02-11,P007,Tea 500g,Beverages,78,132
2025-02-12,P007,Tea 500g,Beverages,78,159
2025-02-13,P007,Tea 500g,Beverages,68,131
2025-02-14,P007,Tea 500g,Beverages,51,137
2025-02-15,P007,Tea 500g,Beverages,68,149
2025-02-16,P007,Tea 500g,Beverages,69,151
2025-02-17,P007,Tea 500g,Beverages,76,153
2025-02-18,P007,Tea 500g,Beverages,87,159
2025-02-19,P007,Tea 500g,Beverages,78,119
2025-02-20,P007,Tea 500g,Beverages,77,148
2025-02-21,P007,Tea 500g,Beverages,72,155
2025-02-22,P007,Tea 500g,Beverages,77,146
2025-02-23,P007,Tea 500g,Beverages,70,118
2025-02-24,P007,Tea 500g,Beverages,74,130
2025-02-25,P007,Tea 500g,Beverages,81,138
2025-02-26,P007,Tea 500g,Beverages,84,136
2025-02-27,P007,Tea 500g,Beverages,79,100
2025-02-28,P007,Tea 500g,Beverages,64,154
2025-03-01,P007,Tea 500g,Beverages,77,148
2025-03-02,P007,Tea 500g,Beverages,81,140
2025-03-03,P007,Tea 500g,Beverages,72,145
2025-03-04,P007,Tea 500g,Beverages,80,127
2025-03-05,P007,Tea 500g,Beverages,76,122
2025-03-06,P007,Tea 500g,Beverages,77,138
2025-03-07,P007,Tea 500g,Beverages,61,130
2025-03-08,P007,Tea 500g,Beverages,68,148
2025-03-09,P007,Tea 500g,Beverages,62,120
2025-03-10,P007,Tea 500g,Beverages,80,119
2025-03-11,P007,Tea 500g,Beverages,85,160
2025-03-12,P007,Tea 500g,Beverages,94,148
2025-03-13,P007,Tea 500g,Beverages,79,168
2025-03-14,P007,Tea 500g,Beverages,49,131
2025-03-15,P007,Tea 500g,Beverages,71,133
2025-03-16,P007,Tea 500g,Beverages,79,137
2025-03-17,P007,Tea 500g,Beverages,74,134
2025-03-18,P007,Tea 500g,Beverages,77,130
2025-03-19,P007,Tea 500g,Beverages,84,127
2025-03-20,P007,Tea 500g,Beverages,81,146
2025-03-21,P007,Tea 500g,Beverages,71,122
2025-03-22,P007,Tea 500g,Beverages,55,137
2025-03-23,P007,Tea 500g,Beverages,91,155
2025-03-24,P007,Tea 500g,Beverages,69,143
2025-03-25,P007,Tea 500g,Beverages,87,119
2025-03-26,P007,Tea 500g,Beverages,93,135
2025-03-27,P007,Tea 500g,Beverages,73,138
2025-03-28,P007,Tea 500g,Beverages,72,127
2025-03-29,P007,Tea 500g,Beverages,55,142
2025-03-30,P007,Tea 500g,Beverages,56,133
2025-03-31,P007,Tea 500g,Beverages,82,145
2025-04-01,P007,Tea 500g,Beverages,90,146
2025-04-02,P007,Tea 500g,Beverages,102,129
2025-04-03,P007,Tea 500g,Beverages,77,131
2025-04-04,P007,Tea 500g,Beverages,71,137
2025-04-05,P007,Tea 500g,Beverages,77,130
2025-04-06,P007,Tea 500g,Beverages,80,146
2025-04-07,P007,Tea 500g,Beverages,73,145
2025-04-08,P007,Tea 500g,Beverages,84,142
2025-04-09,P007,Tea 500g,Beverages,80,128
2025-04-10,P007,Tea 500g,Beverages,72,114
2025-04-11,P007,Tea 500g,Beverages,70,121
2025-04-12,P007,Tea 500g,Beverages,65,146
2025-04-13,P007,Tea 500g,Beverages,76,113
2025-04-14,P007,Tea 500g,Beverages,73,144
2025-04-15,P007,Tea 500g,Beverages,82,156
2025-04-16,P007,Tea 500g,Beverages,75,109
2025-04-17,P007,Tea 500g,Beverages,80,130
2025-04-18,P007,Tea 500g,Beverages,53,135
2025-04-19,P007,Tea 500g,Beverages,74,120
2025-04-20,P007,Tea 500g,Beverages,87,126
2025-04-21,P007,Tea 500g,Beverages,74,121
2025-04-22,P007,Tea 500g,Beverages,82,136
2025-04-23,P007,Tea 500g,Beverages,69,176
2025-04-24,P007,Tea 500g,Beverages,70,131
2025-04-25,P007,Tea 500g,Beverages,70,162
2025-04-26,P007,Tea 500g,Beverages,73,121
2025-04-27,P007,Tea 500g,Beverages,71,112
2025-04-28,P007,Tea 500g,Beverages,80,115
2025-04-29,P007,Tea 500g,Beverages,74,137
2025-04-30,P007,Tea 500g,Beverages,85,134
2025-05-01,P007,Tea 500g,Beverages,85,147
2025-05-02,P007,Tea 500g,Beverages,68,121
2025-05-03,P007,Tea 500g,Beverages,76,126
2025-05-04,P007,Tea 500g,Beverages,82,165
2025-05-05,P007,Tea 500g,Beverages,76,152
2025-05-06,P007,Tea 500g,Beverages,56,135
2025-05-07,P007,Tea 500g,Beverages,89,150
2025-05-08,P007,Tea 500g,Beverages,64,133
2025-05-09,P007,Tea 500g,Beverages,47,143
2025-05-10,P007,Tea 500g,Beverages,53,153
2025-05-11,P007,Tea 500g,Beverages,77,131
2025-05-12,P007,Tea 500g,Beverages,76,135
2025-05-13,P007,Tea 500g,Beverages,82,122
2025-05-14,P007,Tea 500g,Beverages,85,115
2025-05-15,P007,Tea 500g,Beverages,59,136
2025-05-16,P007,Tea 500g,Beverages,62,141
2025-05-17,P007,Tea 500g,Beverages,60,163
2025-05-18,P007,Tea 500g,Beverages,70,141
2025-05-19,P007,Tea 500g,Beverages,73,151
2025-05-20,P007,Tea 500g,Beverages,84,144
2025-05-21,P007,Tea 500g,Beverages,85,112
2025-05-22,P007,Tea 500g,Beverages,59,136
2025-05-23,P007,Tea 500g,Beverages,61,145
2025-05-24,P007,Tea 500g,Beverages,64,146
2025-05-25,P007,Tea 500g,Beverages,60,137
2025-05-26,P007,Tea 500g,Beverages,61,143
2025-05-27,P007,Tea 500g,Beverages,64,142
2025-05-28,P007,Tea 500g,Beverages,67,132
2025-05-29,P007,Tea 500g,Beverages,78,141
2025-05-30,P007,Tea 500g,Beverages,52,128
2025-05-31,P007,Tea 500g,Beverages,54,114
2025-06-01,P007,Tea 500g,Beverages,68,145
2025-06-02,P007,Tea 500g,Beverages,73,146
2025-06-03,P007,Tea 500g,Beverages,78,134
2025-06-04,P007,Tea 500g,Beverages,69,131
2025-06-05,P007,Tea 500g,Beverages,61,126
2025-06-06,P007,Tea 500g,Beverages,62,136
2025-06-07,P007,Tea 500g,Beverages,82,119
2025-06-08,P007,Tea 500g,Beverages,66,118
2025-06-09,P007,Tea 500g,Beverages,67,133
2025-06-10,P007,Tea 500g,Beverages,83,131
2025-06-11,P007,Tea 500g,Beverages,75,132
2025-06-12,P007,Tea 500g,Beverages,60,129
2025-06-13,P007,Tea 500g,Beverages,58,139
2025-06-14,P007,Tea 500g,Beverages,65,134
2025-06-15,P007,Tea 500g,Beverages,64,114
2025-06-16,P007,Tea 500g,Beverages,72,128
2025-06-17,P007,Tea 500g,Beverages,82,156
2025-06-18,P007,Tea 500g,Beverages,75,123
2025-06-19,P007,Tea 500g,Beverages,69,142
2025-06-20,P007,Tea 500g,Beverages,58,130
2025-06-21,P007,Tea 500g,Beverages,64,144
2025-06-22,P007,Tea 500g,Beverages,63,115
2025-06-23,P007,Tea 500g,Beverages,71,127
2025-06-24,P007,Tea 500g,Beverages,77,140
2025-06-25,P007,Tea 500g,Beverages,61,139
2025-06-26,P007,Tea 500g,Beverages,71,146
2025-06-27,P007,Tea 500g,Beverages,60,110
2025-06-28,P007,Tea 500g,Beverages,68,143
2025-06-29,P007,Tea 500g,Beverages,56,127
2025-06-30,P007,Tea 500g,Beverages,69,147
2025-07-01,P007,Tea 500g,Beverages,70,149
2025-07-02,P007,Tea 500g,Beverages,61,123
2025-07-03,P007,Tea 500g,Beverages,53,125
2025-07-04,P007,Tea 500g,Beverages,67,166
2025-07-05,P007,Tea 500g,Beverages,61,129
2025-07-06,P007,Tea 500g,Beverages,62,144
2025-07-07,P007,Tea 500g,Beverages,56,130
2025-07-08,P007,Tea 500g,Beverages,84,123
2025-07-09,P007,Tea 500g,Beverages,68,138
2025-07-10,P007,Tea 500g,Beverages,68,129
2025-07-11,P007,Tea 500g,Beverages,58,146
2025-07-12,P007,Tea 500g,Beverages,70,136
2025-07-13,P007,Tea 500g,Beverages,62,159
2025-07-14,P007,Tea 500g,Beverages,62,119
2025-07-15,P007,Tea 500g,Beverages,74,152
2025-07-16,P007,Tea 500g,Beverages,75,136
2025-07-17,P007,Tea 500g,Beverages,56,137
2025-07-18,P007,Tea 500g,Beverages,64,121
2025-07-19,P007,Tea 500g,Beverages,57,132
2025-07-20,P007,Tea 500g,Beverages,58,141
2025-07-21,P007,Tea 500g,Beverages,67,143
2025-07-22,P007,Tea 500g,Beverages,64,115
2025-07-23,P007,Tea 500g,Beverages,73,131
2025-07-24,P007,Tea 500g,Beverages,77,163
2025-07-25,P007,Tea 500g,Beverages,67,125
2025-07-26,P007,Tea 500g,Beverages,61,149
2025-07-27,P007,Tea 500g,Beverages,66,133
2025-07-28,P007,Tea 500g,Beverages,72,138
2025-07-29,P007,Tea 500g,Beverages,71,116
2025-07-30,P007,Tea 500g,Beverages,75,134
2025-07-31,P007,Tea 500g,Beverages,67,141
2025-08-01,P007,Tea 500g,Beverages,57,137
2025-08-02,P007,Tea 500g,Beverages,61,135
2025-08-03,P007,Tea 500g,Beverages,52,145
2025-08-04,P007,Tea 500g,Beverages,58,119
2025-08-05,P007,Tea 500g,Beverages,63,141
2025-08-06,P007,Tea 500g,Beverages,69,108
2025-08-07,P007,Tea 500g,Beverages,61,154
2025-08-08,P007,Tea 500g,Beverages,53,135
2025-08-09,P007,Tea 500g,Beverages,62,148
2025-08-10,P007,Tea 500g,Beverages,66,99
2025-08-11,P007,Tea 500g,Beverages,73,146
2025-08-12,P007,Tea 500g,Beverages,86,127
2025-08-13,P007,Tea 500g,Beverages,57,138
2025-08-14,P007,Tea 500g,Beverages,61,146
2025-08-15,P007,Tea 500g,Beverages,60,136
2025-08-16,P007,Tea 500g,Beverages,54,145
2025-08-17,P007,Tea 500g,Beverages,58,133
2025-08-18,P007,Tea 500g,Beverages,68,155
2025-08-19,P007,Tea 500g,Beverages,76,135
2025-08-20,P007,Tea 500g,Beverages,54,135
2025-08-21,P007,Tea 500g,Beverages,58,136
2025-08-22,P007,Tea 500g,Beverages,50,137
2025-08-23,P007,Tea 500g,Beverages,50,120
2025-08-24,P007,Tea 500g,Beverages,66,124
2025-08-25,P007,Tea 500g,Beverages,62,151
2025-08-26,P007,Tea 500g,Beverages,74,148
2025-08-27,P007,Tea 500g,Beverages,70,147
2025-08-28,P007,Tea 500g,Beverages,70,143
2025-08-29,P007,Tea 500g,Beverages,44,130
2025-08-30,P007,Tea 500g,Beverages,59,129
2025-08-31,P007,Tea 500g,Beverages,68,137
2025-09-01,P007,Tea 500g,Beverages,62,153
2025-09-02,P007,Tea 500g,Beverages,67,140
2025-09-03,P007,Tea 500g,Beverages,74,117
2025-09-04,P007,Tea 500g,Beverages,60,149
2025-09-05,P007,Tea 500g,Beverages,54,158
2025-09-06,P007,Tea 500g,Beverages,46,114
2025-09-07,P007,Tea 500g,Beverages,63,149
2025-09-08,P007,Tea 500g,Beverages,60,143
2025-09-09,P007,Tea 500g,Beverages,73,126
2025-09-10,P007,Tea 500g,Beverages,63,140
2025-09-11,P007,Tea 500g,Beverages,67,121
2025-09-12,P007,Tea 500g,Beverages,52,134
2025-09-13,P007,Tea 500g,Beverages,57,137
2025-09-14,P007,Tea 500g,Beverages,55,155
2025-09-15,P007,Tea 500g,Beverages,58,133
2025-09-16,P007,Tea 500g,Beverages,57,128
2025-09-17,P007,Tea 500g,Beverages,71,142
2025-09-18,P007,Tea 500g,Beverages,65,145
2025-09-19,P007,Tea 500g,Beverages,64,127
2025-09-20,P007,Tea 500g,Beverages,46,123
2025-09-21,P007,Tea 500g,Beverages,54,124
2025-09-22,P007,Tea 500g,Beverages,62,155
2025-09-23,P007,Tea 500g,Beverages,78,144
2025-09-24,P007,Tea 500g,Beverages,82,133
2025-09-25,P007,Tea 500g,Beverages,51,152
2025-09-26,P007,Tea 500g,Beverages,44,127
2025-09-27,P007,Tea 500g,Beverages,58,136
2025-09-28,P007,Tea 500g,Beverages,57,121
2025-09-29,P007,Tea 500g,Beverages,61,151
2025-09-30,P007,Tea 500g,Beverages,68,126
2025-10-01,P007,Tea 500g,Beverages,73,126
2025-10-02,P007,Tea 500g,Beverages,78,142
2025-10-03,P007,Tea 500g,Beverages,60,107
2025-10-04,P007,Tea 500g,Beverages,70,125
2025-10-05,P007,Tea 500g,Beverages,76,127
2025-10-06,P007,Tea 500g,Beverages,67,140
2025-10-07,P007,Tea 500g,Beverages,102,148
2025-10-08,P007,Tea 500g,Beverages,84,142
2025-10-09,P007,Tea 500g,Beverages,62,122
2025-10-10,P007,Tea 500g,Beverages,49,161
2025-10-11,P007,Tea 500g,Beverages,78,143
2025-10-12,P007,Tea 500g,Beverages,73,116
2025-10-13,P007,Tea 500g,Beverages,74,162
2025-10-14,P007,Tea 500g,Beverages,85,130
2025-10-15,P007,Tea 500g,Beverages,69,156
2025-10-16,P007,Tea 500g,Beverages,76,113
2025-10-17,P007,Tea 500g,Beverages,60,120
2025-10-18,P007,Tea 500g,Beverages,67,140
2025-10-19,P007,Tea 500g,Beverages,69,148
2025-10-20,P007,Tea 500g,Beverages,76,152
2025-10-21,P007,Tea 500g,Beverages,81,179
2025-10-22,P007,Tea 500g,Beverages,80,125
2025-10-23,P007,Tea 500g,Beverages,69,135
2025-10-24,P007,Tea 500g,Beverages,55,142
2025-10-25,P007,Tea 500g,Beverages,55,140
2025-10-26,P007,Tea 500g,Beverages,63,132
2025-10-27,P007,Tea 500g,Beverages,81,169
2025-10-28,P007,Tea 500g,Beverages,76,135
2025-10-29,P007,Tea 500g,Beverages,79,126
2025-10-30,P007,Tea 500g,Beverages,72,149
2025-10-31,P007,Tea 500g,Beverages,64,168
2025-11-01,P007,Tea 500g,Beverages,72,124
2025-11-02,P007,Tea 500g,Beverages,71,126
2025-11-03,P007,Tea 500g,Beverages,84,115
2025-11-04,P007,Tea 500g,Beverages,74,129
2025-11-05,P007,Tea 500g,Beverages,92,154
2025-11-06,P007,Tea 500g,Beverages,89,145
2025-11-07,P007,Tea 500g,Beverages,68,148
2025-11-08,P007,Tea 500g,Beverages,62,112
2025-11-09,P007,Tea 500g,Beverages,78,124
2025-11-10,P007,Tea 500g,Beverages,78,139
2025-11-11,P007,Tea 500g,Beverages,89,150
2025-11-12,P007,Tea 500g,Beverages,95,140
2025-11-13,P007,Tea 500g,Beverages,76,139
2025-11-14,P007,Tea 500g,Beverages,65,135
2025-11-15,P007,Tea 500g,Beverages,90,140
2025-11-16,P007,Tea 500g,Beverages,79,128
2025-11-17,P007,Tea 500g,Beverages,88,148
2025-11-18,P007,Tea 500g,Beverages,95,140
2025-11-19,P007,Tea 500g,Beverages,98,155
2025-11-20,P007,Tea 500g,Beverages,83,136
2025-11-21,P007,Tea 500g,Beverages,76,125
2025-11-22,P007,Tea 500g,Beverages,67,137
2025-11-23,P007,Tea 500g,Beverages,64,149
2025-11-24,P007,Tea 500g,Beverages,73,131
2025-11-25,P007,Tea 500g,Beverages,88,138
2025-11-26,P007,Tea 500g,Beverages,87,137
2025-11-27,P007,Tea 500g,Beverages,81,131
2025-11-28,P007,Tea 500g,Beverages,66,152
2025-11-29,P007,Tea 500g,Beverages,58,135
2025-11-30,P007,Tea 500g,Beverages,75,143
2025-12-01,P007,Tea 500g,Beverages,57,131
2025-12-02,P007,Tea 500g,Beverages,74,152
2025-12-03,P007,Tea 500g,Beverages,77,121
2025-12-04,P007,Tea 500g,Beverages,65,150
2025-12-05,P007,Tea 500g,Beverages,52,136
2025-12-06,P007,Tea 500g,Beverages,61,132
2025-12-07,P007,Tea 500g,Beverages,83,132
2025-12-08,P007,Tea 500g,Beverages,71,127
2025-12-09,P007,Tea 500g,Beverages,80,149
2025-12-10,P007,Tea 500g,Beverages,72,137
2025-12-11,P007,Tea 500g,Beverages,63,122
2025-12-12,P007,Tea 500g,Beverages,67,130
2025-12-13,P007,Tea 500g,Beverages,47,162
2025-12-14,P007,Tea 500g,Beverages,61,134
2025-12-15,P007,Tea 500g,Beverages,81,136
2025-12-16,P007,Tea 500g,Beverages,76,121
2025-12-17,P007,Tea 500g,Beverages,65,135
2025-12-18,P007,Tea 500g,Beverages,73,142
2025-12-19,P007,Tea 500g,Beverages,58,138
2025-12-20,P007,Tea 500g,Beverages,51,144
2025-12-21,P007,Tea 500g,Beverages,68,165
2025-12-22,P007,Tea 500g,Beverages,71,125
2025-12-23,P007,Tea 500g,Beverages,78,133
2025-12-24,P007,Tea 500g,Beverages,82,138
2025-12-25,P007,Tea 500g,Beverages,63,115
2025-12-26,P007,Tea 500g,Beverages,64,157
2025-12-27,P007,Tea 500g,Beverages,64,149
2025-12-28,P007,Tea 500g,Beverages,75,141
2025-12-29,P007,Tea 500g,Beverages,66,140
2025-12-30,P007,Tea 500g,Beverages,89,145
2025-12-31,P007,Tea 500g,Beverages,86,131
2024-01-01,P008,Coffee 200g,Beverages,54,107
2024-01-02,P008,Coffee 200g,Beverages,57,82
2024-01-03,P008,Coffee 200g,Beverages,45,107
2024-01-04,P008,Coffee 200g,Beverages,35,115
2024-01-05,P008,Coffee 200g,Beverages,38,104
2024-01-06,P008,Coffee 200g,Beverages,60,118
2024-01-07,P008,Coffee 200g,Beverages,61,112
2024-01-08,P008,Coffee 200g,Beverages,54,129
2024-01-09,P008,Coffee 200g,Beverages,56,99
2024-01-10,P008,Coffee 200g,Beverages,39,114
2024-01-11,P008,Coffee 200g,Beverages,40,92
2024-01-12,P008,Coffee 200g,Beverages,43,105
2024-01-13,P008,Coffee 200g,Beverages,54,112
2024-01-14,P008,Coffee 200g,Beverages,55,114
2024-01-15,P008,Coffee 200g,Beverages,53,103
2024-01-16,P008,Coffee 200g,Beverages,49,120
2024-01-17,P008,Coffee 200g,Beverages,44,122
2024-01-18,P008,Coffee 200g,Beverages,48,100
2024-01-19,P008,Coffee 200g,Beverages,29,119
2024-01-20,P008,Coffee 200g,Beverages,50,98
2024-01-21,P008,Coffee 200g,Beverages,55,103
2024-01-22,P008,Coffee 200g,Beverages,63,109
2024-01-23,P008,Coffee 200g,Beverages,59,113
2024-01-24,P008,Coffee 200g,Beverages,45,103
2024-01-25,P008,Coffee 200g,Beverages,43,116
2024-01-26,P008,Coffee 200g,Beverages,46,105
2024-01-27,P008,Coffee 200g,Beverages,53,114
2024-01-28,P008,Coffee 200g,Beverages,57,95
2024-01-29,P008,Coffee 200g,Beverages,52,105
2024-01-30,P008,Coffee 200g,Beverages,56,121
2024-01-31,P008,Coffee 200g,Beverages,40,101
2024-02-01,P008,Coffee 200g,Beverages,40,116
2024-02-02,P008,Coffee 200g,Beverages,40,103
2024-02-03,P008,Coffee 200g,Beverages,45,113
2024-02-04,P008,Coffee 200g,Beverages,58,100
2024-02-05,P008,Coffee 200g,Beverages,55,120
2024-02-06,P008,Coffee 200g,Beverages,48,98
2024-02-07,P008,Coffee 200g,Beverages,52,108
2024-02-08,P008,Coffee 200g,Beverages,44,112
2024-02-09,P008,Coffee 200g,Beverages,42,104
2024-02-10,P008,Coffee 200g,Beverages,57,120
2024-02-11,P008,Coffee 200g,Beverages,66,95
2024-02-12,P008,Coffee 200g,Beverages,64,104
2024-02-13,P008,Coffee 200g,Beverages,49,106
2024-02-14,P008,Coffee 200g,Beverages,50,113
2024-02-15,P008,Coffee 200g,Beverages,41,117
2024-02-16,P008,Coffee 200g,Beverages,43,101
2024-02-17,P008,Coffee 200g,Beverages,49,112
2024-02-18,P008,Coffee 200g,Beverages,59,93
2024-02-19,P008,Coffee 200g,Beverages,62,102
2024-02-20,P008,Coffee 200g,Beverages,62,92
2024-02-21,P008,Coffee 200g,Beverages,46,100
2024-02-22,P008,Coffee 200g,Beverages,38,102
2024-02-23,P008,Coffee 200g,Beverages,50,109
2024-02-24,P008,Coffee 200g,Beverages,48,88
2024-02-25,P008,Coffee 200g,Beverages,49,102
2024-02-26,P008,Coffee 200g,Beverages,53,105
2024-02-27,P008,Coffee 200g,Beverages,41,107
2024-02-28,P008,Coffee 200g,Beverages,51,125
2024-02-29,P008,Coffee 200g,Beverages,34,99
2024-03-01,P008,Coffee 200g,Beverages,39,109
2024-03-02,P008,Coffee 200g,Beverages,46,126
2024-03-03,P008,Coffee 200g,Beverages,60,106
2024-03-04,P008,Coffee 200g,Beverages,66,107
2024-03-05,P008,Coffee 200g,Beverages,55,99
2024-03-06,P008,Coffee 200g,Beverages,40,101
2024-03-07,P008,Coffee 200g,Beverages,51,114
2024-03-08,P008,Coffee 200g,Beverages,43,97
2024-03-09,P008,Coffee 200g,Beverages,57,93
2024-03-10,P008,Coffee 200g,Beverages,50,101
2024-03-11,P008,Coffee 200g,Beverages,68,128
2024-03-12,P008,Coffee 200g,Beverages,51,100
2024-03-13,P008,Coffee 200g,Beverages,39,108
2024-03-14,P008,Coffee 200g,Beverages,42,116
2024-03-15,P008,Coffee 200g,Beverages,46,105
2024-03-16,P008,Coffee 200g,Beverages,55,100
2024-03-17,P008,Coffee 200g,Beverages,62,102
2024-03-18,P008,Coffee 200g,Beverages,59,112
2024-03-19,P008,Coffee 200g,Beverages,53,116
2024-03-20,P008,Coffee 200g,Beverages,39,96
2024-03-21,P008,Coffee 200g,Beverages,40,92
2024-03-22,P008,Coffee 200g,Beverages,40,103
2024-03-23,P008,Coffee 200g,Beverages,59,109
2024-03-24,P008,Coffee 200g,Beverages,65,111
2024-03-25,P008,Coffee 200g,Beverages,53,109
2024-03-26,P008,Coffee 200g,Beverages,56,120
2024-03-27,P008,Coffee 200g,Beverages,45,90
2024-03-28,P008,Coffee 200g,Beverages,34,104
2024-03-29,P008,Coffee 200g,Beverages,32,127
2024-03-30,P008,Coffee 200g,Beverages,55,101
2024-03-31,P008,Coffee 200g,Beverages,52,119
2024-04-01,P008,Coffee 200g,Beverages,49,97
2024-04-02,P008,Coffee 200g,Beverages,48,109
2024-04-03,P008,Coffee 200g,Beverages,48,120
2024-04-04,P008,Coffee 200g,Beverages,45,108
2024-04-05,P008,Coffee 200g,Beverages,45,100
2024-04-06,P008,Coffee 200g,Beverages,42,100
2024-04-07,P008,Coffee 200g,Beverages,53,101
2024-04-08,P008,Coffee 200g,Beverages,50,103
2024-04-09,P008,Coffee 200g,Beverages,55,126
2024-04-10,P008,Coffee 200g,Beverages,37,94
2024-04-11,P008,Coffee 200g,Beverages,37,116
2024-04-12,P008,Coffee 200g,Beverages,40,100
2024-04-13,P008,Coffee 200g,Beverages,54,118
2024-04-14,P008,Coffee 200g,Beverages,57,99
2024-04-15,P008,Coffee 200g,Beverages,56,105
2024-04-16,P008,Coffee 200g,Beverages,50,102
2024-04-17,P008,Coffee 200g,Beverages,49,110
2024-04-18,P008,Coffee 200g,Beverages,44,122
2024-04-19,P008,Coffee 200g,Beverages,42,102
2024-04-20,P008,Coffee 200g,Beverages,55,113
2024-04-21,P008,Coffee 200g,Beverages,72,111
2024-04-22,P008,Coffee 200g,Beverages,58,111
2024-04-23,P008,Coffee 200g,Beverages,50,105
2024-04-24,P008,Coffee 200g,Beverages,46,113
2024-04-25,P008,Coffee 200g,Beverages,44,111
2024-04-26,P008,Coffee 200g,Beverages,38,104
2024-04-27,P008,Coffee 200g,Beverages,43,125
2024-04-28,P008,Coffee 200g,Beverages,53,118
2024-04-29,P008,Coffee 200g,Beverages,55,111
2024-04-30,P008,Coffee 200g,Beverages,50,99
2024-05-01,P008,Coffee 200g,Beverages,40,126
2024-05-02,P008,Coffee 200g,Beverages,40,120
2024-05-03,P008,Coffee 200g,Beverages,45,103
2024-05-04,P008,Coffee 200g,Beverages,51,108
2024-05-05,P008,Coffee 200g,Beverages,49,106
2024-05-06,P008,Coffee 200g,Beverages,56,102
2024-05-07,P008,Coffee 200g,Beverages,48,106
2024-05-08,P008,Coffee 200g,Beverages,52,88
2024-05-09,P008,Coffee 200g,Beverages,41,105
2024-05-10,P008,Coffee 200g,Beverages,37,105
2024-05-11,P008,Coffee 200g,Beverages,52,115
2024-05-12,P008,Coffee 200g,Beverages,56,119
2024-05-13,P008,Coffee 200g,Beverages,59,116
2024-05-14,P008,Coffee 200g,Beverages,46,113
2024-05-15,P008,Coffee 200g,Beverages,45,99
2024-05-16,P008,Coffee 200g,Beverages,32,86
2024-05-17,P008,Coffee 200g,Beverages,39,111
2024-05-18,P008,Coffee 200g,Beverages,42,119
2024-05-19,P008,Coffee 200g,Beverages,55,122
2024-05-20,P008,Coffee 200g,Beverages,54,96
2024-05-21,P008,Coffee 200g,Beverages,51,115
2024-05-22,P008,Coffee 200g,Beverages,40,92
2024-05-23,P008,Coffee 200g,Beverages,38,97
2024-05-24,P008,Coffee 200g,Beverages,42,103
2024-05-25,P008,Coffee 200g,Beverages,56,85
2024-05-26,P008,Coffee 200g,Beverages,54,123
2024-05-27,P008,Coffee 200g,Beverages,46,106
2024-05-28,P008,Coffee 200g,Beverages,46,100
2024-05-29,P008,Coffee 200g,Beverages,43,94
2024-05-30,P008,Coffee 200g,Beverages,37,113
2024-05-31,P008,Coffee 200g,Beverages,37,97
2024-06-01,P008,Coffee 200g,Beverages,52,115
2024-06-02,P008,Coffee 200g,Beverages,48,94
2024-06-03,P008,Coffee 200g,Beverages,46,113
2024-06-04,P008,Coffee 200g,Beverages,49,116
2024-06-05,P008,Coffee 200g,Beverages,40,98
2024-06-06,P008,Coffee 200g,Beverages,40,102
2024-06-07,P008,Coffee 200g,Beverages,38,91
2024-06-08,P008,Coffee 200g,Beverages,44,118
2024-06-09,P008,Coffee 200g,Beverages,49,116
2024-06-10,P008,Coffee 200g,Beverages,38,101
2024-06-11,P008,Coffee 200g,Beverages,46,126
2024-06-12,P008,Coffee 200g,Beverages,36,115
2024-06-13,P008,Coffee 200g,Beverages,40,100
2024-06-14,P008,Coffee 200g,Beverages,35,109
2024-06-15,P008,Coffee 200g,Beverages,39,103
2024-06-16,P008,Coffee 200g,Beverages,59,113
2024-06-17,P008,Coffee 200g,Beverages,49,109
2024-06-18,P008,Coffee 200g,Beverages,49,116
2024-06-19,P008,Coffee 200g,Beverages,38,124
2024-06-20,P008,Coffee 200g,Beverages,41,115
2024-06-21,P008,Coffee 200g,Beverages,33,97
2024-06-22,P008,Coffee 200g,Beverages,44,108
2024-06-23,P008,Coffee 200g,Beverages,42,113
2024-06-24,P008,Coffee 200g,Beverages,55,114
2024-06-25,P008,Coffee 200g,Beverages,43,99
2024-06-26,P008,Coffee 200g,Beverages,41,106
2024-06-27,P008,Coffee 200g,Beverages,37,114
2024-06-28,P008,Coffee 200g,Beverages,40,95
2024-06-29,P008,Coffee 200g,Beverages,46,104
2024-06-30,P008,Coffee 200g,Beverages,50,117
2024-07-01,P008,Coffee 200g,Beverages,53,123
2024-07-02,P008,Coffee 200g,Beverages,47,106
2024-07-03,P008,Coffee 200g,Beverages,39,89
2024-07-04,P008,Coffee 200g,Beverages,40,104
2024-07-05,P008,Coffee 200g,Beverages,38,115
2024-07-06,P008,Coffee 200g,Beverages,39,98
2024-07-07,P008,Coffee 200g,Beverages,58,111
2024-07-08,P008,Coffee 200g,Beverages,45,106
2024-07-09,P008,Coffee 200g,Beverages,50,118
2024-07-10,P008,Coffee 200g,Beverages,34,125
2024-07-11,P008,Coffee 200g,Beverages,39,106
2024-07-12,P008,Coffee 200g,Beverages,31,119
2024-07-13,P008,Coffee 200g,Beverages,46,92
2024-07-14,P008,Coffee 200g,Beverages,49,141
2024-07-15,P008,Coffee 200g,Beverages,48,100
2024-07-16,P008,Coffee 200g,Beverages,40,127
2024-07-17,P008,Coffee 200g,Beverages,42,123
2024-07-18,P008,Coffee 200g,Beverages,36,121
2024-07-19,P008,Coffee 200g,Beverages,32,109
2024-07-20,P008,Coffee 200g,Beverages,45,122
2024-07-21,P008,Coffee 200g,Beverages,52,101
2024-07-22,P008,Coffee 200g,Beverages,48,89
2024-07-23,P008,Coffee 200g,Beverages,34,116
2024-07-24,P008,Coffee 200g,Beverages,38,105
2024-07-25,P008,Coffee 200g,Beverages,38,123
2024-07-26,P008,Coffee 200g,Beverages,37,128
2024-07-27,P008,Coffee 200g,Beverages,46,111
2024-07-28,P008,Coffee 200g,Beverages,51,94
2024-07-29,P008,Coffee 200g,Beverages,52,81
2024-07-30,P008,Coffee 200g,Beverages,42,108
2024-07-31,P008,Coffee 200g,Beverages,36,103
2024-08-01,P008,Coffee 200g,Beverages,41,119
2024-08-02,P008,Coffee 200g,Beverages,33,102
2024-08-03,P008,Coffee 200g,Beverages,38,115
2024-08-04,P008,Coffee 200g,Beverages,48,86
2024-08-05,P008,Coffee 200g,Beverages,48,112
2024-08-06,P008,Coffee 200g,Beverages,49,107
2024-08-07,P008,Coffee 200g,Beverages,37,129
2024-08-08,P008,Coffee 200g,Beverages,35,115
2024-08-09,P008,Coffee 200g,Beverages,33,115
2024-08-10,P008,Coffee 200g,Beverages,37,103
2024-08-11,P008,Coffee 200g,Beverages,44,101
2024-08-12,P008,Coffee 200g,Beverages,53,101
2024-08-13,P008,Coffee 200g,Beverages,48,124
2024-08-14,P008,Coffee 200g,Beverages,39,118
2024-08-15,P008,Coffee 200g,Beverages,37,109
2024-08-16,P008,Coffee 200g,Beverages,38,127
2024-08-17,P008,Coffee 200g,Beverages,41,97
2024-08-18,P008,Coffee 200g,Beverages,45,118
2024-08-19,P008,Coffee 200g,Beverages,53,102
2024-08-20,P008,Coffee 200g,Beverages,35,100
2024-08-21,P008,Coffee 200g,Beverages,41,107
2024-08-22,P008,Coffee 200g,Beverages,36,102
2024-08-23,P008,Coffee 200g,Beverages,39,111
2024-08-24,P008,Coffee 200g,Beverages,47,109
2024-08-25,P008,Coffee 200g,Beverages,53,112
2024-08-26,P008,Coffee 200g,Beverages,43,112
2024-08-27,P008,Coffee 200g,Beverages,48,120
2024-08-28,P008,Coffee 200g,Beverages,41,97
2024-08-29,P008,Coffee 200g,Beverages,32,103
2024-08-30,P008,Coffee 200g,Beverages,36,106
2024-08-31,P008,Coffee 200g,Beverages,39,95
2024-09-01,P008,Coffee 200g,Beverages,40,74
2024-09-02,P008,Coffee 200g,Beverages,47,132
2024-09-03,P008,Coffee 200g,Beverages,53,97
2024-09-04,P008,Coffee 200g,Beverages,40,92
2024-09-05,P008,Coffee 200g,Beverages,31,95
2024-09-06,P008,Coffee 200g,Beverages,35,106
2024-09-07,P008,Coffee 200g,Beverages,46,115
2024-09-08,P008,Coffee 200g,Beverages,49,108
2024-09-09,P008,Coffee 200g,Beverages,43,93
2024-09-10,P008,Coffee 200g,Beverages,39,114
2024-09-11,P008,Coffee 200g,Beverages,39,87
2024-09-12,P008,Coffee 200g,Beverages,35,94
2024-09-13,P008,Coffee 200g,Beverages,42,101
2024-09-14,P008,Coffee 200g,Beverages,48,119
2024-09-15,P008,Coffee 200g,Beverages,46,108
2024-09-16,P008,Coffee 200g,Beverages,52,109
2024-09-17,P008,Coffee 200g,Beverages,48,93
2024-09-18,P008,Coffee 200g,Beverages,43,102
2024-09-19,P008,Coffee 200g,Beverages,37,117
2024-09-20,P008,Coffee 200g,Beverages,39,111
2024-09-21,P008,Coffee 200g,Beverages,49,115
2024-09-22,P008,Coffee 200g,Beverages,60,107
2024-09-23,P008,Coffee 200g,Beverages,50,118
2024-09-24,P008,Coffee 200g,Beverages,44,93
2024-09-25,P008,Coffee 200g,Beverages,43,105
2024-09-26,P008,Coffee 200g,Beverages,32,113
2024-09-27,P008,Coffee 200g,Beverages,42,90
2024-09-28,P008,Coffee 200g,Beverages,51,80
2024-09-29,P008,Coffee 200g,Beverages,51,127
2024-09-30,P008,Coffee 200g,Beverages,49,108
2024-10-01,P008,Coffee 200g,Beverages,62,89
2024-10-02,P008,Coffee 200g,Beverages,51,108
2024-10-03,P008,Coffee 200g,Beverages,54,94
2024-10-04,P008,Coffee 200g,Beverages,44,98
2024-10-05,P008,Coffee 200g,Beverages,51,120
2024-10-06,P008,Coffee 200g,Beverages,65,102
2024-10-07,P008,Coffee 200g,Beverages,59,101
2024-10-08,P008,Coffee 200g,Beverages,56,94
2024-10-09,P008,Coffee 200g,Beverages,50,104
2024-10-10,P008,Coffee 200g,Beverages,42,109
2024-10-11,P008,Coffee 200g,Beverages,48,102
2024-10-12,P008,Coffee 200g,Beverages,57,131
2024-10-13,P008,Coffee 200g,Beverages,80,96
2024-10-14,P008,Coffee 200g,Beverages,57,96
2024-10-15,P008,Coffee 200g,Beverages,66,103
2024-10-16,P008,Coffee 200g,Beverages,53,129
2024-10-17,P008,Coffee 200g,Beverages,47,115
2024-10-18,P008,Coffee 200g,Beverages,50,101
2024-10-19,P008,Coffee 200g,Beverages,65,98
2024-10-20,P008,Coffee 200g,Beverages,76,101
2024-10-21,P008,Coffee 200g,Beverages,61,96
2024-10-22,P008,Coffee 200g,Beverages,55,103
2024-10-23,P008,Coffee 200g,Beverages,40,105
2024-10-24,P008,Coffee 200g,Beverages,45,116
2024-10-25,P008,Coffee 200g,Beverages,50,100
2024-10-26,P008,Coffee 200g,Beverages,57,105
2024-10-27,P008,Coffee 200g,Beverages,78,99
2024-10-28,P008,Coffee 200g,Beverages,60,95
2024-10-29,P008,Coffee 200g,Beverages,52,111
2024-10-30,P008,Coffee 200g,Beverages,55,121
2024-10-31,P008,Coffee 200g,Beverages,53,133
2024-11-01,P008,Coffee 200g,Beverages,48,105
2024-11-02,P008,Coffee 200g,Beverages,53,115
2024-11-03,P008,Coffee 200g,Beverages,70,115
2024-11-04,P008,Coffee 200g,Beverages,59,111
2024-11-05,P008,Coffee 200g,Beverages,64,109
2024-11-06,P008,Coffee 200g,Beverages,51,120
2024-11-07,P008,Coffee 200g,Beverages,59,96
2024-11-08,P008,Coffee 200g,Beverages,53,77
2024-11-09,P008,Coffee 200g,Beverages,66,87
2024-11-10,P008,Coffee 200g,Beverages,67,93
2024-11-11,P008,Coffee 200g,Beverages,66,117
2024-11-12,P008,Coffee 200g,Beverages,52,104
2024-11-13,P008,Coffee 200g,Beverages,53,124
2024-11-14,P008,Coffee 200g,Beverages,52,95
2024-11-15,P008,Coffee 200g,Beverages,48,124
2024-11-16,P008,Coffee 200g,Beverages,68,98
2024-11-17,P008,Coffee 200g,Beverages,70,105
2024-11-18,P008,Coffee 200g,Beverages,65,89
2024-11-19,P008,Coffee 200g,Beverages,60,122
2024-11-20,P008,Coffee 200g,Beverages,54,106
2024-11-21,P008,Coffee 200g,Beverages,51,131
2024-11-22,P008,Coffee 200g,Beverages,51,119
2024-11-23,P008,Coffee 200g,Beverages,60,105
2024-11-24,P008,Coffee 200g,Beverages,73,99
2024-11-25,P008,Coffee 200g,Beverages,68,117
2024-11-26,P008,Coffee 200g,Beverages,60,108
2024-11-27,P008,Coffee 200g,Beverages,62,99
2024-11-28,P008,Coffee 200g,Beverages,57,108
2024-11-29,P008,Coffee 200g,Beverages,51,86
2024-11-30,P008,Coffee 200g,Beverages,63,111
2024-12-01,P008,Coffee 200g,Beverages,71,114
2024-12-02,P008,Coffee 200g,Beverages,64,95
2024-12-03,P008,Coffee 200g,Beverages,54,121
2024-12-04,P008,Coffee 200g,Beverages,44,118
2024-12-05,P008,Coffee 200g,Beverages,46,110
2024-12-06,P008,Coffee 200g,Beverages,42,97
2024-12-07,P008,Coffee 200g,Beverages,64,114
2024-12-08,P008,Coffee 200g,Beverages,64,103
2024-12-09,P008,Coffee 200g,Beverages,59,109
2024-12-10,P008,Coffee 200g,Beverages,58,115
2024-12-11,P008,Coffee 200g,Beverages,45,92
2024-12-12,P008,Coffee 200g,Beverages,44,89
2024-12-13,P008,Coffee 200g,Beverages,43,102
2024-12-14,P008,Coffee 200g,Beverages,58,129
2024-12-15,P008,Coffee 200g,Beverages,50,132
2024-12-16,P008,Coffee 200g,Beverages,58,111
2024-12-17,P008,Coffee 200g,Beverages,48,118
2024-12-18,P008,Coffee 200g,Beverages,49,107
2024-12-19,P008,Coffee 200g,Beverages,35,108
2024-12-20,P008,Coffee 200g,Beverages,48,105
2024-12-21,P008,Coffee 200g,Beverages,62,120
2024-12-22,P008,Coffee 200g,Beverages,59,125
2024-12-23,P008,Coffee 200g,Beverages,61,108
2024-12-24,P008,Coffee 200g,Beverages,57,108
2024-12-25,P008,Coffee 200g,Beverages,37,106
2024-12-26,P008,Coffee 200g,Beverages,38,125
2024-12-27,P008,Coffee 200g,Beverages,52,117
2024-12-28,P008,Coffee 200g,Beverages,55,97
2024-12-29,P008,Coffee 200g,Beverages,60,128
2024-12-30,P008,Coffee 200g,Beverages,57,82
2024-12-31,P008,Coffee 200g,Beverages,64,124
2025-01-01,P008,Coffee 200g,Beverages,59,119
2025-01-02,P008,Coffee 200g,Beverages,50,108
2025-01-03,P008,Coffee 200g,Beverages,36,108
2025-01-04,P008,Coffee 200g,Beverages,61,106
2025-01-05,P008,Coffee 200g,Beverages,64,97
2025-01-06,P008,Coffee 200g,Beverages,56,127
2025-01-07,P008,Coffee 200g,Beverages,69,107
2025-01-08,P008,Coffee 200g,Beverages,52,97
2025-01-09,P008,Coffee 200g,Beverages,48,126
2025-01-10,P008,Coffee 200g,Beverages,39,112
2025-01-11,P008,Coffee 200g,Beverages,61,113
2025-01-12,P008,Coffee 200g,Beverages,76,129
2025-01-13,P008,Coffee 200g,Beverages,61,115
2025-01-14,P008,Coffee 200g,Beverages,59,101
2025-01-15,P008,Coffee 200g,Beverages,53,115
2025-01-16,P008,Coffee 200g,Beverages,47,98
2025-01-17,P008,Coffee 200g,Beverages,44,103
2025-01-18,P008,Coffee 200g,Beverages,53,111
2025-01-19,P008,Coffee 200g,Beverages,69,118
2025-01-20,P008,Coffee 200g,Beverages,57,101
2025-01-21,P008,Coffee 200g,Beverages,68,106
2025-01-22,P008,Coffee 200g,Beverages,52,106
2025-01-23,P008,Coffee 200g,Beverages,51,120
2025-01-24,P008,Coffee 200g,Beverages,52,108
2025-01-25,P008,Coffee 200g,Beverages,53,128
2025-01-26,P008,Coffee 200g,Beverages,72,103
2025-01-27,P008,Coffee 200g,Beverages,72,102
2025-01-28,P008,Coffee 200g,Beverages,68,123
2025-01-29,P008,Coffee 200g,Beverages,47,114
2025-01-30,P008,Coffee 200g,Beverages,50,136
2025-01-31,P008,Coffee 200g,Beverages,44,123
2025-02-01,P008,Coffee 200g,Beverages,59,94
2025-02-02,P008,Coffee 200g,Beverages,66,108
2025-02-03,P008,Coffee 200g,Beverages,57,111
2025-02-04,P008,Coffee 200g,Beverages,66,110
2025-02-05,P008,Coffee 200g,Beverages,49,106
2025-02-06,P008,Coffee 200g,Beverages,47,110
2025-02-07,P008,Coffee 200g,Beverages,53,110
2025-02-08,P008,Coffee 200g,Beverages,51,101
2025-02-09,P008,Coffee 200g,Beverages,68,120
2025-02-10,P008,Coffee 200g,Beverages,72,127
2025-02-11,P008,Coffee 200g,Beverages,61,116
2025-02-12,P008,Coffee 200g,Beverages,45,112
2025-02-13,P008,Coffee 200g,Beverages,42,107
2025-02-14,P008,Coffee 200g,Beverages,62,111
2025-02-15,P008,Coffee 200g,Beverages,54,112
2025-02-16,P008,Coffee 200g,Beverages,64,97
2025-02-17,P008,Coffee 200g,Beverages,77,119
2025-02-18,P008,Coffee 200g,Beverages,62,103
2025-02-19,P008,Coffee 200g,Beverages,51,124
2025-02-20,P008,Coffee 200g,Beverages,48,74
2025-02-21,P008,Coffee 200g,Beverages,59,109
2025-02-22,P008,Coffee 200g,Beverages,61,119
2025-02-23,P008,Coffee 200g,Beverages,70,116
2025-02-24,P008,Coffee 200g,Beverages,61,94
2025-02-25,P008,Coffee 200g,Beverages,62,123
2025-02-26,P008,Coffee 200g,Beverages,49,100
2025-02-27,P008,Coffee 200g,Beverages,53,103
2025-02-28,P008,Coffee 200g,Beverages,46,103
2025-03-01,P008,Coffee 200g,Beverages,59,91
2025-03-02,P008,Coffee 200g,Beverages,64,110
2025-03-03,P008,Coffee 200g,Beverages,65,120
2025-03-04,P008,Coffee 200g,Beverages,71,124
2025-03-05,P008,Coffee 200g,Beverages,57,106
2025-03-06,P008,Coffee 200g,Beverages,44,108
2025-03-07,P008,Coffee 200g,Beverages,50,116
2025-03-08,P008,Coffee 200g,Beverages,63,106
2025-03-09,P008,Coffee 200g,Beverages,72,121
2025-03-10,P008,Coffee 200g,Beverages,69,107
2025-03-11,P008,Coffee 200g,Beverages,55,98
2025-03-12,P008,Coffee 200g,Beverages,49,110
2025-03-13,P008,Coffee 200g,Beverages,49,92
2025-03-14,P008,Coffee 200g,Beverages,45,110
2025-03-15,P008,Coffee 200g,Beverages,53,112
2025-03-16,P008,Coffee 200g,Beverages,65,100
2025-03-17,P008,Coffee 200g,Beverages,64,112
2025-03-18,P008,Coffee 200g,Beverages,55,105
2025-03-19,P008,Coffee 200g,Beverages,54,99
2025-03-20,P008,Coffee 200g,Beverages,39,91
2025-03-21,P008,Coffee 200g,Beverages,45,93
2025-03-22,P008,Coffee 200g,Beverages,56,125
2025-03-23,P008,Coffee 200g,Beverages,57,104
2025-03-24,P008,Coffee 200g,Beverages,77,112
2025-03-25,P008,Coffee 200g,Beverages,57,106
2025-03-26,P008,Coffee 200g,Beverages,54,126
2025-03-27,P008,Coffee 200g,Beverages,44,99
2025-03-28,P008,Coffee 200g,Beverages,40,109
2025-03-29,P008,Coffee 200g,Beverages,50,103
2025-03-30,P008,Coffee 200g,Beverages,60,119
2025-03-31,P008,Coffee 200g,Beverages,59,112
2025-04-01,P008,Coffee 200g,Beverages,49,109
2025-04-02,P008,Coffee 200g,Beverages,45,103
2025-04-03,P008,Coffee 200g,Beverages,56,118
2025-04-04,P008,Coffee 200g,Beverages,46,142
2025-04-05,P008,Coffee 200g,Beverages,52,120
2025-04-06,P008,Coffee 200g,Beverages,55,105
2025-04-07,P008,Coffee 200g,Beverages,54,110
2025-04-08,P008,Coffee 200g,Beverages,59,104
2025-04-09,P008,Coffee 200g,Beverages,57,101
2025-04-10,P008,Coffee 200g,Beverages,47,116
2025-04-11,P008,Coffee 200g,Beverages,39,99
2025-04-12,P008,Coffee 200g,Beverages,57,114
2025-04-13,P008,Coffee 200g,Beverages,74,105
2025-04-14,P008,Coffee 200g,Beverages,60,98
2025-04-15,P008,Coffee 200g,Beverages,60,104
2025-04-16,P008,Coffee 200g,Beverages,49,106
2025-04-17,P008,Coffee 200g,Beverages,47,101
2025-04-18,P008,Coffee 200g,Beverages,42,112
2025-04-19,P008,Coffee 200g,Beverages,39,101
2025-04-20,P008,Coffee 200g,Beverages,57,120
2025-04-21,P008,Coffee 200g,Beverages,58,101
2025-04-22,P008,Coffee 200g,Beverages,57,101
2025-04-23,P008,Coffee 200g,Beverages,48,109
2025-04-24,P008,Coffee 200g,Beverages,43,103
2025-04-25,P008,Coffee 200g,Beverages,40,95
2025-04-26,P008,Coffee 200g,Beverages,56,111
2025-04-27,P008,Coffee 200g,Beverages,54,116
2025-04-28,P008,Coffee 200g,Beverages,65,118
2025-04-29,P008,Coffee 200g,Beverages,58,114
2025-04-30,P008,Coffee 200g,Beverages,60,104
2025-05-01,P008,Coffee 200g,Beverages,39,91
2025-05-02,P008,Coffee 200g,Beverages,52,127
2025-05-03,P008,Coffee 200g,Beverages,50,100
2025-05-04,P008,Coffee 200g,Beverages,61,121
2025-05-05,P008,Coffee 200g,Beverages,52,86
2025-05-06,P008,Coffee 200g,Beverages,68,111
2025-05-07,P008,Coffee 200g,Beverages,51,105
2025-05-08,P008,Coffee 200g,Beverages,46,91
2025-05-09,P008,Coffee 200g,Beverages,40,109
2025-05-10,P008,Coffee 200g,Beverages,42,104
2025-05-11,P008,Coffee 200g,Beverages,60,104
2025-05-12,P008,Coffee 200g,Beverages,56,97
2025-05-13,P008,Coffee 200g,Beverages,45,109
2025-05-14,P008,Coffee 200g,Beverages,47,93
2025-05-15,P008,Coffee 200g,Beverages,43,104
2025-05-16,P008,Coffee 200g,Beverages,41,84
2025-05-17,P008,Coffee 200g,Beverages,58,94
2025-05-18,P008,Coffee 200g,Beverages,62,99
2025-05-19,P008,Coffee 200g,Beverages,56,120
2025-05-20,P008,Coffee 200g,Beverages,58,120
2025-05-21,P008,Coffee 200g,Beverages,49,112
2025-05-22,P008,Coffee 200g,Beverages,35,104
2025-05-23,P008,Coffee 200g,Beverages,42,121
2025-05-24,P008,Coffee 200g,Beverages,51,110
2025-05-25,P008,Coffee 200g,Beverages,62,120
2025-05-26,P008,Coffee 200g,Beverages,57,116
2025-05-27,P008,Coffee 200g,Beverages,45,90
2025-05-28,P008,Coffee 200g,Beverages,36,116
2025-05-29,P008,Coffee 200g,Beverages,45,117
2025-05-30,P008,Coffee 200g,Beverages,39,101
2025-05-31,P008,Coffee 200g,Beverages,52,123
2025-06-01,P008,Coffee 200g,Beverages,70,116
2025-06-02,P008,Coffee 200g,Beverages,59,122
2025-06-03,P008,Coffee 200g,Beverages,52,103
2025-06-04,P008,Coffee 200g,Beverages,46,97
2025-06-05,P008,Coffee 200g,Beverages,41,95
2025-06-06,P008,Coffee 200g,Beverages,46,113
2025-06-07,P008,Coffee 200g,Beverages,60,90
2025-06-08,P008,Coffee 200g,Beverages,70,91
2025-06-09,P008,Coffee 200g,Beverages,49,101
2025-06-10,P008,Coffee 200g,Beverages,60,110
2025-06-11,P008,Coffee 200g,Beverages,45,99
2025-06-12,P008,Coffee 200g,Beverages,35,120
2025-06-13,P008,Coffee 200g,Beverages,45,122
2025-06-14,P008,Coffee 200g,Beverages,54,79
2025-06-15,P008,Coffee 200g,Beverages,51,112
2025-06-16,P008,Coffee 200g,Beverages,53,101
2025-06-17,P008,Coffee 200g,Beverages,46,118
2025-06-18,P008,Coffee 200g,Beverages,47,113
2025-06-19,P008,Coffee 200g,Beverages,38,109
2025-06-20,P008,Coffee 200g,Beverages,35,106
2025-06-21,P008,Coffee 200g,Beverages,38,91
2025-06-22,P008,Coffee 200g,Beverages,56,133
2025-06-23,P008,Coffee 200g,Beverages,45,94
2025-06-24,P008,Coffee 200g,Beverages,53,127
2025-06-25,P008,Coffee 200g,Beverages,46,115
2025-06-26,P008,Coffee 200g,Beverages,39,102
2025-06-27,P008,Coffee 200g,Beverages,41,100
2025-06-28,P008,Coffee 200g,Beverages,54,90
2025-06-29,P008,Coffee 200g,Beverages,62,108
2025-06-30,P008,Coffee 200g,Beverages,53,90
2025-07-01,P008,Coffee 200g,Beverages,46,120
2025-07-02,P008,Coffee 200g,Beverages,44,110
2025-07-03,P008,Coffee 200g,Beverages,36,107
2025-07-04,P008,Coffee 200g,Beverages,35,109
2025-07-05,P008,Coffee 200g,Beverages,52,111
2025-07-06,P008,Coffee 200g,Beverages,52,104
2025-07-07,P008,Coffee 200g,Beverages,57,105
2025-07-08,P008,Coffee 200g,Beverages,49,128
2025-07-09,P008,Coffee 200g,Beverages,40,119
2025-07-10,P008,Coffee 200g,Beverages,35,115
2025-07-11,P008,Coffee 200g,Beverages,43,102
2025-07-12,P008,Coffee 200g,Beverages,44,86
2025-07-13,P008,Coffee 200g,Beverages,53,113
2025-07-14,P008,Coffee 200g,Beverages,48,109
2025-07-15,P008,Coffee 200g,Beverages,43,105
2025-07-16,P008,Coffee 200g,Beverages,39,107
2025-07-17,P008,Coffee 200g,Beverages,37,95
2025-07-18,P008,Coffee 200g,Beverages,37,97
2025-07-19,P008,Coffee 200g,Beverages,43,119
2025-07-20,P008,Coffee 200g,Beverages,54,84
2025-07-21,P008,Coffee 200g,Beverages,50,117
2025-07-22,P008,Coffee 200g,Beverages,46,124
2025-07-23,P008,Coffee 200g,Beverages,40,113
2025-07-24,P008,Coffee 200g,Beverages,43,112
2025-07-25,P008,Coffee 200g,Beverages,34,97
2025-07-26,P008,Coffee 200g,Beverages,55,99
2025-07-27,P008,Coffee 200g,Beverages,61,103
2025-07-28,P008,Coffee 200g,Beverages,54,93
2025-07-29,P008,Coffee 200g,Beverages,47,98
2025-07-30,P008,Coffee 200g,Beverages,45,109
2025-07-31,P008,Coffee 200g,Beverages,41,102
2025-08-01,P008,Coffee 200g,Beverages,36,109
2025-08-02,P008,Coffee 200g,Beverages,44,119
2025-08-03,P008,Coffee 200g,Beverages,55,104
2025-08-04,P008,Coffee 200g,Beverages,55,107
2025-08-05,P008,Coffee 200g,Beverages,42,96
2025-08-06,P008,Coffee 200g,Beverages,48,108
2025-08-07,P008,Coffee 200g,Beverages,32,111
2025-08-08,P008,Coffee 200g,Beverages,37,98
2025-08-09,P008,Coffee 200g,Beverages,43,118
2025-08-10,P008,Coffee 200g,Beverages,45,98
2025-08-11,P008,Coffee 200g,Beverages,54,124
2025-08-12,P008,Coffee 200g,Beverages,53,98
2025-08-13,P008,Coffee 200g,Beverages,50,93
2025-08-14,P008,Coffee 200g,Beverages,40,113
2025-08-15,P008,Coffee 200g,Beverages,36,115
2025-08-16,P008,Coffee 200g,Beverages,47,115
2025-08-17,P008,Coffee 200g,Beverages,45,111
2025-08-18,P008,Coffee 200g,Beverages,51,120
2025-08-19,P008,Coffee 200g,Beverages,50,121
2025-08-20,P008,Coffee 200g,Beverages,46,106
2025-08-21,P008,Coffee 200g,Beverages,42,116
2025-08-22,P008,Coffee 200g,Beverages,41,83
2025-08-23,P008,Coffee 200g,Beverages,44,122
2025-08-24,P008,Coffee 200g,Beverages,49,117
2025-08-25,P008,Coffee 200g,Beverages,57,100
2025-08-26,P008,Coffee 200g,Beverages,40,101
2025-08-27,P008,Coffee 200g,Beverages,53,98
2025-08-28,P008,Coffee 200g,Beverages,36,97
2025-08-29,P008,Coffee 200g,Beverages,44,105
2025-08-30,P008,Coffee 200g,Beverages,46,123
2025-08-31,P008,Coffee 200g,Beverages,60,98
2025-09-01,P008,Coffee 200g,Beverages,47,120
2025-09-02,P008,Coffee 200g,Beverages,51,91
2025-09-03,P008,Coffee 200g,Beverages,36,96
2025-09-04,P008,Coffee 200g,Beverages,35,86
2025-09-05,P008,Coffee 200g,Beverages,36,98
2025-09-06,P008,Coffee 200g,Beverages,48,126
2025-09-07,P008,Coffee 200g,Beverages,55,106
2025-09-08,P008,Coffee 200g,Beverages,57,105
2025-09-09,P008,Coffee 200g,Beverages,53,111
2025-09-10,P008,Coffee 200g,Beverages,45,137
2025-09-11,P008,Coffee 200g,Beverages,43,96
2025-09-12,P008,Coffee 200g,Beverages,42,99
2025-09-13,P008,Coffee 200g,Beverages,53,93
2025-09-14,P008,Coffee 200g,Beverages,51,111
2025-09-15,P008,Coffee 200g,Beverages,60,113
2025-09-16,P008,Coffee 200g,Beverages,56,112
2025-09-17,P008,Coffee 200g,Beverages,46,102
2025-09-18,P008,Coffee 200g,Beverages,43,119
2025-09-19,P008,Coffee 200g,Beverages,40,106
2025-09-20,P008,Coffee 200g,Beverages,59,107
2025-09-21,P008,Coffee 200g,Beverages,58,113
2025-09-22,P008,Coffee 200g,Beverages,55,99
2025-09-23,P008,Coffee 200g,Beverages,54,107
2025-09-24,P008,Coffee 200g,Beverages,54,116
2025-09-25,P008,Coffee 200g,Beverages,38,115
2025-09-26,P008,Coffee 200g,Beverages,42,122
2025-09-27,P008,Coffee 200g,Beverages,49,110
2025-09-28,P008,Coffee 200g,Beverages,58,108
2025-09-29,P008,Coffee 200g,Beverages,51,114
2025-09-30,P008,Coffee 200g,Beverages,55,121
2025-10-01,P008,Coffee 200g,Beverages,56,103
2025-10-02,P008,Coffee 200g,Beverages,54,99
2025-10-03,P008,Coffee 200g,Beverages,56,119
2025-10-04,P008,Coffee 200g,Beverages,72,112
2025-10-05,P008,Coffee 200g,Beverages,69,109
2025-10-06,P008,Coffee 200g,Beverages,72,101
2025-10-07,P008,Coffee 200g,Beverages,74,114
2025-10-08,P008,Coffee 200g,Beverages,52,128
2025-10-09,P008,Coffee 200g,Beverages,51,96
2025-10-10,P008,Coffee 200g,Beverages,47,123
2025-10-11,P008,Coffee 200g,Beverages,76,118
2025-10-12,P008,Coffee 200g,Beverages,83,121
2025-10-13,P008,Coffee 200g,Beverages,74,111
2025-10-14,P008,Coffee 200g,Beverages,70,115
2025-10-15,P008,Coffee 200g,Beverages,54,115
2025-10-16,P008,Coffee 200g,Beverages,59,105
2025-10-17,P008,Coffee 200g,Beverages,51,113
2025-10-18,P008,Coffee 200g,Beverages,61,93
2025-10-19,P008,Coffee 200g,Beverages,83,103
2025-10-20,P008,Coffee 200g,Beverages,71,101
2025-10-21,P008,Coffee 200g,Beverages,76,117
2025-10-22,P008,Coffee 200g,Beverages,57,95
2025-10-23,P008,Coffee 200g,Beverages,51,114
2025-10-24,P008,Coffee 200g,Beverages,54,109
2025-10-25,P008,Coffee 200g,Beverages,68,116
2025-10-26,P008,Coffee 200g,Beverages,76,112
2025-10-27,P008,Coffee 200g,Beverages,65,135
2025-10-28,P008,Coffee 200g,Beverages,66,110
2025-10-29,P008,Coffee 200g,Beverages,63,103
2025-10-30,P008,Coffee 200g,Beverages,54,107
2025-10-31,P008,Coffee 200g,Beverages,49,112
2025-11-01,P008,Coffee 200g,Beverages,57,126
2025-11-02,P008,Coffee 200g,Beverages,83,114
2025-11-03,P008,Coffee 200g,Beverages,61,99
2025-11-04,P008,Coffee 200g,Beverages,79,152
2025-11-05,P008,Coffee 200g,Beverages,68,119
2025-11-06,P008,Coffee 200g,Beverages,57,98
2025-11-07,P008,Coffee 200g,Beverages,61,96
2025-11-08,P008,Coffee 200g,Beverages,61,94
2025-11-09,P008,Coffee 200g,Beverages,86,107
2025-11-10,P008,Coffee 200g,Beverages,75,107
2025-11-11,P008,Coffee 200g,Beverages,63,100
2025-11-12,P008,Coffee 200g,Beverages,58,92
2025-11-13,P008,Coffee 200g,Beverages,52,96
2025-11-14,P008,Coffee 200g,Beverages,59,115
2025-11-15,P008,Coffee 200g,Beverages,61,104
2025-11-16,P008,Coffee 200g,Beverages,95,97
2025-11-17,P008,Coffee 200g,Beverages,79,109
2025-11-18,P008,Coffee 200g,Beverages,79,111
2025-11-19,P008,Coffee 200g,Beverages,60,108
2025-11-20,P008,Coffee 200g,Beverages,57,107
2025-11-21,P008,Coffee 200g,Beverages,49,121
2025-11-22,P008,Coffee 200g,Beverages,79,96
2025-11-23,P008,Coffee 200g,Beverages,79,105
2025-11-24,P008,Coffee 200g,Beverages,68,87
2025-11-25,P008,Coffee 200g,Beverages,68,104
2025-11-26,P008,Coffee 200g,Beverages,55,109
2025-11-27,P008,Coffee 200g,Beverages,64,117
2025-11-28,P008,Coffee 200g,Beverages,57,88
2025-11-29,P008,Coffee 200g,Beverages,77,109
2025-11-30,P008,Coffee 200g,Beverages,86,128
2025-12-01,P008,Coffee 200g,Beverages,59,77
2025-12-02,P008,Coffee 200g,Beverages,54,113
2025-12-03,P008,Coffee 200g,Beverages,53,94
2025-12-04,P008,Coffee 200g,Beverages,41,104
2025-12-05,P008,Coffee 200g,Beverages,42,113
2025-12-06,P008,Coffee 200g,Beverages,58,101
2025-12-07,P008,Coffee 200g,Beverages,63,110
2025-12-08,P008,Coffee 200g,Beverages,66,110
2025-12-09,P008,Coffee 200g,Beverages,63,107
2025-12-10,P008,Coffee 200g,Beverages,48,100
2025-12-11,P008,Coffee 200g,Beverages,46,130
2025-12-12,P008,Coffee 200g,Beverages,42,103
2025-12-13,P008,Coffee 200g,Beverages,62,104
2025-12-14,P008,Coffee 200g,Beverages,77,104
2025-12-15,P008,Coffee 200g,Beverages,65,116
2025-12-16,P008,Coffee 200g,Beverages,74,123
2025-12-17,P008,Coffee 200g,Beverages,54,107
2025-12-18,P008,Coffee 200g,Beverages,49,109
2025-12-19,P008,Coffee 200g,Beverages,45,118
2025-12-20,P008,Coffee 200g,Beverages,63,107
2025-12-21,P008,Coffee 200g,Beverages,61,108
2025-12-22,P008,Coffee 200g,Beverages,54,101
2025-12-23,P008,Coffee 200g,Beverages,60,111
2025-12-24,P008,Coffee 200g,Beverages,66,114
2025-12-25,P008,Coffee 200g,Beverages,57,114
2025-12-26,P008,Coffee 200g,Beverages,56,127
2025-12-27,P008,Coffee 200g,Beverages,58,99
2025-12-28,P008,Coffee 200g,Beverages,76,107
2025-12-29,P008,Coffee 200g,Beverages,69,105
2025-12-30,P008,Coffee 200g,Beverages,60,125
2025-12-31,P008,Coffee 200g,Beverages,50,115
2024-01-01,P009,Biscuits Family Pack,Snacks,94,202
2024-01-02,P009,Biscuits Family Pack,Snacks,95,232
2024-01-03,P009,Biscuits Family Pack,Snacks,86,218
2024-01-04,P009,Biscuits Family Pack,Snacks,70,271
2024-01-05,P009,Biscuits Family Pack,Snacks,87,231
2024-01-06,P009,Biscuits Family Pack,Snacks,103,206
2024-01-07,P009,Biscuits Family Pack,Snacks,145,178
2024-01-08,P009,Biscuits Family Pack,Snacks,116,193
2024-01-09,P009,Biscuits Family Pack,Snacks,99,206
2024-01-10,P009,Biscuits Family Pack,Snacks,81,221
2024-01-11,P009,Biscuits Family Pack,Snacks,61,213
2024-01-12,P009,Biscuits Family Pack,Snacks,86,190
2024-01-13,P009,Biscuits Family Pack,Snacks,126,207
2024-01-14,P009,Biscuits Family Pack,Snacks,120,207
2024-01-15,P009,Biscuits Family Pack,Snacks,112,249
2024-01-16,P009,Biscuits Family Pack,Snacks,130,236
2024-01-17,P009,Biscuits Family Pack,Snacks,100,258
2024-01-18,P009,Biscuits Family Pack,Snacks,85,255
2024-01-19,P009,Biscuits Family Pack,Snacks,94,223
2024-01-20,P009,Biscuits Family Pack,Snacks,114,180
2024-01-21,P009,Biscuits Family Pack,Snacks,127,186
2024-01-22,P009,Biscuits Family Pack,Snacks,95,224
2024-01-23,P009,Biscuits Family Pack,Snacks,93,220
2024-01-24,P009,Biscuits Family Pack,Snacks,92,224
2024-01-25,P009,Biscuits Family Pack,Snacks,76,240
2024-01-26,P009,Biscuits Family Pack,Snacks,87,230
2024-01-27,P009,Biscuits Family Pack,Snacks,98,216
2024-01-28,P009,Biscuits Family Pack,Snacks,138,241
2024-01-29,P009,Biscuits Family Pack,Snacks,105,208
2024-01-30,P009,Biscuits Family Pack,Snacks,95,206
2024-01-31,P009,Biscuits Family Pack,Snacks,79,217
2024-02-01,P009,Biscuits Family Pack,Snacks,89,203
2024-02-02,P009,Biscuits Family Pack,Snacks,87,215
2024-02-03,P009,Biscuits Family Pack,Snacks,123,207
2024-02-04,P009,Biscuits Family Pack,Snacks,117,201
2024-02-05,P009,Biscuits Family Pack,Snacks,102,232
2024-02-06,P009,Biscuits Family Pack,Snacks,104,221
2024-02-07,P009,Biscuits Family Pack,Snacks,103,249
2024-02-08,P009,Biscuits Family Pack,Snacks,70,234
2024-02-09,P009,Biscuits Family Pack,Snacks,90,210
2024-02-10,P009,Biscuits Family Pack,Snacks,115,182
2024-02-11,P009,Biscuits Family Pack,Snacks,143,231
2024-02-12,P009,Biscuits Family Pack,Snacks,105,207
2024-02-13,P009,Biscuits Family Pack,Snacks,88,213
2024-02-14,P009,Biscuits Family Pack,Snacks,87,191
2024-02-15,P009,Biscuits Family Pack,Snacks,91,248
2024-02-16,P009,Biscuits Family Pack,Snacks,88,213
2024-02-17,P009,Biscuits Family Pack,Snacks,116,220
2024-02-18,P009,Biscuits Family Pack,Snacks,111,206
2024-02-19,P009,Biscuits Family Pack,Snacks,112,225
2024-02-20,P009,Biscuits Family Pack,Snacks,106,225
2024-02-21,P009,Biscuits Family Pack,Snacks,78,235
2024-02-22,P009,Biscuits Family Pack,Snacks,84,276
2024-02-23,P009,Biscuits Family Pack,Snacks,85,227
2024-02-24,P009,Biscuits Family Pack,Snacks,143,224
2024-02-25,P009,Biscuits Family Pack,Snacks,124,198
2024-02-26,P009,Biscuits Family Pack,Snacks,133,194
2024-02-27,P009,Biscuits Family Pack,Snacks,110,210
2024-02-28,P009,Biscuits Family Pack,Snacks,90,189
2024-02-29,P009,Biscuits Family Pack,Snacks,95,214
2024-03-01,P009,Biscuits Family Pack,Snacks,77,248
2024-03-02,P009,Biscuits Family Pack,Snacks,106,227
2024-03-03,P009,Biscuits Family Pack,Snacks,135,230
2024-03-04,P009,Biscuits Family Pack,Snacks,89,235
2024-03-05,P009,Biscuits Family Pack,Snacks,104,213
2024-03-06,P009,Biscuits Family Pack,Snacks,90,185
2024-03-07,P009,Biscuits Family Pack,Snacks,85,190
2024-03-08,P009,Biscuits Family Pack,Snacks,85,223
2024-03-09,P009,Biscuits Family Pack,Snacks,123,202
2024-03-10,P009,Biscuits Family Pack,Snacks,142,241
2024-03-11,P009,Biscuits Family Pack,Snacks,109,196
2024-03-12,P009,Biscuits Family Pack,Snacks,89,226
2024-03-13,P009,Biscuits Family Pack,Snacks,84,246
2024-03-14,P009,Biscuits Family Pack,Snacks,78,200
2024-03-15,P009,Biscuits Family Pack,Snacks,89,205
2024-03-16,P009,Biscuits Family Pack,Snacks,110,242
2024-03-17,P009,Biscuits Family Pack,Snacks,124,223
2024-03-18,P009,Biscuits Family Pack,Snacks,116,183
2024-03-19,P009,Biscuits Family Pack,Snacks,108,224
2024-03-20,P009,Biscuits Family Pack,Snacks,98,233
2024-03-21,P009,Biscuits Family Pack,Snacks,81,243
2024-03-22,P009,Biscuits Family Pack,Snacks,84,225
2024-03-23,P009,Biscuits Family Pack,Snacks,106,230
2024-03-24,P009,Biscuits Family Pack,Snacks,118,256
2024-03-25,P009,Biscuits Family Pack,Snacks,135,239
2024-03-26,P009,Biscuits Family Pack,Snacks,119,186
2024-03-27,P009,Biscuits Family Pack,Snacks,77,213
2024-03-28,P009,Biscuits Family Pack,Snacks,82,216
2024-03-29,P009,Biscuits Family Pack,Snacks,72,245
2024-03-30,P009,Biscuits Family Pack,Snacks,132,248
2024-03-31,P009,Biscuits Family Pack,Snacks,134,225
2024-04-01,P009,Biscuits Family Pack,Snacks,102,222
2024-04-02,P009,Biscuits Family Pack,Snacks,124,212
2024-04-03,P009,Biscuits Family Pack,Snacks,85,244
2024-04-04,P009,Biscuits Family Pack,Snacks,91,201
2024-04-05,P009,Biscuits Family Pack,Snacks,83,209
2024-04-06,P009,Biscuits Family Pack,Snacks,108,244
2024-04-07,P009,Biscuits Family Pack,Snacks,110,244
2024-04-08,P009,Biscuits Family Pack,Snacks,112,271
2024-04-09,P009,Biscuits Family Pack,Snacks,105,218
2024-04-10,P009,Biscuits Family Pack,Snacks,93,213
2024-04-11,P009,Biscuits Family Pack,Snacks,66,215
2024-04-12,P009,Biscuits Family Pack,Snacks,82,185
2024-04-13,P009,Biscuits Family Pack,Snacks,106,175
2024-04-14,P009,Biscuits Family Pack,Snacks,115,225
2024-04-15,P009,Biscuits Family Pack,Snacks,111,211
2024-04-16,P009,Biscuits Family Pack,Snacks,100,203
2024-04-17,P009,Biscuits Family Pack,Snacks,87,221
2024-04-18,P009,Biscuits Family Pack,Snacks,73,226
2024-04-19,P009,Biscuits Family Pack,Snacks,86,216
2024-04-20,P009,Biscuits Family Pack,Snacks,131,217
2024-04-21,P009,Biscuits Family Pack,Snacks,114,211
2024-04-22,P009,Biscuits Family Pack,Snacks,98,235
2024-04-23,P009,Biscuits Family Pack,Snacks,92,208
2024-04-24,P009,Biscuits Family Pack,Snacks,81,198
2024-04-25,P009,Biscuits Family Pack,Snacks,65,210
2024-04-26,P009,Biscuits Family Pack,Snacks,90,224
2024-04-27,P009,Biscuits Family Pack,Snacks,121,237
2024-04-28,P009,Biscuits Family Pack,Snacks,122,261
2024-04-29,P009,Biscuits Family Pack,Snacks,106,221
2024-04-30,P009,Biscuits Family Pack,Snacks,98,254
2024-05-01,P009,Biscuits Family Pack,Snacks,85,206
2024-05-02,P009,Biscuits Family Pack,Snacks,83,202
2024-05-03,P009,Biscuits Family Pack,Snacks,86,229
2024-05-04,P009,Biscuits Family Pack,Snacks,101,232
2024-05-05,P009,Biscuits Family Pack,Snacks,98,224
2024-05-06,P009,Biscuits Family Pack,Snacks,101,283
2024-05-07,P009,Biscuits Family Pack,Snacks,98,207
2024-05-08,P009,Biscuits Family Pack,Snacks,73,249
2024-05-09,P009,Biscuits Family Pack,Snacks,74,203
2024-05-10,P009,Biscuits Family Pack,Snacks,84,234
2024-05-11,P009,Biscuits Family Pack,Snacks,108,220
2024-05-12,P009,Biscuits Family Pack,Snacks,115,225
2024-05-13,P009,Biscuits Family Pack,Snacks,108,229
2024-05-14,P009,Biscuits Family Pack,Snacks,106,221
2024-05-15,P009,Biscuits Family Pack,Snacks,76,217
2024-05-16,P009,Biscuits Family Pack,Snacks,82,181
2024-05-17,P009,Biscuits Family Pack,Snacks,66,240
2024-05-18,P009,Biscuits Family Pack,Snacks,116,192
2024-05-19,P009,Biscuits Family Pack,Snacks,113,211
2024-05-20,P009,Biscuits Family Pack,Snacks,101,227
2024-05-21,P009,Biscuits Family Pack,Snacks,82,196
2024-05-22,P009,Biscuits Family Pack,Snacks,80,217
2024-05-23,P009,Biscuits Family Pack,Snacks,67,237
2024-05-24,P009,Biscuits Family Pack,Snacks,76,211
2024-05-25,P009,Biscuits Family Pack,Snacks,102,217
2024-05-26,P009,Biscuits Family Pack,Snacks,120,199
2024-05-27,P009,Biscuits Family Pack,Snacks,88,213
2024-05-28,P009,Biscuits Family Pack,Snacks,94,193
2024-05-29,P009,Biscuits Family Pack,Snacks,70,224
2024-05-30,P009,Biscuits Family Pack,Snacks,69,188
2024-05-31,P009,Biscuits Family Pack,Snacks,86,206
2024-06-01,P009,Biscuits Family Pack,Snacks,110,221
2024-06-02,P009,Biscuits Family Pack,Snacks,113,215
2024-06-03,P009,Biscuits Family Pack,Snacks,74,195
2024-06-04,P009,Biscuits Family Pack,Snacks,91,228
2024-06-05,P009,Biscuits Family Pack,Snacks,66,219
2024-06-06,P009,Biscuits Family Pack,Snacks,65,225
2024-06-07,P009,Biscuits Family Pack,Snacks,77,236
2024-06-08,P009,Biscuits Family Pack,Snacks,108,230
2024-06-09,P009,Biscuits Family Pack,Snacks,118,212
2024-06-10,P009,Biscuits Family Pack,Snacks,128,193
2024-06-11,P009,Biscuits Family Pack,Snacks,87,240
2024-06-12,P009,Biscuits Family Pack,Snacks,85,231
2024-06-13,P009,Biscuits Family Pack,Snacks,78,174
2024-06-14,P009,Biscuits Family Pack,Snacks,88,216
2024-06-15,P009,Biscuits Family Pack,Snacks,108,175
2024-06-16,P009,Biscuits Family Pack,Snacks,110,208
2024-06-17,P009,Biscuits Family Pack,Snacks,105,227
2024-06-18,P009,Biscuits Family Pack,Snacks,94,197
2024-06-19,P009,Biscuits Family Pack,Snacks,78,216
2024-06-20,P009,Biscuits Family Pack,Snacks,76,242
2024-06-21,P009,Biscuits Family Pack,Snacks,77,192
2024-06-22,P009,Biscuits Family Pack,Snacks,96,277
2024-06-23,P009,Biscuits Family Pack,Snacks,124,155
2024-06-24,P009,Biscuits Family Pack,Snacks,99,241
2024-06-25,P009,Biscuits Family Pack,Snacks,88,210
2024-06-26,P009,Biscuits Family Pack,Snacks,76,232
2024-06-27,P009,Biscuits Family Pack,Snacks,63,246
2024-06-28,P009,Biscuits Family Pack,Snacks,75,199
2024-06-29,P009,Biscuits Family Pack,Snacks,105,186
2024-06-30,P009,Biscuits Family Pack,Snacks,100,207
2024-07-01,P009,Biscuits Family Pack,Snacks,118,205
2024-07-02,P009,Biscuits Family Pack,Snacks,70,207
2024-07-03,P009,Biscuits Family Pack,Snacks,81,237
2024-07-04,P009,Biscuits Family Pack,Snacks,87,251
2024-07-05,P009,Biscuits Family Pack,Snacks,76,200
2024-07-06,P009,Biscuits Family Pack,Snacks,109,212
2024-07-07,P009,Biscuits Family Pack,Snacks,98,211
2024-07-08,P009,Biscuits Family Pack,Snacks,85,210
2024-07-09,P009,Biscuits Family Pack,Snacks,86,236
2024-07-10,P009,Biscuits Family Pack,Snacks,74,192
2024-07-11,P009,Biscuits Family Pack,Snacks,59,225
2024-07-12,P009,Biscuits Family Pack,Snacks,75,208
2024-07-13,P009,Biscuits Family Pack,Snacks,89,229
2024-07-14,P009,Biscuits Family Pack,Snacks,119,203
2024-07-15,P009,Biscuits Family Pack,Snacks,97,241
2024-07-16,P009,Biscuits Family Pack,Snacks,81,220
2024-07-17,P009,Biscuits Family Pack,Snacks,76,191
2024-07-18,P009,Biscuits Family Pack,Snacks,71,221
2024-07-19,P009,Biscuits Family Pack,Snacks,78,194
2024-07-20,P009,Biscuits Family Pack,Snacks,93,250
2024-07-21,P009,Biscuits Family Pack,Snacks,126,248
2024-07-22,P009,Biscuits Family Pack,Snacks,85,230
2024-07-23,P009,Biscuits Family Pack,Snacks,84,226
2024-07-24,P009,Biscuits Family Pack,Snacks,70,182
2024-07-25,P009,Biscuits Family Pack,Snacks,68,236
2024-07-26,P009,Biscuits Family Pack,Snacks,76,229
2024-07-27,P009,Biscuits Family Pack,Snacks,95,229
2024-07-28,P009,Biscuits Family Pack,Snacks,109,214
2024-07-29,P009,Biscuits Family Pack,Snacks,97,258
2024-07-30,P009,Biscuits Family Pack,Snacks,89,221
2024-07-31,P009,Biscuits Family Pack,Snacks,77,215
2024-08-01,P009,Biscuits Family Pack,Snacks,67,225
2024-08-02,P009,Biscuits Family Pack,Snacks,70,217
2024-08-03,P009,Biscuits Family Pack,Snacks,86,222
2024-08-04,P009,Biscuits Family Pack,Snacks,110,215
2024-08-05,P009,Biscuits Family Pack,Snacks,77,233
2024-08-06,P009,Biscuits Family Pack,Snacks,89,198
2024-08-07,P009,Biscuits Family Pack,Snacks,82,189
2024-08-08,P009,Biscuits Family Pack,Snacks,78,219
2024-08-09,P009,Biscuits Family Pack,Snacks,57,224
2024-08-10,P009,Biscuits Family Pack,Snacks,89,208
2024-08-11,P009,Biscuits Family Pack,Snacks,96,217
2024-08-12,P009,Biscuits Family Pack,Snacks,92,179
2024-08-13,P009,Biscuits Family Pack,Snacks,99,215
2024-08-14,P009,Biscuits Family Pack,Snacks,71,195
2024-08-15,P009,Biscuits Family Pack,Snacks,76,191
2024-08-16,P009,Biscuits Family Pack,Snacks,75,207
2024-08-17,P009,Biscuits Family Pack,Snacks,89,196
2024-08-18,P009,Biscuits Family Pack,Snacks,98,220
2024-08-19,P009,Biscuits Family Pack,Snacks,99,203
2024-08-20,P009,Biscuits Family Pack,Snacks,88,240
2024-08-21,P009,Biscuits Family Pack,Snacks,64,220
2024-08-22,P009,Biscuits Family Pack,Snacks,64,197
2024-08-23,P009,Biscuits Family Pack,Snacks,77,208
2024-08-24,P009,Biscuits Family Pack,Snacks,83,249
2024-08-25,P009,Biscuits Family Pack,Snacks,115,177
2024-08-26,P009,Biscuits Family Pack,Snacks,83,233
2024-08-27,P009,Biscuits Family Pack,Snacks,87,253
2024-08-28,P009,Biscuits Family Pack,Snacks,83,227
2024-08-29,P009,Biscuits Family Pack,Snacks,64,231
2024-08-30,P009,Biscuits Family Pack,Snacks,66,249
2024-08-31,P009,Biscuits Family Pack,Snacks,99,202
2024-09-01,P009,Biscuits Family Pack,Snacks,115,269
2024-09-02,P009,Biscuits Family Pack,Snacks,96,232
2024-09-03,P009,Biscuits Family Pack,Snacks,86,222
2024-09-04,P009,Biscuits Family Pack,Snacks,67,220
2024-09-05,P009,Biscuits Family Pack,Snacks,72,260
2024-09-06,P009,Biscuits Family Pack,Snacks,62,214
2024-09-07,P009,Biscuits Family Pack,Snacks,108,215
2024-09-08,P009,Biscuits Family Pack,Snacks,105,202
2024-09-09,P009,Biscuits Family Pack,Snacks,90,180
2024-09-10,P009,Biscuits Family Pack,Snacks,85,198
2024-09-11,P009,Biscuits Family Pack,Snacks,80,203
2024-09-12,P009,Biscuits Family Pack,Snacks,69,210
2024-09-13,P009,Biscuits Family Pack,Snacks,76,208
2024-09-14,P009,Biscuits Family Pack,Snacks,87,222
2024-09-15,P009,Biscuits Family Pack,Snacks,120,223
2024-09-16,P009,Biscuits Family Pack,Snacks,94,217
2024-09-17,P009,Biscuits Family Pack,Snacks,73,217
2024-09-18,P009,Biscuits Family Pack,Snacks,77,199
2024-09-19,P009,Biscuits Family Pack,Snacks,68,211
2024-09-20,P009,Biscuits Family Pack,Snacks,85,244
2024-09-21,P009,Biscuits Family Pack,Snacks,89,209
2024-09-22,P009,Biscuits Family Pack,Snacks,105,238
2024-09-23,P009,Biscuits Family Pack,Snacks,103,222
2024-09-24,P009,Biscuits Family Pack,Snacks,98,207
2024-09-25,P009,Biscuits Family Pack,Snacks,92,220
2024-09-26,P009,Biscuits Family Pack,Snacks,68,215
2024-09-27,P009,Biscuits Family Pack,Snacks,89,211
2024-09-28,P009,Biscuits Family Pack,Snacks,109,206
2024-09-29,P009,Biscuits Family Pack,Snacks,103,235
2024-09-30,P009,Biscuits Family Pack,Snacks,94,238
2024-10-01,P009,Biscuits Family Pack,Snacks,120,201
2024-10-02,P009,Biscuits Family Pack,Snacks,100,208
2024-10-03,P009,Biscuits Family Pack,Snacks,96,262
2024-10-04,P009,Biscuits Family Pack,Snacks,94,232
2024-10-05,P009,Biscuits Family Pack,Snacks,124,221
2024-10-06,P009,Biscuits Family Pack,Snacks,136,201
2024-10-07,P009,Biscuits Family Pack,Snacks,132,214
2024-10-08,P009,Biscuits Family Pack,Snacks,107,242
2024-10-09,P009,Biscuits Family Pack,Snacks,103,215
2024-10-10,P009,Biscuits Family Pack,Snacks,107,180
2024-10-11,P009,Biscuits Family Pack,Snacks,112,201
2024-10-12,P009,Biscuits Family Pack,Snacks,128,207
2024-10-13,P009,Biscuits Family Pack,Snacks,127,249
2024-10-14,P009,Biscuits Family Pack,Snacks,154,215
2024-10-15,P009,Biscuits Family Pack,Snacks,123,221
2024-10-16,P009,Biscuits Family Pack,Snacks,122,174
2024-10-17,P009,Biscuits Family Pack,Snacks,99,204
2024-10-18,P009,Biscuits Family Pack,Snacks,77,212
2024-10-19,P009,Biscuits Family Pack,Snacks,151,206
2024-10-20,P009,Biscuits Family Pack,Snacks,154,246
2024-10-21,P009,Biscuits Family Pack,Snacks,132,223
2024-10-22,P009,Biscuits Family Pack,Snacks,101,204
2024-10-23,P009,Biscuits Family Pack,Snacks,115,221
2024-10-24,P009,Biscuits Family Pack,Snacks,101,223
2024-10-25,P009,Biscuits Family Pack,Snacks,125,211
2024-10-26,P009,Biscuits Family Pack,Snacks,150,223
2024-10-27,P009,Biscuits Family Pack,Snacks,170,193
2024-10-28,P009,Biscuits Family Pack,Snacks,137,211
2024-10-29,P009,Biscuits Family Pack,Snacks,125,247
2024-10-30,P009,Biscuits Family Pack,Snacks,112,247
2024-10-31,P009,Biscuits Family Pack,Snacks,92,202
2024-11-01,P009,Biscuits Family Pack,Snacks,104,219
2024-11-02,P009,Biscuits Family Pack,Snacks,129,199
2024-11-03,P009,Biscuits Family Pack,Snacks,165,212
2024-11-04,P009,Biscuits Family Pack,Snacks,156,220
2024-11-05,P009,Biscuits Family Pack,Snacks,134,232
2024-11-06,P009,Biscuits Family Pack,Snacks,100,228
2024-11-07,P009,Biscuits Family Pack,Snacks,120,226
2024-11-08,P009,Biscuits Family Pack,Snacks,115,235
2024-11-09,P009,Biscuits Family Pack,Snacks,138,224
2024-11-10,P009,Biscuits Family Pack,Snacks,158,237
2024-11-11,P009,Biscuits Family Pack,Snacks,120,225
2024-11-12,P009,Biscuits Family Pack,Snacks,125,211
2024-11-13,P009,Biscuits Family Pack,Snacks,126,204
2024-11-14,P009,Biscuits Family Pack,Snacks,88,238
2024-11-15,P009,Biscuits Family Pack,Snacks,92,178
2024-11-16,P009,Biscuits Family Pack,Snacks,149,223
2024-11-17,P009,Biscuits Family Pack,Snacks,160,210
2024-11-18,P009,Biscuits Family Pack,Snacks,122,194
2024-11-19,P009,Biscuits Family Pack,Snacks,126,192
2024-11-20,P009,Biscuits Family Pack,Snacks,116,210
2024-11-21,P009,Biscuits Family Pack,Snacks,106,223
2024-11-22,P009,Biscuits Family Pack,Snacks,114,231
2024-11-23,P009,Biscuits Family Pack,Snacks,134,224
2024-11-24,P009,Biscuits Family Pack,Snacks,159,167
2024-11-25,P009,Biscuits Family Pack,Snacks,153,223
2024-11-26,P009,Biscuits Family Pack,Snacks,139,192
2024-11-27,P009,Biscuits Family Pack,Snacks,111,196
2024-11-28,P009,Biscuits Family Pack,Snacks,113,189
2024-11-29,P009,Biscuits Family Pack,Snacks,101,232
2024-11-30,P009,Biscuits Family Pack,Snacks,132,200
2024-12-01,P009,Biscuits Family Pack,Snacks,141,241
2024-12-02,P009,Biscuits Family Pack,Snacks,128,239
2024-12-03,P009,Biscuits Family Pack,Snacks,107,215
2024-12-04,P009,Biscuits Family Pack,Snacks,89,224
2024-12-05,P009,Biscuits Family Pack,Snacks,83,210
2024-12-06,P009,Biscuits Family Pack,Snacks,98,246
2024-12-07,P009,Biscuits Family Pack,Snacks,121,259
2024-12-08,P009,Biscuits Family Pack,Snacks,122,180
2024-12-09,P009,Biscuits Family Pack,Snacks,130,203
2024-12-10,P009,Biscuits Family Pack,Snacks,108,181
2024-12-11,P009,Biscuits Family Pack,Snacks,88,187
2024-12-12,P009,Biscuits Family Pack,Snacks,85,211
2024-12-13,P009,Biscuits Family Pack,Snacks,94,247
2024-12-14,P009,Biscuits Family Pack,Snacks,126,184
2024-12-15,P009,Biscuits Family Pack,Snacks,141,222
2024-12-16,P009,Biscuits Family Pack,Snacks,121,220
2024-12-17,P009,Biscuits Family Pack,Snacks,115,205
2024-12-18,P009,Biscuits Family Pack,Snacks,96,246
2024-12-19,P009,Biscuits Family Pack,Snacks,84,197
2024-12-20,P009,Biscuits Family Pack,Snacks,94,195
2024-12-21,P009,Biscuits Family Pack,Snacks,99,212
2024-12-22,P009,Biscuits Family Pack,Snacks,154,219
2024-12-23,P009,Biscuits Family Pack,Snacks,126,173
2024-12-24,P009,Biscuits Family Pack,Snacks,119,222
2024-12-25,P009,Biscuits Family Pack,Snacks,93,224
2024-12-26,P009,Biscuits Family Pack,Snacks,93,197
2024-12-27,P009,Biscuits Family Pack,Snacks,99,246
2024-12-28,P009,Biscuits Family Pack,Snacks,118,201
2024-12-29,P009,Biscuits Family Pack,Snacks,133,239
2024-12-30,P009,Biscuits Family Pack,Snacks,110,233
2024-12-31,P009,Biscuits Family Pack,Snacks,107,225
2025-01-01,P009,Biscuits Family Pack,Snacks,94,208
2025-01-02,P009,Biscuits Family Pack,Snacks,106,189
2025-01-03,P009,Biscuits Family Pack,Snacks,101,258
2025-01-04,P009,Biscuits Family Pack,Snacks,131,191
2025-01-05,P009,Biscuits Family Pack,Snacks,119,203
2025-01-06,P009,Biscuits Family Pack,Snacks,128,225
2025-01-07,P009,Biscuits Family Pack,Snacks,101,201
2025-01-08,P009,Biscuits Family Pack,Snacks,93,216
2025-01-09,P009,Biscuits Family Pack,Snacks,111,199
2025-01-10,P009,Biscuits Family Pack,Snacks,88,195
2025-01-11,P009,Biscuits Family Pack,Snacks,131,219
2025-01-12,P009,Biscuits Family Pack,Snacks,126,212
2025-01-13,P009,Biscuits Family Pack,Snacks,117,227
2025-01-14,P009,Biscuits Family Pack,Snacks,148,232
2025-01-15,P009,Biscuits Family Pack,Snacks,101,205
2025-01-16,P009,Biscuits Family Pack,Snacks,81,236
2025-01-17,P009,Biscuits Family Pack,Snacks,105,210
2025-01-18,P009,Biscuits Family Pack,Snacks,139,220
2025-01-19,P009,Biscuits Family Pack,Snacks,150,227
2025-01-20,P009,Biscuits Family Pack,Snacks,126,199
2025-01-21,P009,Biscuits Family Pack,Snacks,116,239
2025-01-22,P009,Biscuits Family Pack,Snacks,97,230
2025-01-23,P009,Biscuits Family Pack,Snacks,84,237
2025-01-24,P009,Biscuits Family Pack,Snacks,102,194
2025-01-25,P009,Biscuits Family Pack,Snacks,122,240
2025-01-26,P009,Biscuits Family Pack,Snacks,122,196
2025-01-27,P009,Biscuits Family Pack,Snacks,128,267
2025-01-28,P009,Biscuits Family Pack,Snacks,110,231
2025-01-29,P009,Biscuits Family Pack,Snacks,105,207
2025-01-30,P009,Biscuits Family Pack,Snacks,96,210
2025-01-31,P009,Biscuits Family Pack,Snacks,96,183
2025-02-01,P009,Biscuits Family Pack,Snacks,125,240
2025-02-02,P009,Biscuits Family Pack,Snacks,141,244
2025-02-03,P009,Biscuits Family Pack,Snacks,137,219
2025-02-04,P009,Biscuits Family Pack,Snacks,111,209
2025-02-05,P009,Biscuits Family Pack,Snacks,88,214
2025-02-06,P009,Biscuits Family Pack,Snacks,96,258
2025-02-07,P009,Biscuits Family Pack,Snacks,105,201
2025-02-08,P009,Biscuits Family Pack,Snacks,108,215
2025-02-09,P009,Biscuits Family Pack,Snacks,152,215
2025-02-10,P009,Biscuits Family Pack,Snacks,137,216
2025-02-11,P009,Biscuits Family Pack,Snacks,127,185
2025-02-12,P009,Biscuits Family Pack,Snacks,120,196
2025-02-13,P009,Biscuits Family Pack,Snacks,102,214
2025-02-14,P009,Biscuits Family Pack,Snacks,98,215
2025-02-15,P009,Biscuits Family Pack,Snacks,129,230
2025-02-16,P009,Biscuits Family Pack,Snacks,155,251
2025-02-17,P009,Biscuits Family Pack,Snacks,134,258
2025-02-18,P009,Biscuits Family Pack,Snacks,120,244
2025-02-19,P009,Biscuits Family Pack,Snacks,108,208
2025-02-20,P009,Biscuits Family Pack,Snacks,96,231
2025-02-21,P009,Biscuits Family Pack,Snacks,99,229
2025-02-22,P009,Biscuits Family Pack,Snacks,136,219
2025-02-23,P009,Biscuits Family Pack,Snacks,99,257
2025-02-24,P009,Biscuits Family Pack,Snacks,126,202
2025-02-25,P009,Biscuits Family Pack,Snacks,105,213
2025-02-26,P009,Biscuits Family Pack,Snacks,97,204
2025-02-27,P009,Biscuits Family Pack,Snacks,88,232
2025-02-28,P009,Biscuits Family Pack,Snacks,120,238
2025-03-01,P009,Biscuits Family Pack,Snacks,139,212
2025-03-02,P009,Biscuits Family Pack,Snacks,141,229
2025-03-03,P009,Biscuits Family Pack,Snacks,121,211
2025-03-04,P009,Biscuits Family Pack,Snacks,128,244
2025-03-05,P009,Biscuits Family Pack,Snacks,103,194
2025-03-06,P009,Biscuits Family Pack,Snacks,91,188
2025-03-07,P009,Biscuits Family Pack,Snacks,100,226
2025-03-08,P009,Biscuits Family Pack,Snacks,121,225
2025-03-09,P009,Biscuits Family Pack,Snacks,145,226
2025-03-10,P009,Biscuits Family Pack,Snacks,113,214
2025-03-11,P009,Biscuits Family Pack,Snacks,123,255
2025-03-12,P009,Biscuits Family Pack,Snacks,100,232
2025-03-13,P009,Biscuits Family Pack,Snacks,102,216
2025-03-14,P009,Biscuits Family Pack,Snacks,110,246
2025-03-15,P009,Biscuits Family Pack,Snacks,141,230
2025-03-16,P009,Biscuits Family Pack,Snacks,171,206
2025-03-17,P009,Biscuits Family Pack,Snacks,155,237
2025-03-18,P009,Biscuits Family Pack,Snacks,133,213
2025-03-19,P009,Biscuits Family Pack,Snacks,110,251
2025-03-20,P009,Biscuits Family Pack,Snacks,83,216
2025-03-21,P009,Biscuits Family Pack,Snacks,77,216
2025-03-22,P009,Biscuits Family Pack,Snacks,113,215
2025-03-23,P009,Biscuits Family Pack,Snacks,178,258
2025-03-24,P009,Biscuits Family Pack,Snacks,109,232
2025-03-25,P009,Biscuits Family Pack,Snacks,126,213
2025-03-26,P009,Biscuits Family Pack,Snacks,103,226
2025-03-27,P009,Biscuits Family Pack,Snacks,80,197
2025-03-28,P009,Biscuits Family Pack,Snacks,99,222
2025-03-29,P009,Biscuits Family Pack,Snacks,114,203
2025-03-30,P009,Biscuits Family Pack,Snacks,135,239
2025-03-31,P009,Biscuits Family Pack,Snacks,125,256
2025-04-01,P009,Biscuits Family Pack,Snacks,107,224
2025-04-02,P009,Biscuits Family Pack,Snacks,97,233
2025-04-03,P009,Biscuits Family Pack,Snacks,85,262
2025-04-04,P009,Biscuits Family Pack,Snacks,80,258
2025-04-05,P009,Biscuits Family Pack,Snacks,122,232
2025-04-06,P009,Biscuits Family Pack,Snacks,153,239
2025-04-07,P009,Biscuits Family Pack,Snacks,116,233
2025-04-08,P009,Biscuits Family Pack,Snacks,136,200
2025-04-09,P009,Biscuits Family Pack,Snacks,120,228
2025-04-10,P009,Biscuits Family Pack,Snacks,87,200
2025-04-11,P009,Biscuits Family Pack,Snacks,93,177
2025-04-12,P009,Biscuits Family Pack,Snacks,115,214
2025-04-13,P009,Biscuits Family Pack,Snacks,120,236
2025-04-14,P009,Biscuits Family Pack,Snacks,121,206
2025-04-15,P009,Biscuits Family Pack,Snacks,109,228
2025-04-16,P009,Biscuits Family Pack,Snacks,99,205
2025-04-17,P009,Biscuits Family Pack,Snacks,91,219
2025-04-18,P009,Biscuits Family Pack,Snacks,84,214
2025-04-19,P009,Biscuits Family Pack,Snacks,126,233
2025-04-20,P009,Biscuits Family Pack,Snacks,130,235
2025-04-21,P009,Biscuits Family Pack,Snacks,110,199
2025-04-22,P009,Biscuits Family Pack,Snacks,109,253
2025-04-23,P009,Biscuits Family Pack,Snacks,99,214
2025-04-24,P009,Biscuits Family Pack,Snacks,103,214
2025-04-25,P009,Biscuits Family Pack,Snacks,114,209
2025-04-26,P009,Biscuits Family Pack,Snacks,106,216
2025-04-27,P009,Biscuits Family Pack,Snacks,128,202
2025-04-28,P009,Biscuits Family Pack,Snacks,152,227
2025-04-29,P009,Biscuits Family Pack,Snacks,116,210
2025-04-30,P009,Biscuits Family Pack,Snacks,90,243
2025-05-01,P009,Biscuits Family Pack,Snacks,73,195
2025-05-02,P009,Biscuits Family Pack,Snacks,90,250
2025-05-03,P009,Biscuits Family Pack,Snacks,112,229
2025-05-04,P009,Biscuits Family Pack,Snacks,130,249
2025-05-05,P009,Biscuits Family Pack,Snacks,100,236
2025-05-06,P009,Biscuits Family Pack,Snacks,107,240
2025-05-07,P009,Biscuits Family Pack,Snacks,87,221
2025-05-08,P009,Biscuits Family Pack,Snacks,86,198
2025-05-09,P009,Biscuits Family Pack,Snacks,79,207
2025-05-10,P009,Biscuits Family Pack,Snacks,116,203
2025-05-11,P009,Biscuits Family Pack,Snacks,124,179
2025-05-12,P009,Biscuits Family Pack,Snacks,114,243
2025-05-13,P009,Biscuits Family Pack,Snacks,116,218
2025-05-14,P009,Biscuits Family Pack,Snacks,96,202
2025-05-15,P009,Biscuits Family Pack,Snacks,100,265
2025-05-16,P009,Biscuits Family Pack,Snacks,91,277
2025-05-17,P009,Biscuits Family Pack,Snacks,106,192
2025-05-18,P009,Biscuits Family Pack,Snacks,117,215
2025-05-19,P009,Biscuits Family Pack,Snacks,143,214
2025-05-20,P009,Biscuits Family Pack,Snacks,97,200
2025-05-21,P009,Biscuits Family Pack,Snacks,103,242
2025-05-22,P009,Biscuits Family Pack,Snacks,81,179
2025-05-23,P009,Biscuits Family Pack,Snacks,79,258
2025-05-24,P009,Biscuits Family Pack,Snacks,120,221
2025-05-25,P009,Biscuits Family Pack,Snacks,148,263
2025-05-26,P009,Biscuits Family Pack,Snacks,115,220
2025-05-27,P009,Biscuits Family Pack,Snacks,99,214
2025-05-28,P009,Biscuits Family Pack,Snacks,78,187
2025-05-29,P009,Biscuits Family Pack,Snacks,69,244
2025-05-30,P009,Biscuits Family Pack,Snacks,74,263
2025-05-31,P009,Biscuits Family Pack,Snacks,102,258
2025-06-01,P009,Biscuits Family Pack,Snacks,119,186
2025-06-02,P009,Biscuits Family Pack,Snacks,128,251
2025-06-03,P009,Biscuits Family Pack,Snacks,95,213
2025-06-04,P009,Biscuits Family Pack,Snacks,82,217
2025-06-05,P009,Biscuits Family Pack,Snacks,84,212
2025-06-06,P009,Biscuits Family Pack,Snacks,71,207
2025-06-07,P009,Biscuits Family Pack,Snacks,117,215
2025-06-08,P009,Biscuits Family Pack,Snacks,118,200
2025-06-09,P009,Biscuits Family Pack,Snacks,106,251
2025-06-10,P009,Biscuits Family Pack,Snacks,91,236
2025-06-11,P009,Biscuits Family Pack,Snacks,90,225
2025-06-12,P009,Biscuits Family Pack,Snacks,76,212
2025-06-13,P009,Biscuits Family Pack,Snacks,86,209
2025-06-14,P009,Biscuits Family Pack,Snacks,112,230
2025-06-15,P009,Biscuits Family Pack,Snacks,147,226
2025-06-16,P009,Biscuits Family Pack,Snacks,90,246
2025-06-17,P009,Biscuits Family Pack,Snacks,100,264
2025-06-18,P009,Biscuits Family Pack,Snacks,101,209
2025-06-19,P009,Biscuits Family Pack,Snacks,87,207
2025-06-20,P009,Biscuits Family Pack,Snacks,85,235
2025-06-21,P009,Biscuits Family Pack,Snacks,119,240
2025-06-22,P009,Biscuits Family Pack,Snacks,120,275
2025-06-23,P009,Biscuits Family Pack,Snacks,106,185
2025-06-24,P009,Biscuits Family Pack,Snacks,87,252
2025-06-25,P009,Biscuits Family Pack,Snacks,87,223
2025-06-26,P009,Biscuits Family Pack,Snacks,76,210
2025-06-27,P009,Biscuits Family Pack,Snacks,78,230
2025-06-28,P009,Biscuits Family Pack,Snacks,105,230
2025-06-29,P009,Biscuits Family Pack,Snacks,122,211
2025-06-30,P009,Biscuits Family Pack,Snacks,93,186
2025-07-01,P009,Biscuits Family Pack,Snacks,130,253
2025-07-02,P009,Biscuits Family Pack,Snacks,98,205
2025-07-03,P009,Biscuits Family Pack,Snacks,80,202
2025-07-04,P009,Biscuits Family Pack,Snacks,73,207
2025-07-05,P009,Biscuits Family Pack,Snacks,119,238
2025-07-06,P009,Biscuits Family Pack,Snacks,106,213
2025-07-07,P009,Biscuits Family Pack,Snacks,117,207
2025-07-08,P009,Biscuits Family Pack,Snacks,100,229
2025-07-09,P009,Biscuits Family Pack,Snacks,90,226
2025-07-10,P009,Biscuits Family Pack,Snacks,74,208
2025-07-11,P009,Biscuits Family Pack,Snacks,74,186
2025-07-12,P009,Biscuits Family Pack,Snacks,104,238
2025-07-13,P009,Biscuits Family Pack,Snacks,101,226
2025-07-14,P009,Biscuits Family Pack,Snacks,116,180
2025-07-15,P009,Biscuits Family Pack,Snacks,96,256
2025-07-16,P009,Biscuits Family Pack,Snacks,91,179
2025-07-17,P009,Biscuits Family Pack,Snacks,84,204
2025-07-18,P009,Biscuits Family Pack,Snacks,88,205
2025-07-19,P009,Biscuits Family Pack,Snacks,104,208
2025-07-20,P009,Biscuits Family Pack,Snacks,117,208
2025-07-21,P009,Biscuits Family Pack,Snacks,105,194
2025-07-22,P009,Biscuits Family Pack,Snacks,103,224
2025-07-23,P009,Biscuits Family Pack,Snacks,72,242
2025-07-24,P009,Biscuits Family Pack,Snacks,77,224
2025-07-25,P009,Biscuits Family Pack,Snacks,89,227
2025-07-26,P009,Biscuits Family Pack,Snacks,116,214
2025-07-27,P009,Biscuits Family Pack,Snacks,128,223
2025-07-28,P009,Biscuits Family Pack,Snacks,113,229
2025-07-29,P009,Biscuits Family Pack,Snacks,111,236
2025-07-30,P009,Biscuits Family Pack,Snacks,82,206
2025-07-31,P009,Biscuits Family Pack,Snacks,78,203
2025-08-01,P009,Biscuits Family Pack,Snacks,74,173
2025-08-02,P009,Biscuits Family Pack,Snacks,88,264
2025-08-03,P009,Biscuits Family Pack,Snacks,109,262
2025-08-04,P009,Biscuits Family Pack,Snacks,112,219
2025-08-05,P009,Biscuits Family Pack,Snacks,84,220
2025-08-06,P009,Biscuits Family Pack,Snacks,102,254
2025-08-07,P009,Biscuits Family Pack,Snacks,81,195
2025-08-08,P009,Biscuits Family Pack,Snacks,75,201
2025-08-09,P009,Biscuits Family Pack,Snacks,118,256
2025-08-10,P009,Biscuits Family Pack,Snacks,119,213
2025-08-11,P009,Biscuits Family Pack,Snacks,124,198
2025-08-12,P009,Biscuits Family Pack,Snacks,99,230
2025-08-13,P009,Biscuits Family Pack,Snacks,78,206
2025-08-14,P009,Biscuits Family Pack,Snacks,73,251
2025-08-15,P009,Biscuits Family Pack,Snacks,99,223
2025-08-16,P009,Biscuits Family Pack,Snacks,102,207
2025-08-17,P009,Biscuits Family Pack,Snacks,117,208
2025-08-18,P009,Biscuits Family Pack,Snacks,107,229
2025-08-19,P009,Biscuits Family Pack,Snacks,95,216
2025-08-20,P009,Biscuits Family Pack,Snacks,85,213
2025-08-21,P009,Biscuits Family Pack,Snacks,76,237
2025-08-22,P009,Biscuits Family Pack,Snacks,69,255
2025-08-23,P009,Biscuits Family Pack,Snacks,107,233
2025-08-24,P009,Biscuits Family Pack,Snacks,126,204
2025-08-25,P009,Biscuits Family Pack,Snacks,99,197
2025-08-26,P009,Biscuits Family Pack,Snacks,97,235
2025-08-27,P009,Biscuits Family Pack,Snacks,82,233
2025-08-28,P009,Biscuits Family Pack,Snacks,61,212
2025-08-29,P009,Biscuits Family Pack,Snacks,94,216
2025-08-30,P009,Biscuits Family Pack,Snacks,97,206
2025-08-31,P009,Biscuits Family Pack,Snacks,83,198
2025-09-01,P009,Biscuits Family Pack,Snacks,121,207
2025-09-02,P009,Biscuits Family Pack,Snacks,96,169
2025-09-03,P009,Biscuits Family Pack,Snacks,73,246
2025-09-04,P009,Biscuits Family Pack,Snacks,85,191
2025-09-05,P009,Biscuits Family Pack,Snacks,79,219
2025-09-06,P009,Biscuits Family Pack,Snacks,94,176
2025-09-07,P009,Biscuits Family Pack,Snacks,118,233
2025-09-08,P009,Biscuits Family Pack,Snacks,117,239
2025-09-09,P009,Biscuits Family Pack,Snacks,86,221
2025-09-10,P009,Biscuits Family Pack,Snacks,86,218
2025-09-11,P009,Biscuits Family Pack,Snacks,79,205
2025-09-12,P009,Biscuits Family Pack,Snacks,60,246
2025-09-13,P009,Biscuits Family Pack,Snacks,112,187
2025-09-14,P009,Biscuits Family Pack,Snacks,127,210
2025-09-15,P009,Biscuits Family Pack,Snacks,107,203
2025-09-16,P009,Biscuits Family Pack,Snacks,108,202
2025-09-17,P009,Biscuits Family Pack,Snacks,80,245
2025-09-18,P009,Biscuits Family Pack,Snacks,81,217
2025-09-19,P009,Biscuits Family Pack,Snacks,93,205
2025-09-20,P009,Biscuits Family Pack,Snacks,104,227
2025-09-21,P009,Biscuits Family Pack,Snacks,104,225
2025-09-22,P009,Biscuits Family Pack,Snacks,105,239
2025-09-23,P009,Biscuits Family Pack,Snacks,110,229
2025-09-24,P009,Biscuits Family Pack,Snacks,76,218
2025-09-25,P009,Biscuits Family Pack,Snacks,73,219
2025-09-26,P009,Biscuits Family Pack,Snacks,67,186
2025-09-27,P009,Biscuits Family Pack,Snacks,124,228
2025-09-28,P009,Biscuits Family Pack,Snacks,120,200
2025-09-29,P009,Biscuits Family Pack,Snacks,102,224
2025-09-30,P009,Biscuits Family Pack,Snacks,102,254
2025-10-01,P009,Biscuits Family Pack,Snacks,110,221
2025-10-02,P009,Biscuits Family Pack,Snacks,89,212
2025-10-03,P009,Biscuits Family Pack,Snacks,110,212
2025-10-04,P009,Biscuits Family Pack,Snacks,131,227
2025-10-05,P009,Biscuits Family Pack,Snacks,177,223
2025-10-06,P009,Biscuits Family Pack,Snacks,158,234
2025-10-07,P009,Biscuits Family Pack,Snacks,145,207
2025-10-08,P009,Biscuits Family Pack,Snacks,111,216
2025-10-09,P009,Biscuits Family Pack,Snacks,110,237
2025-10-10,P009,Biscuits Family Pack,Snacks,112,239
2025-10-11,P009,Biscuits Family Pack,Snacks,132,239
2025-10-12,P009,Biscuits Family Pack,Snacks,172,235
2025-10-13,P009,Biscuits Family Pack,Snacks,146,236
2025-10-14,P009,Biscuits Family Pack,Snacks,121,224
2025-10-15,P009,Biscuits Family Pack,Snacks,119,191
2025-10-16,P009,Biscuits Family Pack,Snacks,111,193
2025-10-17,P009,Biscuits Family Pack,Snacks,107,221
2025-10-18,P009,Biscuits Family Pack,Snacks,131,222
2025-10-19,P009,Biscuits Family Pack,Snacks,160,202
2025-10-20,P009,Biscuits Family Pack,Snacks,155,203
2025-10-21,P009,Biscuits Family Pack,Snacks,166,218
2025-10-22,P009,Biscuits Family Pack,Snacks,104,198
2025-10-23,P009,Biscuits Family Pack,Snacks,120,211
2025-10-24,P009,Biscuits Family Pack,Snacks,98,239
2025-10-25,P009,Biscuits Family Pack,Snacks,138,234
2025-10-26,P009,Biscuits Family Pack,Snacks,176,226
2025-10-27,P009,Biscuits Family Pack,Snacks,185,182
2025-10-28,P009,Biscuits Family Pack,Snacks,126,214
2025-10-29,P009,Biscuits Family Pack,Snacks,146,260
2025-10-30,P009,Biscuits Family Pack,Snacks,124,203
2025-10-31,P009,Biscuits Family Pack,Snacks,108,202
2025-11-01,P009,Biscuits Family Pack,Snacks,135,253
2025-11-02,P009,Biscuits Family Pack,Snacks,160,218
2025-11-03,P009,Biscuits Family Pack,Snacks,163,183
2025-11-04,P009,Biscuits Family Pack,Snacks,140,196
2025-11-05,P009,Biscuits Family Pack,Snacks,118,207
2025-11-06,P009,Biscuits Family Pack,Snacks,104,225
2025-11-07,P009,Biscuits Family Pack,Snacks,120,215
2025-11-08,P009,Biscuits Family Pack,Snacks,154,201
2025-11-09,P009,Biscuits Family Pack,Snacks,178,215
2025-11-10,P009,Biscuits Family Pack,Snacks,147,203
2025-11-11,P009,Biscuits Family Pack,Snacks,138,261
2025-11-12,P009,Biscuits Family Pack,Snacks,123,195
2025-11-13,P009,Biscuits Family Pack,Snacks,124,210
2025-11-14,P009,Biscuits Family Pack,Snacks,123,207
2025-11-15,P009,Biscuits Family Pack,Snacks,171,207
2025-11-16,P009,Biscuits Family Pack,Snacks,193,197
2025-11-17,P009,Biscuits Family Pack,Snacks,152,251
2025-11-18,P009,Biscuits Family Pack,Snacks,146,270
2025-11-19,P009,Biscuits Family Pack,Snacks,122,226
2025-11-20,P009,Biscuits Family Pack,Snacks,137,187
2025-11-21,P009,Biscuits Family Pack,Snacks,102,202
2025-11-22,P009,Biscuits Family Pack,Snacks,166,185
2025-11-23,P009,Biscuits Family Pack,Snacks,182,232
2025-11-24,P009,Biscuits Family Pack,Snacks,191,243
2025-11-25,P009,Biscuits Family Pack,Snacks,152,250
2025-11-26,P009,Biscuits Family Pack,Snacks,134,210
2025-11-27,P009,Biscuits Family Pack,Snacks,104,207
2025-11-28,P009,Biscuits Family Pack,Snacks,123,224
2025-11-29,P009,Biscuits Family Pack,Snacks,123,215
2025-11-30,P009,Biscuits Family Pack,Snacks,175,232
2025-12-01,P009,Biscuits Family Pack,Snacks,154,224
2025-12-02,P009,Biscuits Family Pack,Snacks,111,180
2025-12-03,P009,Biscuits Family Pack,Snacks,113,201
2025-12-04,P009,Biscuits Family Pack,Snacks,106,251
2025-12-05,P009,Biscuits Family Pack,Snacks,87,232
2025-12-06,P009,Biscuits Family Pack,Snacks,146,242
2025-12-07,P009,Biscuits Family Pack,Snacks,115,201
2025-12-08,P009,Biscuits Family Pack,Snacks,117,232
2025-12-09,P009,Biscuits Family Pack,Snacks,128,161
2025-12-10,P009,Biscuits Family Pack,Snacks,104,238
2025-12-11,P009,Biscuits Family Pack,Snacks,100,223
2025-12-12,P009,Biscuits Family Pack,Snacks,100,197
2025-12-13,P009,Biscuits Family Pack,Snacks,131,221
2025-12-14,P009,Biscuits Family Pack,Snacks,156,235
2025-12-15,P009,Biscuits Family Pack,Snacks,137,244
2025-12-16,P009,Biscuits Family Pack,Snacks,120,188
2025-12-17,P009,Biscuits Family Pack,Snacks,114,223
2025-12-18,P009,Biscuits Family Pack,Snacks,105,192
2025-12-19,P009,Biscuits Family Pack,Snacks,124,236
2025-12-20,P009,Biscuits Family Pack,Snacks,129,199
2025-12-21,P009,Biscuits Family Pack,Snacks,165,196
2025-12-22,P009,Biscuits Family Pack,Snacks,169,207
2025-12-23,P009,Biscuits Family Pack,Snacks,148,216
2025-12-24,P009,Biscuits Family Pack,Snacks,127,204
2025-12-25,P009,Biscuits Family Pack,Snacks,101,238
2025-12-26,P009,Biscuits Family Pack,Snacks,114,244
2025-12-27,P009,Biscuits Family Pack,Snacks,128,222
2025-12-28,P009,Biscuits Family Pack,Snacks,169,204
2025-12-29,P009,Biscuits Family Pack,Snacks,147,215
2025-12-30,P009,Biscuits Family Pack,Snacks,130,222
2025-12-31,P009,Biscuits Family Pack,Snacks,102,214
2024-01-01,P010,Detergent 2kg,Household,60,148
2024-01-02,P010,Detergent 2kg,Household,69,131
2024-01-03,P010,Detergent 2kg,Household,53,117
2024-01-04,P010,Detergent 2kg,Household,60,115
2024-01-05,P010,Detergent 2kg,Household,46,132
2024-01-06,P010,Detergent 2kg,Household,51,115
2024-01-07,P010,Detergent 2kg,Household,56,121
2024-01-08,P010,Detergent 2kg,Household,57,144
2024-01-09,P010,Detergent 2kg,Household,63,121
2024-01-10,P010,Detergent 2kg,Household,59,136
2024-01-11,P010,Detergent 2kg,Household,49,139
2024-01-12,P010,Detergent 2kg,Household,40,142
2024-01-13,P010,Detergent 2kg,Household,53,127
2024-01-14,P010,Detergent 2kg,Household,57,112
2024-01-15,P010,Detergent 2kg,Household,52,118
2024-01-16,P010,Detergent 2kg,Household,68,115
2024-01-17,P010,Detergent 2kg,Household,50,116
2024-01-18,P010,Detergent 2kg,Household,49,123
2024-01-19,P010,Detergent 2kg,Household,46,141
2024-01-20,P010,Detergent 2kg,Household,61,153
2024-01-21,P010,Detergent 2kg,Household,52,117
2024-01-22,P010,Detergent 2kg,Household,68,122
2024-01-23,P010,Detergent 2kg,Household,70,130
2024-01-24,P010,Detergent 2kg,Household,69,141
2024-01-25,P010,Detergent 2kg,Household,58,122
2024-01-26,P010,Detergent 2kg,Household,47,124
2024-01-27,P010,Detergent 2kg,Household,46,146
2024-01-28,P010,Detergent 2kg,Household,67,123
2024-01-29,P010,Detergent 2kg,Household,72,119
2024-01-30,P010,Detergent 2kg,Household,53,140
2024-01-31,P010,Detergent 2kg,Household,53,125
2024-02-01,P010,Detergent 2kg,Household,54,132
2024-02-02,P010,Detergent 2kg,Household,52,135
2024-02-03,P010,Detergent 2kg,Household,58,117
2024-02-04,P010,Detergent 2kg,Household,65,108
2024-02-05,P010,Detergent 2kg,Household,75,110
2024-02-06,P010,Detergent 2kg,Household,64,111
2024-02-07,P010,Detergent 2kg,Household,56,128
2024-02-08,P010,Detergent 2kg,Household,50,142
2024-02-09,P010,Detergent 2kg,Household,49,122
2024-02-10,P010,Detergent 2kg,Household,55,143
2024-02-11,P010,Detergent 2kg,Household,69,113
2024-02-12,P010,Detergent 2kg,Household,61,134
2024-02-13,P010,Detergent 2kg,Household,69,114
2024-02-14,P010,Detergent 2kg,Household,66,116
2024-02-15,P010,Detergent 2kg,Household,60,134
2024-02-16,P010,Detergent 2kg,Household,43,121
2024-02-17,P010,Detergent 2kg,Household,53,130
2024-02-18,P010,Detergent 2kg,Household,63,113
2024-02-19,P010,Detergent 2kg,Household,56,135
2024-02-20,P010,Detergent 2kg,Household,69,129
2024-02-21,P010,Detergent 2kg,Household,63,120
2024-02-22,P010,Detergent 2kg,Household,55,160
2024-02-23,P010,Detergent 2kg,Household,55,124
2024-02-24,P010,Detergent 2kg,Household,53,91
2024-02-25,P010,Detergent 2kg,Household,71,138
2024-02-26,P010,Detergent 2kg,Household,62,109
2024-02-27,P010,Detergent 2kg,Household,59,133
2024-02-28,P010,Detergent 2kg,Household,61,136
2024-02-29,P010,Detergent 2kg,Household,54,140
2024-03-01,P010,Detergent 2kg,Household,51,138
2024-03-02,P010,Detergent 2kg,Household,45,112
2024-03-03,P010,Detergent 2kg,Household,62,141
2024-03-04,P010,Detergent 2kg,Household,78,125
2024-03-05,P010,Detergent 2kg,Household,63,103
2024-03-06,P010,Detergent 2kg,Household,68,120
2024-03-07,P010,Detergent 2kg,Household,70,118
2024-03-08,P010,Detergent 2kg,Household,60,137
2024-03-09,P010,Detergent 2kg,Household,51,130
2024-03-10,P010,Detergent 2kg,Household,70,125
2024-03-11,P010,Detergent 2kg,Household,72,138
2024-03-12,P010,Detergent 2kg,Household,72,127
2024-03-13,P010,Detergent 2kg,Household,55,127
2024-03-14,P010,Detergent 2kg,Household,55,104
2024-03-15,P010,Detergent 2kg,Household,50,126
2024-03-16,P010,Detergent 2kg,Household,49,123
2024-03-17,P010,Detergent 2kg,Household,63,152
2024-03-18,P010,Detergent 2kg,Household,67,141
2024-03-19,P010,Detergent 2kg,Household,67,104
2024-03-20,P010,Detergent 2kg,Household,66,119
2024-03-21,P010,Detergent 2kg,Household,52,114
2024-03-22,P010,Detergent 2kg,Household,50,141
2024-03-23,P010,Detergent 2kg,Household,62,148
2024-03-24,P010,Detergent 2kg,Household,76,101
2024-03-25,P010,Detergent 2kg,Household,58,104
2024-03-26,P010,Detergent 2kg,Household,72,119
2024-03-27,P010,Detergent 2kg,Household,59,125
2024-03-28,P010,Detergent 2kg,Household,56,109
2024-03-29,P010,Detergent 2kg,Household,43,128
2024-03-30,P010,Detergent 2kg,Household,63,127
2024-03-31,P010,Detergent 2kg,Household,59,100
2024-04-01,P010,Detergent 2kg,Household,72,118
2024-04-02,P010,Detergent 2kg,Household,59,106
2024-04-03,P010,Detergent 2kg,Household,53,115
2024-04-04,P010,Detergent 2kg,Household,52,112
2024-04-05,P010,Detergent 2kg,Household,50,124
2024-04-06,P010,Detergent 2kg,Household,69,106
2024-04-07,P010,Detergent 2kg,Household,65,130
2024-04-08,P010,Detergent 2kg,Household,59,129
2024-04-09,P010,Detergent 2kg,Household,72,129
2024-04-10,P010,Detergent 2kg,Household,70,100
2024-04-11,P010,Detergent 2kg,Household,49,146
2024-04-12,P010,Detergent 2kg,Household,53,134
2024-04-13,P010,Detergent 2kg,Household,63,103
2024-04-14,P010,Detergent 2kg,Household,69,141
2024-04-15,P010,Detergent 2kg,Household,61,161
2024-04-16,P010,Detergent 2kg,Household,68,100
2024-04-17,P010,Detergent 2kg,Household,64,118
2024-04-18,P010,Detergent 2kg,Household,59,134
2024-04-19,P010,Detergent 2kg,Household,46,147
2024-04-20,P010,Detergent 2kg,Household,61,117
2024-04-21,P010,Detergent 2kg,Household,62,134
2024-04-22,P010,Detergent 2kg,Household,62,123
2024-04-23,P010,Detergent 2kg,Household,66,114
2024-04-24,P010,Detergent 2kg,Household,47,131
2024-04-25,P010,Detergent 2kg,Household,42,115
2024-04-26,P010,Detergent 2kg,Household,40,106
2024-04-27,P010,Detergent 2kg,Household,57,125
2024-04-28,P010,Detergent 2kg,Household,61,111
2024-04-29,P010,Detergent 2kg,Household,60,132
2024-04-30,P010,Detergent 2kg,Household,65,138
2024-05-01,P010,Detergent 2kg,Household,66,124
2024-05-02,P010,Detergent 2kg,Household,43,118
2024-05-03,P010,Detergent 2kg,Household,47,118
2024-05-04,P010,Detergent 2kg,Household,49,128
2024-05-05,P010,Detergent 2kg,Household,77,121
2024-05-06,P010,Detergent 2kg,Household,63,111
2024-05-07,P010,Detergent 2kg,Household,73,139
2024-05-08,P010,Detergent 2kg,Household,64,145
2024-05-09,P010,Detergent 2kg,Household,50,124
2024-05-10,P010,Detergent 2kg,Household,55,136
2024-05-11,P010,Detergent 2kg,Household,42,133
2024-05-12,P010,Detergent 2kg,Household,58,139
2024-05-13,P010,Detergent 2kg,Household,65,105
2024-05-14,P010,Detergent 2kg,Household,66,130
2024-05-15,P010,Detergent 2kg,Household,61,135
2024-05-16,P010,Detergent 2kg,Household,59,133
2024-05-17,P010,Detergent 2kg,Household,47,142
2024-05-18,P010,Detergent 2kg,Household,65,139
2024-05-19,P010,Detergent 2kg,Household,62,133
2024-05-20,P010,Detergent 2kg,Household,64,128
2024-05-21,P010,Detergent 2kg,Household,77,118
2024-05-22,P010,Detergent 2kg,Household,65,126
2024-05-23,P010,Detergent 2kg,Household,43,125
2024-05-24,P010,Detergent 2kg,Household,44,135
2024-05-25,P010,Detergent 2kg,Household,53,114
2024-05-26,P010,Detergent 2kg,Household,69,141
2024-05-27,P010,Detergent 2kg,Household,71,131
2024-05-28,P010,Detergent 2kg,Household,63,136
2024-05-29,P010,Detergent 2kg,Household,54,129
2024-05-30,P010,Detergent 2kg,Household,49,109
2024-05-31,P010,Detergent 2kg,Household,46,122
2024-06-01,P010,Detergent 2kg,Household,51,132
2024-06-02,P010,Detergent 2kg,Household,67,117
2024-06-03,P010,Detergent 2kg,Household,59,118
2024-06-04,P010,Detergent 2kg,Household,57,120
2024-06-05,P010,Detergent 2kg,Household,56,135
2024-06-06,P010,Detergent 2kg,Household,51,114
2024-06-07,P010,Detergent 2kg,Household,51,140
2024-06-08,P010,Detergent 2kg,Household,47,143
2024-06-09,P010,Detergent 2kg,Household,61,126
2024-06-10,P010,Detergent 2kg,Household,62,127
2024-06-11,P010,Detergent 2kg,Household,65,130
2024-06-12,P010,Detergent 2kg,Household,54,102
2024-06-13,P010,Detergent 2kg,Household,51,123
2024-06-14,P010,Detergent 2kg,Household,48,134
2024-06-15,P010,Detergent 2kg,Household,49,141
2024-06-16,P010,Detergent 2kg,Household,59,130
2024-06-17,P010,Detergent 2kg,Household,58,149
2024-06-18,P010,Detergent 2kg,Household,56,123
2024-06-19,P010,Detergent 2kg,Household,49,137
2024-06-20,P010,Detergent 2kg,Household,46,122
2024-06-21,P010,Detergent 2kg,Household,42,128
2024-06-22,P010,Detergent 2kg,Household,44,99
2024-06-23,P010,Detergent 2kg,Household,60,101
2024-06-24,P010,Detergent 2kg,Household,64,147
2024-06-25,P010,Detergent 2kg,Household,59,144
2024-06-26,P010,Detergent 2kg,Household,55,148
2024-06-27,P010,Detergent 2kg,Household,46,97
2024-06-28,P010,Detergent 2kg,Household,43,149
2024-06-29,P010,Detergent 2kg,Household,52,121
2024-06-30,P010,Detergent 2kg,Household,59,140
2024-07-01,P010,Detergent 2kg,Household,57,161
2024-07-02,P010,Detergent 2kg,Household,56,140
2024-07-03,P010,Detergent 2kg,Household,59,119
2024-07-04,P010,Detergent 2kg,Household,45,140
2024-07-05,P010,Detergent 2kg,Household,44,132
2024-07-06,P010,Detergent 2kg,Household,41,136
2024-07-07,P010,Detergent 2kg,Household,58,127
2024-07-08,P010,Detergent 2kg,Household,59,122
2024-07-09,P010,Detergent 2kg,Household,55,124
2024-07-10,P010,Detergent 2kg,Household,51,155
2024-07-11,P010,Detergent 2kg,Household,51,115
2024-07-12,P010,Detergent 2kg,Household,51,122
2024-07-13,P010,Detergent 2kg,Household,49,139
2024-07-14,P010,Detergent 2kg,Household,45,124
2024-07-15,P010,Detergent 2kg,Household,53,130
2024-07-16,P010,Detergent 2kg,Household,60,127
2024-07-17,P010,Detergent 2kg,Household,53,141
2024-07-18,P010,Detergent 2kg,Household,48,128
2024-07-19,P010,Detergent 2kg,Household,43,151
2024-07-20,P010,Detergent 2kg,Household,49,121
2024-07-21,P010,Detergent 2kg,Household,45,109
2024-07-22,P010,Detergent 2kg,Household,54,126
2024-07-23,P010,Detergent 2kg,Household,54,132
2024-07-24,P010,Detergent 2kg,Household,50,116
2024-07-25,P010,Detergent 2kg,Household,49,145
2024-07-26,P010,Detergent 2kg,Household,37,131
2024-07-27,P010,Detergent 2kg,Household,39,109
2024-07-28,P010,Detergent 2kg,Household,51,142
2024-07-29,P010,Detergent 2kg,Household,51,117
2024-07-30,P010,Detergent 2kg,Household,57,128
2024-07-31,P010,Detergent 2kg,Household,48,153
2024-08-01,P010,Detergent 2kg,Household,44,129
2024-08-02,P010,Detergent 2kg,Household,40,133
2024-08-03,P010,Detergent 2kg,Household,53,149
2024-08-04,P010,Detergent 2kg,Household,50,142
2024-08-05,P010,Detergent 2kg,Household,58,140
2024-08-06,P010,Detergent 2kg,Household,56,125
2024-08-07,P010,Detergent 2kg,Household,57,140
2024-08-08,P010,Detergent 2kg,Household,52,130
2024-08-09,P010,Detergent 2kg,Household,41,96
2024-08-10,P010,Detergent 2kg,Household,40,122
2024-08-11,P010,Detergent 2kg,Household,48,138
2024-08-12,P010,Detergent 2kg,Household,48,121
2024-08-13,P010,Detergent 2kg,Household,54,143
2024-08-14,P010,Detergent 2kg,Household,49,133
2024-08-15,P010,Detergent 2kg,Household,46,139
2024-08-16,P010,Detergent 2kg,Household,45,127
2024-08-17,P010,Detergent 2kg,Household,39,125
2024-08-18,P010,Detergent 2kg,Household,54,131
2024-08-19,P010,Detergent 2kg,Household,51,142
2024-08-20,P010,Detergent 2kg,Household,56,116
2024-08-21,P010,Detergent 2kg,Household,49,152
2024-08-22,P010,Detergent 2kg,Household,48,141
2024-08-23,P010,Detergent 2kg,Household,37,119
2024-08-24,P010,Detergent 2kg,Household,44,130
2024-08-25,P010,Detergent 2kg,Household,53,121
2024-08-26,P010,Detergent 2kg,Household,53,117
2024-08-27,P010,Detergent 2kg,Household,55,142
2024-08-28,P010,Detergent 2kg,Household,44,132
2024-08-29,P010,Detergent 2kg,Household,51,125
2024-08-30,P010,Detergent 2kg,Household,39,139
2024-08-31,P010,Detergent 2kg,Household,42,127
2024-09-01,P010,Detergent 2kg,Household,48,104
2024-09-02,P010,Detergent 2kg,Household,54,111
2024-09-03,P010,Detergent 2kg,Household,56,142
2024-09-04,P010,Detergent 2kg,Household,62,129
2024-09-05,P010,Detergent 2kg,Household,50,133
2024-09-06,P010,Detergent 2kg,Household,40,103
2024-09-07,P010,Detergent 2kg,Household,55,114
2024-09-08,P010,Detergent 2kg,Household,62,134
2024-09-09,P010,Detergent 2kg,Household,50,131
2024-09-10,P010,Detergent 2kg,Household,69,147
2024-09-11,P010,Detergent 2kg,Household,49,118
2024-09-12,P010,Detergent 2kg,Household,46,125
2024-09-13,P010,Detergent 2kg,Household,46,137
2024-09-14,P010,Detergent 2kg,Household,39,133
2024-09-15,P010,Detergent 2kg,Household,53,128
2024-09-16,P010,Detergent 2kg,Household,57,143
2024-09-17,P010,Detergent 2kg,Household,62,118
2024-09-18,P010,Detergent 2kg,Household,52,122
2024-09-19,P010,Detergent 2kg,Household,38,126
2024-09-20,P010,Detergent 2kg,Household,49,106
2024-09-21,P010,Detergent 2kg,Household,48,127
2024-09-22,P010,Detergent 2kg,Household,56,115
2024-09-23,P010,Detergent 2kg,Household,48,110
2024-09-24,P010,Detergent 2kg,Household,65,115
2024-09-25,P010,Detergent 2kg,Household,50,154
2024-09-26,P010,Detergent 2kg,Household,43,132
2024-09-27,P010,Detergent 2kg,Household,46,140
2024-09-28,P010,Detergent 2kg,Household,42,118
2024-09-29,P010,Detergent 2kg,Household,57,152
2024-09-30,P010,Detergent 2kg,Household,52,121
2024-10-01,P010,Detergent 2kg,Household,73,135
2024-10-02,P010,Detergent 2kg,Household,69,117
2024-10-03,P010,Detergent 2kg,Household,54,130
2024-10-04,P010,Detergent 2kg,Household,58,124
2024-10-05,P010,Detergent 2kg,Household,59,114
2024-10-06,P010,Detergent 2kg,Household,81,129
2024-10-07,P010,Detergent 2kg,Household,77,128
2024-10-08,P010,Detergent 2kg,Household,72,108
2024-10-09,P010,Detergent 2kg,Household,52,143
2024-10-10,P010,Detergent 2kg,Household,58,130
2024-10-11,P010,Detergent 2kg,Household,46,116
2024-10-12,P010,Detergent 2kg,Household,66,150
2024-10-13,P010,Detergent 2kg,Household,64,136
2024-10-14,P010,Detergent 2kg,Household,72,126
2024-10-15,P010,Detergent 2kg,Household,85,122
2024-10-16,P010,Detergent 2kg,Household,75,132
2024-10-17,P010,Detergent 2kg,Household,58,145
2024-10-18,P010,Detergent 2kg,Household,54,126
2024-10-19,P010,Detergent 2kg,Household,69,143
2024-10-20,P010,Detergent 2kg,Household,78,78
2024-10-21,P010,Detergent 2kg,Household,74,130
2024-10-22,P010,Detergent 2kg,Household,73,135
2024-10-23,P010,Detergent 2kg,Household,69,136
2024-10-24,P010,Detergent 2kg,Household,57,147
2024-10-25,P010,Detergent 2kg,Household,58,134
2024-10-26,P010,Detergent 2kg,Household,65,142
2024-10-27,P010,Detergent 2kg,Household,78,126
2024-10-28,P010,Detergent 2kg,Household,79,130
2024-10-29,P010,Detergent 2kg,Household,88,141
2024-10-30,P010,Detergent 2kg,Household,64,157
2024-10-31,P010,Detergent 2kg,Household,47,136
2024-11-01,P010,Detergent 2kg,Household,51,151
2024-11-02,P010,Detergent 2kg,Household,64,117
2024-11-03,P010,Detergent 2kg,Household,70,118
2024-11-04,P010,Detergent 2kg,Household,71,123
2024-11-05,P010,Detergent 2kg,Household,70,131
2024-11-06,P010,Detergent 2kg,Household,72,115
2024-11-07,P010,Detergent 2kg,Household,50,131
2024-11-08,P010,Detergent 2kg,Household,58,137
2024-11-09,P010,Detergent 2kg,Household,67,148
2024-11-10,P010,Detergent 2kg,Household,80,162
2024-11-11,P010,Detergent 2kg,Household,98,105
2024-11-12,P010,Detergent 2kg,Household,60,127
2024-11-13,P010,Detergent 2kg,Household,74,127
2024-11-14,P010,Detergent 2kg,Household,66,124
2024-11-15,P010,Detergent 2kg,Household,52,121
2024-11-16,P010,Detergent 2kg,Household,63,138
2024-11-17,P010,Detergent 2kg,Household,70,124
2024-11-18,P010,Detergent 2kg,Household,80,125
2024-11-19,P010,Detergent 2kg,Household,86,116
2024-11-20,P010,Detergent 2kg,Household,64,131
2024-11-21,P010,Detergent 2kg,Household,65,116
2024-11-22,P010,Detergent 2kg,Household,65,152
2024-11-23,P010,Detergent 2kg,Household,62,146
2024-11-24,P010,Detergent 2kg,Household,57,141
2024-11-25,P010,Detergent 2kg,Household,70,140
2024-11-26,P010,Detergent 2kg,Household,71,127
2024-11-27,P010,Detergent 2kg,Household,67,125
2024-11-28,P010,Detergent 2kg,Household,75,126
2024-11-29,P010,Detergent 2kg,Household,70,123
2024-11-30,P010,Detergent 2kg,Household,77,107
2024-12-01,P010,Detergent 2kg,Household,61,121
2024-12-02,P010,Detergent 2kg,Household,74,130
2024-12-03,P010,Detergent 2kg,Household,52,111
2024-12-04,P010,Detergent 2kg,Household,55,139
2024-12-05,P010,Detergent 2kg,Household,57,124
2024-12-06,P010,Detergent 2kg,Household,46,137
2024-12-07,P010,Detergent 2kg,Household,49,133
2024-12-08,P010,Detergent 2kg,Household,66,124
2024-12-09,P010,Detergent 2kg,Household,68,129
2024-12-10,P010,Detergent 2kg,Household,70,110
2024-12-11,P010,Detergent 2kg,Household,66,141
2024-12-12,P010,Detergent 2kg,Household,56,135
2024-12-13,P010,Detergent 2kg,Household,49,139
2024-12-14,P010,Detergent 2kg,Household,57,113
2024-12-15,P010,Detergent 2kg,Household,70,107
2024-12-16,P010,Detergent 2kg,Household,68,123
2024-12-17,P010,Detergent 2kg,Household,65,130
2024-12-18,P010,Detergent 2kg,Household,58,134
2024-12-19,P010,Detergent 2kg,Household,55,120
2024-12-20,P010,Detergent 2kg,Household,57,130
2024-12-21,P010,Detergent 2kg,Household,61,146
2024-12-22,P010,Detergent 2kg,Household,75,135
2024-12-23,P010,Detergent 2kg,Household,65,109
2024-12-24,P010,Detergent 2kg,Household,70,141
2024-12-25,P010,Detergent 2kg,Household,66,84
2024-12-26,P010,Detergent 2kg,Household,60,139
2024-12-27,P010,Detergent 2kg,Household,49,140
2024-12-28,P010,Detergent 2kg,Household,62,119
2024-12-29,P010,Detergent 2kg,Household,75,111
2024-12-30,P010,Detergent 2kg,Household,68,125
2024-12-31,P010,Detergent 2kg,Household,64,131
2025-01-01,P010,Detergent 2kg,Household,73,143
2025-01-02,P010,Detergent 2kg,Household,60,106
2025-01-03,P010,Detergent 2kg,Household,45,130
2025-01-04,P010,Detergent 2kg,Household,59,121
2025-01-05,P010,Detergent 2kg,Household,81,129
2025-01-06,P010,Detergent 2kg,Household,73,140
2025-01-07,P010,Detergent 2kg,Household,71,161
2025-01-08,P010,Detergent 2kg,Household,59,120
2025-01-09,P010,Detergent 2kg,Household,52,147
2025-01-10,P010,Detergent 2kg,Household,56,121
2025-01-11,P010,Detergent 2kg,Household,55,145
2025-01-12,P010,Detergent 2kg,Household,71,145
2025-01-13,P010,Detergent 2kg,Household,70,134
2025-01-14,P010,Detergent 2kg,Household,74,120
2025-01-15,P010,Detergent 2kg,Household,65,112
2025-01-16,P010,Detergent 2kg,Household,61,137
2025-01-17,P010,Detergent 2kg,Household,58,136
2025-01-18,P010,Detergent 2kg,Household,60,147
2025-01-19,P010,Detergent 2kg,Household,76,145
2025-01-20,P010,Detergent 2kg,Household,81,126
2025-01-21,P010,Detergent 2kg,Household,76,137
2025-01-22,P010,Detergent 2kg,Household,59,113
2025-01-23,P010,Detergent 2kg,Household,51,126
2025-01-24,P010,Detergent 2kg,Household,52,109
2025-01-25,P010,Detergent 2kg,Household,62,126
2025-01-26,P010,Detergent 2kg,Household,79,153
2025-01-27,P010,Detergent 2kg,Household,75,119
2025-01-28,P010,Detergent 2kg,Household,78,128
2025-01-29,P010,Detergent 2kg,Household,66,117
2025-01-30,P010,Detergent 2kg,Household,56,125
2025-01-31,P010,Detergent 2kg,Household,58,134
2025-02-01,P010,Detergent 2kg,Household,73,136
2025-02-02,P010,Detergent 2kg,Household,74,124
2025-02-03,P010,Detergent 2kg,Household,65,120
2025-02-04,P010,Detergent 2kg,Household,69,95
2025-02-05,P010,Detergent 2kg,Household,62,148
2025-02-06,P010,Detergent 2kg,Household,62,123
2025-02-07,P010,Detergent 2kg,Household,57,103
2025-02-08,P010,Detergent 2kg,Household,64,144
2025-02-09,P010,Detergent 2kg,Household,71,105
2025-02-10,P010,Detergent 2kg,Household,70,144
2025-02-11,P010,Detergent 2kg,Household,77,109
2025-02-12,P010,Detergent 2kg,Household,85,112
2025-02-13,P010,Detergent 2kg,Household,59,114
2025-02-14,P010,Detergent 2kg,Household,49,122
2025-02-15,P010,Detergent 2kg,Household,67,144
2025-02-16,P010,Detergent 2kg,Household,69,115
2025-02-17,P010,Detergent 2kg,Household,77,134
2025-02-18,P010,Detergent 2kg,Household,77,131
2025-02-19,P010,Detergent 2kg,Household,69,129
2025-02-20,P010,Detergent 2kg,Household,59,141
2025-02-21,P010,Detergent 2kg,Household,67,130
2025-02-22,P010,Detergent 2kg,Household,63,131
2025-02-23,P010,Detergent 2kg,Household,68,137
2025-02-24,P010,Detergent 2kg,Household,77,122
2025-02-25,P010,Detergent 2kg,Household,82,128
2025-02-26,P010,Detergent 2kg,Household,63,132
2025-02-27,P010,Detergent 2kg,Household,62,140
2025-02-28,P010,Detergent 2kg,Household,60,126
2025-03-01,P010,Detergent 2kg,Household,60,128
2025-03-02,P010,Detergent 2kg,Household,75,134
2025-03-03,P010,Detergent 2kg,Household,76,126
2025-03-04,P010,Detergent 2kg,Household,83,119
2025-03-05,P010,Detergent 2kg,Household,87,137
2025-03-06,P010,Detergent 2kg,Household,54,130
2025-03-07,P010,Detergent 2kg,Household,60,123
2025-03-08,P010,Detergent 2kg,Household,54,114
2025-03-09,P010,Detergent 2kg,Household,77,105
2025-03-10,P010,Detergent 2kg,Household,63,134
2025-03-11,P010,Detergent 2kg,Household,74,119
2025-03-12,P010,Detergent 2kg,Household,67,109
2025-03-13,P010,Detergent 2kg,Household,64,117
2025-03-14,P010,Detergent 2kg,Household,52,132
2025-03-15,P010,Detergent 2kg,Household,62,119
2025-03-16,P010,Detergent 2kg,Household,58,132
2025-03-17,P010,Detergent 2kg,Household,75,121
2025-03-18,P010,Detergent 2kg,Household,68,128
2025-03-19,P010,Detergent 2kg,Household,73,129
2025-03-20,P010,Detergent 2kg,Household,71,136
2025-03-21,P010,Detergent 2kg,Household,55,137
2025-03-22,P010,Detergent 2kg,Household,64,128
2025-03-23,P010,Detergent 2kg,Household,82,116
2025-03-24,P010,Detergent 2kg,Household,74,143
2025-03-25,P010,Detergent 2kg,Household,78,123
2025-03-26,P010,Detergent 2kg,Household,58,99
2025-03-27,P010,Detergent 2kg,Household,73,131
2025-03-28,P010,Detergent 2kg,Household,52,132
2025-03-29,P010,Detergent 2kg,Household,57,123
2025-03-30,P010,Detergent 2kg,Household,66,109
2025-03-31,P010,Detergent 2kg,Household,58,107
2025-04-01,P010,Detergent 2kg,Household,83,115
2025-04-02,P010,Detergent 2kg,Household,73,140
2025-04-03,P010,Detergent 2kg,Household,61,124
2025-04-04,P010,Detergent 2kg,Household,56,122
2025-04-05,P010,Detergent 2kg,Household,71,151
2025-04-06,P010,Detergent 2kg,Household,83,100
2025-04-07,P010,Detergent 2kg,Household,70,128
2025-04-08,P010,Detergent 2kg,Household,79,105
2025-04-09,P010,Detergent 2kg,Household,57,144
2025-04-10,P010,Detergent 2kg,Household,57,109
2025-04-11,P010,Detergent 2kg,Household,49,132
2025-04-12,P010,Detergent 2kg,Household,58,131
2025-04-13,P010,Detergent 2kg,Household,65,105
2025-04-14,P010,Detergent 2kg,Household,84,133
2025-04-15,P010,Detergent 2kg,Household,72,121
2025-04-16,P010,Detergent 2kg,Household,79,135
2025-04-17,P010,Detergent 2kg,Household,67,120
2025-04-18,P010,Detergent 2kg,Household,55,133
2025-04-19,P010,Detergent 2kg,Household,59,126
2025-04-20,P010,Detergent 2kg,Household,67,133
2025-04-21,P010,Detergent 2kg,Household,63,135
2025-04-22,P010,Detergent 2kg,Household,77,125
2025-04-23,P010,Detergent 2kg,Household,71,123
2025-04-24,P010,Detergent 2kg,Household,55,134
2025-04-25,P010,Detergent 2kg,Household,57,121
2025-04-26,P010,Detergent 2kg,Household,58,125
2025-04-27,P010,Detergent 2kg,Household,67,147
2025-04-28,P010,Detergent 2kg,Household,74,128
2025-04-29,P010,Detergent 2kg,Household,67,137
2025-04-30,P010,Detergent 2kg,Household,64,119
2025-05-01,P010,Detergent 2kg,Household,63,132
2025-05-02,P010,Detergent 2kg,Household,40,125
2025-05-03,P010,Detergent 2kg,Household,62,123
2025-05-04,P010,Detergent 2kg,Household,71,104
2025-05-05,P010,Detergent 2kg,Household,51,115
2025-05-06,P010,Detergent 2kg,Household,75,86
2025-05-07,P010,Detergent 2kg,Household,62,103
2025-05-08,P010,Detergent 2kg,Household,57,152
2025-05-09,P010,Detergent 2kg,Household,52,126
2025-05-10,P010,Detergent 2kg,Household,66,128
2025-05-11,P010,Detergent 2kg,Household,68,139
2025-05-12,P010,Detergent 2kg,Household,74,131
2025-05-13,P010,Detergent 2kg,Household,71,123
2025-05-14,P010,Detergent 2kg,Household,73,123
2025-05-15,P010,Detergent 2kg,Household,65,114
2025-05-16,P010,Detergent 2kg,Household,60,134
2025-05-17,P010,Detergent 2kg,Household,54,134
2025-05-18,P010,Detergent 2kg,Household,64,128
2025-05-19,P010,Detergent 2kg,Household,67,126
2025-05-20,P010,Detergent 2kg,Household,78,134
2025-05-21,P010,Detergent 2kg,Household,58,114
2025-05-22,P010,Detergent 2kg,Household,59,132
2025-05-23,P010,Detergent 2kg,Household,48,148
2025-05-24,P010,Detergent 2kg,Household,64,120
2025-05-25,P010,Detergent 2kg,Household,63,125
2025-05-26,P010,Detergent 2kg,Household,67,144
2025-05-27,P010,Detergent 2kg,Household,78,128
2025-05-28,P010,Detergent 2kg,Household,69,138
2025-05-29,P010,Detergent 2kg,Household,57,133
2025-05-30,P010,Detergent 2kg,Household,54,134
2025-05-31,P010,Detergent 2kg,Household,54,119
2025-06-01,P010,Detergent 2kg,Household,65,118
2025-06-02,P010,Detergent 2kg,Household,58,136
2025-06-03,P010,Detergent 2kg,Household,72,110
2025-06-04,P010,Detergent 2kg,Household,63,125
2025-06-05,P010,Detergent 2kg,Household,57,114
2025-06-06,P010,Detergent 2kg,Household,44,134
2025-06-07,P010,Detergent 2kg,Household,49,125
2025-06-08,P010,Detergent 2kg,Household,64,126
2025-06-09,P010,Detergent 2kg,Household,69,148
2025-06-10,P010,Detergent 2kg,Household,58,139
2025-06-11,P010,Detergent 2kg,Household,47,145
2025-06-12,P010,Detergent 2kg,Household,44,159
2025-06-13,P010,Detergent 2kg,Household,48,144
2025-06-14,P010,Detergent 2kg,Household,64,122
2025-06-15,P010,Detergent 2kg,Household,63,117
2025-06-16,P010,Detergent 2kg,Household,72,122
2025-06-17,P010,Detergent 2kg,Household,62,134
2025-06-18,P010,Detergent 2kg,Household,57,123
2025-06-19,P010,Detergent 2kg,Household,55,119
2025-06-20,P010,Detergent 2kg,Household,47,147
2025-06-21,P010,Detergent 2kg,Household,55,123
2025-06-22,P010,Detergent 2kg,Household,64,133
2025-06-23,P010,Detergent 2kg,Household,59,133
2025-06-24,P010,Detergent 2kg,Household,69,105
2025-06-25,P010,Detergent 2kg,Household,73,146
2025-06-26,P010,Detergent 2kg,Household,49,113
2025-06-27,P010,Detergent 2kg,Household,50,109
2025-06-28,P010,Detergent 2kg,Household,64,122
2025-06-29,P010,Detergent 2kg,Household,74,117
2025-06-30,P010,Detergent 2kg,Household,64,144
2025-07-01,P010,Detergent 2kg,Household,64,131
2025-07-02,P010,Detergent 2kg,Household,68,120
2025-07-03,P010,Detergent 2kg,Household,46,109
2025-07-04,P010,Detergent 2kg,Household,51,132
2025-07-05,P010,Detergent 2kg,Household,61,124
2025-07-06,P010,Detergent 2kg,Household,54,98
2025-07-07,P010,Detergent 2kg,Household,83,134
2025-07-08,P010,Detergent 2kg,Household,67,131
2025-07-09,P010,Detergent 2kg,Household,52,117
2025-07-10,P010,Detergent 2kg,Household,62,136
2025-07-11,P010,Detergent 2kg,Household,44,112
2025-07-12,P010,Detergent 2kg,Household,52,123
2025-07-13,P010,Detergent 2kg,Household,75,125
2025-07-14,P010,Detergent 2kg,Household,56,127
2025-07-15,P010,Detergent 2kg,Household,67,111
2025-07-16,P010,Detergent 2kg,Household,62,143
2025-07-17,P010,Detergent 2kg,Household,53,117
2025-07-18,P010,Detergent 2kg,Household,45,106
2025-07-19,P010,Detergent 2kg,Household,53,131
2025-07-20,P010,Detergent 2kg,Household,56,152
2025-07-21,P010,Detergent 2kg,Household,68,105
2025-07-22,P010,Detergent 2kg,Household,53,115
2025-07-23,P010,Detergent 2kg,Household,69,139
2025-07-24,P010,Detergent 2kg,Household,60,128
2025-07-25,P010,Detergent 2kg,Household,46,112
2025-07-26,P010,Detergent 2kg,Household,56,125
2025-07-27,P010,Detergent 2kg,Household,60,148
2025-07-28,P010,Detergent 2kg,Household,62,144
2025-07-29,P010,Detergent 2kg,Household,54,162
2025-07-30,P010,Detergent 2kg,Household,57,137
2025-07-31,P010,Detergent 2kg,Household,56,121
2025-08-01,P010,Detergent 2kg,Household,50,139
2025-08-02,P010,Detergent 2kg,Household,49,119
2025-08-03,P010,Detergent 2kg,Household,61,126
2025-08-04,P010,Detergent 2kg,Household,71,136
2025-08-05,P010,Detergent 2kg,Household,63,135
2025-08-06,P010,Detergent 2kg,Household,46,120
2025-08-07,P010,Detergent 2kg,Household,52,142
2025-08-08,P010,Detergent 2kg,Household,47,146
2025-08-09,P010,Detergent 2kg,Household,58,121
2025-08-10,P010,Detergent 2kg,Household,60,133
2025-08-11,P010,Detergent 2kg,Household,59,147
2025-08-12,P010,Detergent 2kg,Household,56,132
2025-08-13,P010,Detergent 2kg,Household,62,124
2025-08-14,P010,Detergent 2kg,Household,48,127
2025-08-15,P010,Detergent 2kg,Household,50,121
2025-08-16,P010,Detergent 2kg,Household,47,142
2025-08-17,P010,Detergent 2kg,Household,63,140
2025-08-18,P010,Detergent 2kg,Household,66,155
2025-08-19,P010,Detergent 2kg,Household,70,118
2025-08-20,P010,Detergent 2kg,Household,61,120
2025-08-21,P010,Detergent 2kg,Household,48,109
2025-08-22,P010,Detergent 2kg,Household,45,134
2025-08-23,P010,Detergent 2kg,Household,52,113
2025-08-24,P010,Detergent 2kg,Household,51,154
2025-08-25,P010,Detergent 2kg,Household,63,117
2025-08-26,P010,Detergent 2kg,Household,66,155
2025-08-27,P010,Detergent 2kg,Household,62,92
2025-08-28,P010,Detergent 2kg,Household,64,104
2025-08-29,P010,Detergent 2kg,Household,45,113
2025-08-30,P010,Detergent 2kg,Household,49,131
2025-08-31,P010,Detergent 2kg,Household,48,126
2025-09-01,P010,Detergent 2kg,Household,69,117
2025-09-02,P010,Detergent 2kg,Household,54,126
2025-09-03,P010,Detergent 2kg,Household,56,120
2025-09-04,P010,Detergent 2kg,Household,44,134
2025-09-05,P010,Detergent 2kg,Household,49,114
2025-09-06,P010,Detergent 2kg,Household,48,129
2025-09-07,P010,Detergent 2kg,Household,55,130
2025-09-08,P010,Detergent 2kg,Household,71,127
2025-09-09,P010,Detergent 2kg,Household,55,132
2025-09-10,P010,Detergent 2kg,Household,57,126
2025-09-11,P010,Detergent 2kg,Household,53,136
2025-09-12,P010,Detergent 2kg,Household,46,127
2025-09-13,P010,Detergent 2kg,Household,64,143
2025-09-14,P010,Detergent 2kg,Household,66,129
2025-09-15,P010,Detergent 2kg,Household,56,142
2025-09-16,P010,Detergent 2kg,Household,64,120
2025-09-17,P010,Detergent 2kg,Household,57,115
2025-09-18,P010,Detergent 2kg,Household,56,136
2025-09-19,P010,Detergent 2kg,Household,47,127
2025-09-20,P010,Detergent 2kg,Household,50,100
2025-09-21,P010,Detergent 2kg,Household,52,118
2025-09-22,P010,Detergent 2kg,Household,57,131
2025-09-23,P010,Detergent 2kg,Household,69,126
2025-09-24,P010,Detergent 2kg,Household,67,118
2025-09-25,P010,Detergent 2kg,Household,50,127
2025-09-26,P010,Detergent 2kg,Household,52,129
2025-09-27,P010,Detergent 2kg,Household,54,106
2025-09-28,P010,Detergent 2kg,Household,56,141
2025-09-29,P010,Detergent 2kg,Household,50,145
2025-09-30,P010,Detergent 2kg,Household,67,118
2025-10-01,P010,Detergent 2kg,Household,66,152
2025-10-02,P010,Detergent 2kg,Household,72,126
2025-10-03,P010,Detergent 2kg,Household,58,119
2025-10-04,P010,Detergent 2kg,Household,67,119
2025-10-05,P010,Detergent 2kg,Household,75,151
2025-10-06,P010,Detergent 2kg,Household,77,114
2025-10-07,P010,Detergent 2kg,Household,68,129
2025-10-08,P010,Detergent 2kg,Household,68,131
2025-10-09,P010,Detergent 2kg,Household,53,136
2025-10-10,P010,Detergent 2kg,Household,52,128
2025-10-11,P010,Detergent 2kg,Household,64,149
2025-10-12,P010,Detergent 2kg,Household,78,152
2025-10-13,P010,Detergent 2kg,Household,83,146
2025-10-14,P010,Detergent 2kg,Household,78,132
2025-10-15,P010,Detergent 2kg,Household,83,139
2025-10-16,P010,Detergent 2kg,Household,68,123
2025-10-17,P010,Detergent 2kg,Household,58,142
2025-10-18,P010,Detergent 2kg,Household,77,120
2025-10-19,P010,Detergent 2kg,Household,72,116
2025-10-20,P010,Detergent 2kg,Household,86,116
2025-10-21,P010,Detergent 2kg,Household,88,134
2025-10-22,P010,Detergent 2kg,Household,71,147
2025-10-23,P010,Detergent 2kg,Household,56,149
2025-10-24,P010,Detergent 2kg,Household,61,101
2025-10-25,P010,Detergent 2kg,Household,79,140
2025-10-26,P010,Detergent 2kg,Household,75,115
2025-10-27,P010,Detergent 2kg,Household,68,158
2025-10-28,P010,Detergent 2kg,Household,75,111
2025-10-29,P010,Detergent 2kg,Household,78,107
2025-10-30,P010,Detergent 2kg,Household,60,140
2025-10-31,P010,Detergent 2kg,Household,63,123
2025-11-01,P010,Detergent 2kg,Household,70,122
2025-11-02,P010,Detergent 2kg,Household,79,118
2025-11-03,P010,Detergent 2kg,Household,77,120
2025-11-04,P010,Detergent 2kg,Household,77,141
2025-11-05,P010,Detergent 2kg,Household,83,116
2025-11-06,P010,Detergent 2kg,Household,59,125
2025-11-07,P010,Detergent 2kg,Household,75,114
2025-11-08,P010,Detergent 2kg,Household,69,129
2025-11-09,P010,Detergent 2kg,Household,80,122
2025-11-10,P010,Detergent 2kg,Household,92,133
2025-11-11,P010,Detergent 2kg,Household,92,135
2025-11-12,P010,Detergent 2kg,Household,85,148
2025-11-13,P010,Detergent 2kg,Household,77,157
2025-11-14,P010,Detergent 2kg,Household,70,119
2025-11-15,P010,Detergent 2kg,Household,78,137
2025-11-16,P010,Detergent 2kg,Household,98,115
2025-11-17,P010,Detergent 2kg,Household,89,119
2025-11-18,P010,Detergent 2kg,Household,91,125
2025-11-19,P010,Detergent 2kg,Household,83,110
2025-11-20,P010,Detergent 2kg,Household,75,130
2025-11-21,P010,Detergent 2kg,Household,64,152
2025-11-22,P010,Detergent 2kg,Household,70,132
2025-11-23,P010,Detergent 2kg,Household,84,130
2025-11-24,P010,Detergent 2kg,Household,104,128
2025-11-25,P010,Detergent 2kg,Household,83,151
2025-11-26,P010,Detergent 2kg,Household,78,107
2025-11-27,P010,Detergent 2kg,Household,65,112
2025-11-28,P010,Detergent 2kg,Household,53,123
2025-11-29,P010,Detergent 2kg,Household,74,143
2025-11-30,P010,Detergent 2kg,Household,90,135
2025-12-01,P010,Detergent 2kg,Household,65,139
2025-12-02,P010,Detergent 2kg,Household,83,133
2025-12-03,P010,Detergent 2kg,Household,70,111
2025-12-04,P010,Detergent 2kg,Household,65,150
2025-12-05,P010,Detergent 2kg,Household,55,120
2025-12-06,P010,Detergent 2kg,Household,61,122
2025-12-07,P010,Detergent 2kg,Household,68,136
2025-12-08,P010,Detergent 2kg,Household,74,140
2025-12-09,P010,Detergent 2kg,Household,77,116
2025-12-10,P010,Detergent 2kg,Household,65,120
2025-12-11,P010,Detergent 2kg,Household,59,150
2025-12-12,P010,Detergent 2kg,Household,65,138
2025-12-13,P010,Detergent 2kg,Household,63,110
2025-12-14,P010,Detergent 2kg,Household,74,117
2025-12-15,P010,Detergent 2kg,Household,86,107
2025-12-16,P010,Detergent 2kg,Household,78,116
2025-12-17,P010,Detergent 2kg,Household,70,136
2025-12-18,P010,Detergent 2kg,Household,67,127
2025-12-19,P010,Detergent 2kg,Household,60,119
2025-12-20,P010,Detergent 2kg,Household,65,140
2025-12-21,P010,Detergent 2kg,Household,76,121
2025-12-22,P010,Detergent 2kg,Household,73,140
2025-12-23,P010,Detergent 2kg,Household,68,115
2025-12-24,P010,Detergent 2kg,Household,75,122
2025-12-25,P010,Detergent 2kg,Household,53,145
2025-12-26,P010,Detergent 2kg,Household,50,125
2025-12-27,P010,Detergent 2kg,Household,61,124
2025-12-28,P010,Detergent 2kg,Household,68,137
2025-12-29,P010,Detergent 2kg,Household,77,140
2025-12-30,P010,Detergent 2kg,Household,73,155
2025-12-31,P010,Detergent 2kg,Household,58,107
2024-01-01,P011,Bath Soap 4 Pack,Personal Care,60,163
2024-01-02,P011,Bath Soap 4 Pack,Personal Care,68,166
2024-01-03,P011,Bath Soap 4 Pack,Personal Care,76,142
2024-01-04,P011,Bath Soap 4 Pack,Personal Care,83,168
2024-01-05,P011,Bath Soap 4 Pack,Personal Care,81,185
2024-01-06,P011,Bath Soap 4 Pack,Personal Care,70,138
2024-01-07,P011,Bath Soap 4 Pack,Personal Care,72,141
2024-01-08,P011,Bath Soap 4 Pack,Personal Care,59,153
2024-01-09,P011,Bath Soap 4 Pack,Personal Care,62,170
2024-01-10,P011,Bath Soap 4 Pack,Personal Care,75,166
2024-01-11,P011,Bath Soap 4 Pack,Personal Care,70,155
2024-01-12,P011,Bath Soap 4 Pack,Personal Care,65,154
2024-01-13,P011,Bath Soap 4 Pack,Personal Care,67,187
2024-01-14,P011,Bath Soap 4 Pack,Personal Care,59,124
2024-01-15,P011,Bath Soap 4 Pack,Personal Care,64,165
2024-01-16,P011,Bath Soap 4 Pack,Personal Care,63,151
2024-01-17,P011,Bath Soap 4 Pack,Personal Care,66,188
2024-01-18,P011,Bath Soap 4 Pack,Personal Care,75,130
2024-01-19,P011,Bath Soap 4 Pack,Personal Care,72,176
2024-01-20,P011,Bath Soap 4 Pack,Personal Care,68,143
2024-01-21,P011,Bath Soap 4 Pack,Personal Care,54,143
2024-01-22,P011,Bath Soap 4 Pack,Personal Care,64,156
2024-01-23,P011,Bath Soap 4 Pack,Personal Care,53,164
2024-01-24,P011,Bath Soap 4 Pack,Personal Care,73,150
2024-01-25,P011,Bath Soap 4 Pack,Personal Care,66,141
2024-01-26,P011,Bath Soap 4 Pack,Personal Care,76,161
2024-01-27,P011,Bath Soap 4 Pack,Personal Care,69,161
2024-01-28,P011,Bath Soap 4 Pack,Personal Care,61,150
2024-01-29,P011,Bath Soap 4 Pack,Personal Care,54,176
2024-01-30,P011,Bath Soap 4 Pack,Personal Care,72,138
2024-01-31,P011,Bath Soap 4 Pack,Personal Care,69,171
2024-02-01,P011,Bath Soap 4 Pack,Personal Care,87,186
2024-02-02,P011,Bath Soap 4 Pack,Personal Care,63,178
2024-02-03,P011,Bath Soap 4 Pack,Personal Care,65,174
2024-02-04,P011,Bath Soap 4 Pack,Personal Care,63,138
2024-02-05,P011,Bath Soap 4 Pack,Personal Care,58,173
2024-02-06,P011,Bath Soap 4 Pack,Personal Care,62,154
2024-02-07,P011,Bath Soap 4 Pack,Personal Care,59,168
2024-02-08,P011,Bath Soap 4 Pack,Personal Care,74,143
2024-02-09,P011,Bath Soap 4 Pack,Personal Care,65,160
2024-02-10,P011,Bath Soap 4 Pack,Personal Care,61,158
2024-02-11,P011,Bath Soap 4 Pack,Personal Care,48,179
2024-02-12,P011,Bath Soap 4 Pack,Personal Care,54,140
2024-02-13,P011,Bath Soap 4 Pack,Personal Care,46,174
2024-02-14,P011,Bath Soap 4 Pack,Personal Care,73,161
2024-02-15,P011,Bath Soap 4 Pack,Personal Care,78,171
2024-02-16,P011,Bath Soap 4 Pack,Personal Care,68,153
2024-02-17,P011,Bath Soap 4 Pack,Personal Care,61,164
2024-02-18,P011,Bath Soap 4 Pack,Personal Care,65,156
2024-02-19,P011,Bath Soap 4 Pack,Personal Care,61,163
2024-02-20,P011,Bath Soap 4 Pack,Personal Care,63,195
2024-02-21,P011,Bath Soap 4 Pack,Personal Care,80,184
2024-02-22,P011,Bath Soap 4 Pack,Personal Care,65,192
2024-02-23,P011,Bath Soap 4 Pack,Personal Care,65,154
2024-02-24,P011,Bath Soap 4 Pack,Personal Care,49,163
2024-02-25,P011,Bath Soap 4 Pack,Personal Care,50,164
2024-02-26,P011,Bath Soap 4 Pack,Personal Care,47,186
2024-02-27,P011,Bath Soap 4 Pack,Personal Care,63,193
2024-02-28,P011,Bath Soap 4 Pack,Personal Care,61,182
2024-02-29,P011,Bath Soap 4 Pack,Personal Care,57,161
2024-03-01,P011,Bath Soap 4 Pack,Personal Care,61,150
2024-03-02,P011,Bath Soap 4 Pack,Personal Care,59,143
2024-03-03,P011,Bath Soap 4 Pack,Personal Care,49,151
2024-03-04,P011,Bath Soap 4 Pack,Personal Care,53,176
2024-03-05,P011,Bath Soap 4 Pack,Personal Care,61,176
2024-03-06,P011,Bath Soap 4 Pack,Personal Care,57,151
2024-03-07,P011,Bath Soap 4 Pack,Personal Care,74,163
2024-03-08,P011,Bath Soap 4 Pack,Personal Care,59,172
2024-03-09,P011,Bath Soap 4 Pack,Personal Care,58,145
2024-03-10,P011,Bath Soap 4 Pack,Personal Care,58,158
2024-03-11,P011,Bath Soap 4 Pack,Personal Care,49,149
2024-03-12,P011,Bath Soap 4 Pack,Personal Care,52,151
2024-03-13,P011,Bath Soap 4 Pack,Personal Care,73,161
2024-03-14,P011,Bath Soap 4 Pack,Personal Care,75,166
2024-03-15,P011,Bath Soap 4 Pack,Personal Care,60,132
2024-03-16,P011,Bath Soap 4 Pack,Personal Care,55,147
2024-03-17,P011,Bath Soap 4 Pack,Personal Care,51,173
2024-03-18,P011,Bath Soap 4 Pack,Personal Care,56,192
2024-03-19,P011,Bath Soap 4 Pack,Personal Care,54,183
2024-03-20,P011,Bath Soap 4 Pack,Personal Care,76,154
2024-03-21,P011,Bath Soap 4 Pack,Personal Care,71,177
2024-03-22,P011,Bath Soap 4 Pack,Personal Care,63,155
2024-03-23,P011,Bath Soap 4 Pack,Personal Care,57,120
2024-03-24,P011,Bath Soap 4 Pack,Personal Care,55,146
2024-03-25,P011,Bath Soap 4 Pack,Personal Care,45,164
2024-03-26,P011,Bath Soap 4 Pack,Personal Care,49,170
2024-03-27,P011,Bath Soap 4 Pack,Personal Care,68,151
2024-03-28,P011,Bath Soap 4 Pack,Personal Care,67,139
2024-03-29,P011,Bath Soap 4 Pack,Personal Care,67,160
2024-03-30,P011,Bath Soap 4 Pack,Personal Care,62,165
2024-03-31,P011,Bath Soap 4 Pack,Personal Care,51,134
2024-04-01,P011,Bath Soap 4 Pack,Personal Care,55,168
2024-04-02,P011,Bath Soap 4 Pack,Personal Care,54,164
2024-04-03,P011,Bath Soap 4 Pack,Personal Care,73,175
2024-04-04,P011,Bath Soap 4 Pack,Personal Care,63,134
2024-04-05,P011,Bath Soap 4 Pack,Personal Care,54,153
2024-04-06,P011,Bath Soap 4 Pack,Personal Care,68,146
2024-04-07,P011,Bath Soap 4 Pack,Personal Care,51,148
2024-04-08,P011,Bath Soap 4 Pack,Personal Care,48,157
2024-04-09,P011,Bath Soap 4 Pack,Personal Care,50,175
2024-04-10,P011,Bath Soap 4 Pack,Personal Care,64,197
2024-04-11,P011,Bath Soap 4 Pack,Personal Care,59,183
2024-04-12,P011,Bath Soap 4 Pack,Personal Care,71,151
2024-04-13,P011,Bath Soap 4 Pack,Personal Care,57,143
2024-04-14,P011,Bath Soap 4 Pack,Personal Care,49,157
2024-04-15,P011,Bath Soap 4 Pack,Personal Care,50,132
2024-04-16,P011,Bath Soap 4 Pack,Personal Care,70,153
2024-04-17,P011,Bath Soap 4 Pack,Personal Care,65,148
2024-04-18,P011,Bath Soap 4 Pack,Personal Care,65,152
2024-04-19,P011,Bath Soap 4 Pack,Personal Care,62,157
2024-04-20,P011,Bath Soap 4 Pack,Personal Care,64,161
2024-04-21,P011,Bath Soap 4 Pack,Personal Care,57,157
2024-04-22,P011,Bath Soap 4 Pack,Personal Care,51,154
2024-04-23,P011,Bath Soap 4 Pack,Personal Care,63,163
2024-04-24,P011,Bath Soap 4 Pack,Personal Care,64,155
2024-04-25,P011,Bath Soap 4 Pack,Personal Care,66,158
2024-04-26,P011,Bath Soap 4 Pack,Personal Care,62,149
2024-04-27,P011,Bath Soap 4 Pack,Personal Care,64,171
2024-04-28,P011,Bath Soap 4 Pack,Personal Care,63,148
2024-04-29,P011,Bath Soap 4 Pack,Personal Care,54,127
2024-04-30,P011,Bath Soap 4 Pack,Personal Care,62,135
2024-05-01,P011,Bath Soap 4 Pack,Personal Care,58,163
2024-05-02,P011,Bath Soap 4 Pack,Personal Care,63,146
2024-05-03,P011,Bath Soap 4 Pack,Personal Care,59,169
2024-05-04,P011,Bath Soap 4 Pack,Personal Care,54,157
2024-05-05,P011,Bath Soap 4 Pack,Personal Care,52,170
2024-05-06,P011,Bath Soap 4 Pack,Personal Care,55,129
2024-05-07,P011,Bath Soap 4 Pack,Personal Care,63,148
2024-05-08,P011,Bath Soap 4 Pack,Personal Care,66,143
2024-05-09,P011,Bath Soap 4 Pack,Personal Care,70,198
2024-05-10,P011,Bath Soap 4 Pack,Personal Care,63,150
2024-05-11,P011,Bath Soap 4 Pack,Personal Care,59,134
2024-05-12,P011,Bath Soap 4 Pack,Personal Care,62,162
2024-05-13,P011,Bath Soap 4 Pack,Personal Care,45,141
2024-05-14,P011,Bath Soap 4 Pack,Personal Care,58,172
2024-05-15,P011,Bath Soap 4 Pack,Personal Care,58,175
2024-05-16,P011,Bath Soap 4 Pack,Personal Care,67,143
2024-05-17,P011,Bath Soap 4 Pack,Personal Care,60,185
2024-05-18,P011,Bath Soap 4 Pack,Personal Care,52,146
2024-05-19,P011,Bath Soap 4 Pack,Personal Care,60,161
2024-05-20,P011,Bath Soap 4 Pack,Personal Care,47,173
2024-05-21,P011,Bath Soap 4 Pack,Personal Care,64,163
2024-05-22,P011,Bath Soap 4 Pack,Personal Care,62,150
2024-05-23,P011,Bath Soap 4 Pack,Personal Care,70,137
2024-05-24,P011,Bath Soap 4 Pack,Personal Care,72,184
2024-05-25,P011,Bath Soap 4 Pack,Personal Care,60,163
2024-05-26,P011,Bath Soap 4 Pack,Personal Care,62,188
2024-05-27,P011,Bath Soap 4 Pack,Personal Care,60,130
2024-05-28,P011,Bath Soap 4 Pack,Personal Care,57,165
2024-05-29,P011,Bath Soap 4 Pack,Personal Care,63,186
2024-05-30,P011,Bath Soap 4 Pack,Personal Care,80,145
2024-05-31,P011,Bath Soap 4 Pack,Personal Care,63,146
2024-06-01,P011,Bath Soap 4 Pack,Personal Care,60,154
2024-06-02,P011,Bath Soap 4 Pack,Personal Care,61,144
2024-06-03,P011,Bath Soap 4 Pack,Personal Care,38,132
2024-06-04,P011,Bath Soap 4 Pack,Personal Care,53,147
2024-06-05,P011,Bath Soap 4 Pack,Personal Care,69,140
2024-06-06,P011,Bath Soap 4 Pack,Personal Care,61,143
2024-06-07,P011,Bath Soap 4 Pack,Personal Care,58,149
2024-06-08,P011,Bath Soap 4 Pack,Personal Care,59,168
2024-06-09,P011,Bath Soap 4 Pack,Personal Care,51,152
2024-06-10,P011,Bath Soap 4 Pack,Personal Care,50,170
2024-06-11,P011,Bath Soap 4 Pack,Personal Care,59,174
2024-06-12,P011,Bath Soap 4 Pack,Personal Care,60,157
2024-06-13,P011,Bath Soap 4 Pack,Personal Care,67,138
2024-06-14,P011,Bath Soap 4 Pack,Personal Care,65,185
2024-06-15,P011,Bath Soap 4 Pack,Personal Care,58,155
2024-06-16,P011,Bath Soap 4 Pack,Personal Care,50,135
2024-06-17,P011,Bath Soap 4 Pack,Personal Care,49,150
2024-06-18,P011,Bath Soap 4 Pack,Personal Care,59,154
2024-06-19,P011,Bath Soap 4 Pack,Personal Care,58,148
2024-06-20,P011,Bath Soap 4 Pack,Personal Care,75,136
2024-06-21,P011,Bath Soap 4 Pack,Personal Care,64,162
2024-06-22,P011,Bath Soap 4 Pack,Personal Care,59,163
2024-06-23,P011,Bath Soap 4 Pack,Personal Care,49,171
2024-06-24,P011,Bath Soap 4 Pack,Personal Care,56,158
2024-06-25,P011,Bath Soap 4 Pack,Personal Care,69,152
2024-06-26,P011,Bath Soap 4 Pack,Personal Care,66,179
2024-06-27,P011,Bath Soap 4 Pack,Personal Care,86,147
2024-06-28,P011,Bath Soap 4 Pack,Personal Care,67,174
2024-06-29,P011,Bath Soap 4 Pack,Personal Care,65,167
2024-06-30,P011,Bath Soap 4 Pack,Personal Care,63,149
2024-07-01,P011,Bath Soap 4 Pack,Personal Care,57,157
2024-07-02,P011,Bath Soap 4 Pack,Personal Care,55,142
2024-07-03,P011,Bath Soap 4 Pack,Personal Care,67,172
2024-07-04,P011,Bath Soap 4 Pack,Personal Care,81,169
2024-07-05,P011,Bath Soap 4 Pack,Personal Care,72,164
2024-07-06,P011,Bath Soap 4 Pack,Personal Care,68,164
2024-07-07,P011,Bath Soap 4 Pack,Personal Care,63,135
2024-07-08,P011,Bath Soap 4 Pack,Personal Care,52,141
2024-07-09,P011,Bath Soap 4 Pack,Personal Care,71,184
2024-07-10,P011,Bath Soap 4 Pack,Personal Care,57,182
2024-07-11,P011,Bath Soap 4 Pack,Personal Care,76,173
2024-07-12,P011,Bath Soap 4 Pack,Personal Care,74,180
2024-07-13,P011,Bath Soap 4 Pack,Personal Care,69,136
2024-07-14,P011,Bath Soap 4 Pack,Personal Care,60,166
2024-07-15,P011,Bath Soap 4 Pack,Personal Care,56,168
2024-07-16,P011,Bath Soap 4 Pack,Personal Care,65,148
2024-07-17,P011,Bath Soap 4 Pack,Personal Care,66,151
2024-07-18,P011,Bath Soap 4 Pack,Personal Care,78,127
2024-07-19,P011,Bath Soap 4 Pack,Personal Care,66,126
2024-07-20,P011,Bath Soap 4 Pack,Personal Care,64,176
2024-07-21,P011,Bath Soap 4 Pack,Personal Care,55,169
2024-07-22,P011,Bath Soap 4 Pack,Personal Care,74,180
2024-07-23,P011,Bath Soap 4 Pack,Personal Care,67,171
2024-07-24,P011,Bath Soap 4 Pack,Personal Care,65,133
2024-07-25,P011,Bath Soap 4 Pack,Personal Care,78,164
2024-07-26,P011,Bath Soap 4 Pack,Personal Care,80,149
2024-07-27,P011,Bath Soap 4 Pack,Personal Care,71,160
2024-07-28,P011,Bath Soap 4 Pack,Personal Care,62,156
2024-07-29,P011,Bath Soap 4 Pack,Personal Care,54,162
2024-07-30,P011,Bath Soap 4 Pack,Personal Care,69,151
2024-07-31,P011,Bath Soap 4 Pack,Personal Care,81,174
2024-08-01,P011,Bath Soap 4 Pack,Personal Care,84,141
2024-08-02,P011,Bath Soap 4 Pack,Personal Care,74,143
2024-08-03,P011,Bath Soap 4 Pack,Personal Care,71,143
2024-08-04,P011,Bath Soap 4 Pack,Personal Care,72,170
2024-08-05,P011,Bath Soap 4 Pack,Personal Care,67,174
2024-08-06,P011,Bath Soap 4 Pack,Personal Care,67,151
2024-08-07,P011,Bath Soap 4 Pack,Personal Care,91,155
2024-08-08,P011,Bath Soap 4 Pack,Personal Care,69,173
2024-08-09,P011,Bath Soap 4 Pack,Personal Care,76,181
2024-08-10,P011,Bath Soap 4 Pack,Personal Care,74,157
2024-08-11,P011,Bath Soap 4 Pack,Personal Care,75,133
2024-08-12,P011,Bath Soap 4 Pack,Personal Care,57,144
2024-08-13,P011,Bath Soap 4 Pack,Personal Care,54,171
2024-08-14,P011,Bath Soap 4 Pack,Personal Care,74,172
2024-08-15,P011,Bath Soap 4 Pack,Personal Care,85,167
2024-08-16,P011,Bath Soap 4 Pack,Personal Care,73,145
2024-08-17,P011,Bath Soap 4 Pack,Personal Care,74,172
2024-08-18,P011,Bath Soap 4 Pack,Personal Care,66,146
2024-08-19,P011,Bath Soap 4 Pack,Personal Care,54,161
2024-08-20,P011,Bath Soap 4 Pack,Personal Care,67,156
2024-08-21,P011,Bath Soap 4 Pack,Personal Care,78,151
2024-08-22,P011,Bath Soap 4 Pack,Personal Care,85,166
2024-08-23,P011,Bath Soap 4 Pack,Personal Care,92,169
2024-08-24,P011,Bath Soap 4 Pack,Personal Care,86,145
2024-08-25,P011,Bath Soap 4 Pack,Personal Care,56,157
2024-08-26,P011,Bath Soap 4 Pack,Personal Care,68,169
2024-08-27,P011,Bath Soap 4 Pack,Personal Care,80,118
2024-08-28,P011,Bath Soap 4 Pack,Personal Care,91,163
2024-08-29,P011,Bath Soap 4 Pack,Personal Care,71,169
2024-08-30,P011,Bath Soap 4 Pack,Personal Care,80,164
2024-08-31,P011,Bath Soap 4 Pack,Personal Care,83,164
2024-09-01,P011,Bath Soap 4 Pack,Personal Care,58,155
2024-09-02,P011,Bath Soap 4 Pack,Personal Care,53,168
2024-09-03,P011,Bath Soap 4 Pack,Personal Care,83,138
2024-09-04,P011,Bath Soap 4 Pack,Personal Care,77,144
2024-09-05,P011,Bath Soap 4 Pack,Personal Care,81,164
2024-09-06,P011,Bath Soap 4 Pack,Personal Care,76,168
2024-09-07,P011,Bath Soap 4 Pack,Personal Care,84,175
2024-09-08,P011,Bath Soap 4 Pack,Personal Care,61,179
2024-09-09,P011,Bath Soap 4 Pack,Personal Care,74,182
2024-09-10,P011,Bath Soap 4 Pack,Personal Care,72,146
2024-09-11,P011,Bath Soap 4 Pack,Personal Care,75,140
2024-09-12,P011,Bath Soap 4 Pack,Personal Care,86,171
2024-09-13,P011,Bath Soap 4 Pack,Personal Care,91,150
2024-09-14,P011,Bath Soap 4 Pack,Personal Care,77,156
2024-09-15,P011,Bath Soap 4 Pack,Personal Care,65,169
2024-09-16,P011,Bath Soap 4 Pack,Personal Care,68,160
2024-09-17,P011,Bath Soap 4 Pack,Personal Care,77,167
2024-09-18,P011,Bath Soap 4 Pack,Personal Care,89,144
2024-09-19,P011,Bath Soap 4 Pack,Personal Care,95,162
2024-09-20,P011,Bath Soap 4 Pack,Personal Care,78,161
2024-09-21,P011,Bath Soap 4 Pack,Personal Care,81,175
2024-09-22,P011,Bath Soap 4 Pack,Personal Care,63,178
2024-09-23,P011,Bath Soap 4 Pack,Personal Care,66,150
2024-09-24,P011,Bath Soap 4 Pack,Personal Care,71,142
2024-09-25,P011,Bath Soap 4 Pack,Personal Care,70,168
2024-09-26,P011,Bath Soap 4 Pack,Personal Care,105,132
2024-09-27,P011,Bath Soap 4 Pack,Personal Care,74,169
2024-09-28,P011,Bath Soap 4 Pack,Personal Care,78,171
2024-09-29,P011,Bath Soap 4 Pack,Personal Care,70,148
2024-09-30,P011,Bath Soap 4 Pack,Personal Care,65,120
2024-10-01,P011,Bath Soap 4 Pack,Personal Care,82,172
2024-10-02,P011,Bath Soap 4 Pack,Personal Care,117,180
2024-10-03,P011,Bath Soap 4 Pack,Personal Care,113,122
2024-10-04,P011,Bath Soap 4 Pack,Personal Care,94,178
2024-10-05,P011,Bath Soap 4 Pack,Personal Care,112,179
2024-10-06,P011,Bath Soap 4 Pack,Personal Care,85,137
2024-10-07,P011,Bath Soap 4 Pack,Personal Care,81,158
2024-10-08,P011,Bath Soap 4 Pack,Personal Care,108,161
2024-10-09,P011,Bath Soap 4 Pack,Personal Care,105,159
2024-10-10,P011,Bath Soap 4 Pack,Personal Care,113,167
2024-10-11,P011,Bath Soap 4 Pack,Personal Care,94,141
2024-10-12,P011,Bath Soap 4 Pack,Personal Care,111,132
2024-10-13,P011,Bath Soap 4 Pack,Personal Care,102,127
2024-10-14,P011,Bath Soap 4 Pack,Personal Care,77,173
2024-10-15,P011,Bath Soap 4 Pack,Personal Care,94,137
2024-10-16,P011,Bath Soap 4 Pack,Personal Care,110,159
2024-10-17,P011,Bath Soap 4 Pack,Personal Care,107,148
2024-10-18,P011,Bath Soap 4 Pack,Personal Care,102,148
2024-10-19,P011,Bath Soap 4 Pack,Personal Care,122,154
2024-10-20,P011,Bath Soap 4 Pack,Personal Care,85,149
2024-10-21,P011,Bath Soap 4 Pack,Personal Care,97,132
2024-10-22,P011,Bath Soap 4 Pack,Personal Care,97,154
2024-10-23,P011,Bath Soap 4 Pack,Personal Care,91,145
2024-10-24,P011,Bath Soap 4 Pack,Personal Care,113,144
2024-10-25,P011,Bath Soap 4 Pack,Personal Care,105,185
2024-10-26,P011,Bath Soap 4 Pack,Personal Care,100,135
2024-10-27,P011,Bath Soap 4 Pack,Personal Care,81,153
2024-10-28,P011,Bath Soap 4 Pack,Personal Care,80,160
2024-10-29,P011,Bath Soap 4 Pack,Personal Care,97,185
2024-10-30,P011,Bath Soap 4 Pack,Personal Care,107,139
2024-10-31,P011,Bath Soap 4 Pack,Personal Care,123,177
2024-11-01,P011,Bath Soap 4 Pack,Personal Care,105,154
2024-11-02,P011,Bath Soap 4 Pack,Personal Care,105,154
2024-11-03,P011,Bath Soap 4 Pack,Personal Care,70,166
2024-11-04,P011,Bath Soap 4 Pack,Personal Care,90,180
2024-11-05,P011,Bath Soap 4 Pack,Personal Care,88,161
2024-11-06,P011,Bath Soap 4 Pack,Personal Care,109,159
2024-11-07,P011,Bath Soap 4 Pack,Personal Care,112,158
2024-11-08,P011,Bath Soap 4 Pack,Personal Care,105,169
2024-11-09,P011,Bath Soap 4 Pack,Personal Care,110,146
2024-11-10,P011,Bath Soap 4 Pack,Personal Care,87,151
2024-11-11,P011,Bath Soap 4 Pack,Personal Care,78,132
2024-11-12,P011,Bath Soap 4 Pack,Personal Care,95,165
2024-11-13,P011,Bath Soap 4 Pack,Personal Care,105,157
2024-11-14,P011,Bath Soap 4 Pack,Personal Care,115,180
2024-11-15,P011,Bath Soap 4 Pack,Personal Care,98,139
2024-11-16,P011,Bath Soap 4 Pack,Personal Care,97,187
2024-11-17,P011,Bath Soap 4 Pack,Personal Care,78,168
2024-11-18,P011,Bath Soap 4 Pack,Personal Care,92,120
2024-11-19,P011,Bath Soap 4 Pack,Personal Care,98,167
2024-11-20,P011,Bath Soap 4 Pack,Personal Care,104,147
2024-11-21,P011,Bath Soap 4 Pack,Personal Care,103,152
2024-11-22,P011,Bath Soap 4 Pack,Personal Care,99,150
2024-11-23,P011,Bath Soap 4 Pack,Personal Care,95,176
2024-11-24,P011,Bath Soap 4 Pack,Personal Care,78,130
2024-11-25,P011,Bath Soap 4 Pack,Personal Care,92,154
2024-11-26,P011,Bath Soap 4 Pack,Personal Care,90,156
2024-11-27,P011,Bath Soap 4 Pack,Personal Care,108,149
2024-11-28,P011,Bath Soap 4 Pack,Personal Care,115,142
2024-11-29,P011,Bath Soap 4 Pack,Personal Care,99,123
2024-11-30,P011,Bath Soap 4 Pack,Personal Care,109,155
2024-12-01,P011,Bath Soap 4 Pack,Personal Care,77,165
2024-12-02,P011,Bath Soap 4 Pack,Personal Care,71,157
2024-12-03,P011,Bath Soap 4 Pack,Personal Care,80,142
2024-12-04,P011,Bath Soap 4 Pack,Personal Care,76,156
2024-12-05,P011,Bath Soap 4 Pack,Personal Care,83,180
2024-12-06,P011,Bath Soap 4 Pack,Personal Care,86,146
2024-12-07,P011,Bath Soap 4 Pack,Personal Care,77,160
2024-12-08,P011,Bath Soap 4 Pack,Personal Care,71,162
2024-12-09,P011,Bath Soap 4 Pack,Personal Care,67,136
2024-12-10,P011,Bath Soap 4 Pack,Personal Care,60,152
2024-12-11,P011,Bath Soap 4 Pack,Personal Care,91,152
2024-12-12,P011,Bath Soap 4 Pack,Personal Care,100,157
2024-12-13,P011,Bath Soap 4 Pack,Personal Care,94,176
2024-12-14,P011,Bath Soap 4 Pack,Personal Care,87,139
2024-12-15,P011,Bath Soap 4 Pack,Personal Care,71,177
2024-12-16,P011,Bath Soap 4 Pack,Personal Care,68,166
2024-12-17,P011,Bath Soap 4 Pack,Personal Care,65,188
2024-12-18,P011,Bath Soap 4 Pack,Personal Care,78,126
2024-12-19,P011,Bath Soap 4 Pack,Personal Care,85,119
2024-12-20,P011,Bath Soap 4 Pack,Personal Care,73,198
2024-12-21,P011,Bath Soap 4 Pack,Personal Care,75,135
2024-12-22,P011,Bath Soap 4 Pack,Personal Care,71,143
2024-12-23,P011,Bath Soap 4 Pack,Personal Care,71,143
2024-12-24,P011,Bath Soap 4 Pack,Personal Care,77,139
2024-12-25,P011,Bath Soap 4 Pack,Personal Care,106,165
2024-12-26,P011,Bath Soap 4 Pack,Personal Care,86,153
2024-12-27,P011,Bath Soap 4 Pack,Personal Care,77,146
2024-12-28,P011,Bath Soap 4 Pack,Personal Care,72,184
2024-12-29,P011,Bath Soap 4 Pack,Personal Care,66,124
2024-12-30,P011,Bath Soap 4 Pack,Personal Care,58,172
2024-12-31,P011,Bath Soap 4 Pack,Personal Care,72,155
2025-01-01,P011,Bath Soap 4 Pack,Personal Care,94,145
2025-01-02,P011,Bath Soap 4 Pack,Personal Care,92,147
2025-01-03,P011,Bath Soap 4 Pack,Personal Care,85,151
2025-01-04,P011,Bath Soap 4 Pack,Personal Care,75,170
2025-01-05,P011,Bath Soap 4 Pack,Personal Care,74,155
2025-01-06,P011,Bath Soap 4 Pack,Personal Care,62,183
2025-01-07,P011,Bath Soap 4 Pack,Personal Care,78,151
2025-01-08,P011,Bath Soap 4 Pack,Personal Care,77,174
2025-01-09,P011,Bath Soap 4 Pack,Personal Care,87,155
2025-01-10,P011,Bath Soap 4 Pack,Personal Care,80,163
2025-01-11,P011,Bath Soap 4 Pack,Personal Care,76,176
2025-01-12,P011,Bath Soap 4 Pack,Personal Care,77,166
2025-01-13,P011,Bath Soap 4 Pack,Personal Care,73,158
2025-01-14,P011,Bath Soap 4 Pack,Personal Care,78,173
2025-01-15,P011,Bath Soap 4 Pack,Personal Care,90,172
2025-01-16,P011,Bath Soap 4 Pack,Personal Care,90,188
2025-01-17,P011,Bath Soap 4 Pack,Personal Care,74,155
2025-01-18,P011,Bath Soap 4 Pack,Personal Care,74,152
2025-01-19,P011,Bath Soap 4 Pack,Personal Care,54,179
2025-01-20,P011,Bath Soap 4 Pack,Personal Care,57,160
2025-01-21,P011,Bath Soap 4 Pack,Personal Care,62,167
2025-01-22,P011,Bath Soap 4 Pack,Personal Care,75,140
2025-01-23,P011,Bath Soap 4 Pack,Personal Care,85,146
2025-01-24,P011,Bath Soap 4 Pack,Personal Care,73,160
2025-01-25,P011,Bath Soap 4 Pack,Personal Care,80,145
2025-01-26,P011,Bath Soap 4 Pack,Personal Care,60,158
2025-01-27,P011,Bath Soap 4 Pack,Personal Care,66,181
2025-01-28,P011,Bath Soap 4 Pack,Personal Care,63,152
2025-01-29,P011,Bath Soap 4 Pack,Personal Care,89,189
2025-01-30,P011,Bath Soap 4 Pack,Personal Care,74,146
2025-01-31,P011,Bath Soap 4 Pack,Personal Care,80,148
2025-02-01,P011,Bath Soap 4 Pack,Personal Care,68,161
2025-02-02,P011,Bath Soap 4 Pack,Personal Care,76,137
2025-02-03,P011,Bath Soap 4 Pack,Personal Care,71,148
2025-02-04,P011,Bath Soap 4 Pack,Personal Care,73,183
2025-02-05,P011,Bath Soap 4 Pack,Personal Care,82,153
2025-02-06,P011,Bath Soap 4 Pack,Personal Care,87,155
2025-02-07,P011,Bath Soap 4 Pack,Personal Care,80,154
2025-02-08,P011,Bath Soap 4 Pack,Personal Care,79,136
2025-02-09,P011,Bath Soap 4 Pack,Personal Care,59,135
2025-02-10,P011,Bath Soap 4 Pack,Personal Care,61,133
2025-02-11,P011,Bath Soap 4 Pack,Personal Care,64,140
2025-02-12,P011,Bath Soap 4 Pack,Personal Care,90,142
2025-02-13,P011,Bath Soap 4 Pack,Personal Care,70,161
2025-02-14,P011,Bath Soap 4 Pack,Personal Care,88,156
2025-02-15,P011,Bath Soap 4 Pack,Personal Care,71,178
2025-02-16,P011,Bath Soap 4 Pack,Personal Care,70,164
2025-02-17,P011,Bath Soap 4 Pack,Personal Care,57,165
2025-02-18,P011,Bath Soap 4 Pack,Personal Care,59,148
2025-02-19,P011,Bath Soap 4 Pack,Personal Care,88,178
2025-02-20,P011,Bath Soap 4 Pack,Personal Care,83,127
2025-02-21,P011,Bath Soap 4 Pack,Personal Care,65,147
2025-02-22,P011,Bath Soap 4 Pack,Personal Care,70,138
2025-02-23,P011,Bath Soap 4 Pack,Personal Care,62,185
2025-02-24,P011,Bath Soap 4 Pack,Personal Care,62,161
2025-02-25,P011,Bath Soap 4 Pack,Personal Care,61,132
2025-02-26,P011,Bath Soap 4 Pack,Personal Care,67,131
2025-02-27,P011,Bath Soap 4 Pack,Personal Care,79,164
2025-02-28,P011,Bath Soap 4 Pack,Personal Care,66,160
2025-03-01,P011,Bath Soap 4 Pack,Personal Care,80,188
2025-03-02,P011,Bath Soap 4 Pack,Personal Care,68,155
2025-03-03,P011,Bath Soap 4 Pack,Personal Care,63,179
2025-03-04,P011,Bath Soap 4 Pack,Personal Care,53,181
2025-03-05,P011,Bath Soap 4 Pack,Personal Care,71,149
2025-03-06,P011,Bath Soap 4 Pack,Personal Care,75,163
2025-03-07,P011,Bath Soap 4 Pack,Personal Care,64,153
2025-03-08,P011,Bath Soap 4 Pack,Personal Care,73,161
2025-03-09,P011,Bath Soap 4 Pack,Personal Care,65,152
2025-03-10,P011,Bath Soap 4 Pack,Personal Care,62,174
2025-03-11,P011,Bath Soap 4 Pack,Personal Care,73,164
2025-03-12,P011,Bath Soap 4 Pack,Personal Care,82,171
2025-03-13,P011,Bath Soap 4 Pack,Personal Care,98,177
2025-03-14,P011,Bath Soap 4 Pack,Personal Care,71,143
2025-03-15,P011,Bath Soap 4 Pack,Personal Care,67,152
2025-03-16,P011,Bath Soap 4 Pack,Personal Care,65,146
2025-03-17,P011,Bath Soap 4 Pack,Personal Care,64,136
2025-03-18,P011,Bath Soap 4 Pack,Personal Care,55,155
2025-03-19,P011,Bath Soap 4 Pack,Personal Care,68,138
2025-03-20,P011,Bath Soap 4 Pack,Personal Care,72,146
2025-03-21,P011,Bath Soap 4 Pack,Personal Care,71,148
2025-03-22,P011,Bath Soap 4 Pack,Personal Care,64,157
2025-03-23,P011,Bath Soap 4 Pack,Personal Care,68,181
2025-03-24,P011,Bath Soap 4 Pack,Personal Care,58,161
2025-03-25,P011,Bath Soap 4 Pack,Personal Care,64,165
2025-03-26,P011,Bath Soap 4 Pack,Personal Care,76,178
2025-03-27,P011,Bath Soap 4 Pack,Personal Care,62,154
2025-03-28,P011,Bath Soap 4 Pack,Personal Care,73,157
2025-03-29,P011,Bath Soap 4 Pack,Personal Care,61,137
2025-03-30,P011,Bath Soap 4 Pack,Personal Care,66,146
2025-03-31,P011,Bath Soap 4 Pack,Personal Care,47,171
2025-04-01,P011,Bath Soap 4 Pack,Personal Care,68,156
2025-04-02,P011,Bath Soap 4 Pack,Personal Care,66,156
2025-04-03,P011,Bath Soap 4 Pack,Personal Care,85,132
2025-04-04,P011,Bath Soap 4 Pack,Personal Care,59,148
2025-04-05,P011,Bath Soap 4 Pack,Personal Care,67,150
2025-04-06,P011,Bath Soap 4 Pack,Personal Care,64,175
2025-04-07,P011,Bath Soap 4 Pack,Personal Care,58,166
2025-04-08,P011,Bath Soap 4 Pack,Personal Care,66,158
2025-04-09,P011,Bath Soap 4 Pack,Personal Care,63,141
2025-04-10,P011,Bath Soap 4 Pack,Personal Care,65,155
2025-04-11,P011,Bath Soap 4 Pack,Personal Care,72,135
2025-04-12,P011,Bath Soap 4 Pack,Personal Care,67,144
2025-04-13,P011,Bath Soap 4 Pack,Personal Care,54,148
2025-04-14,P011,Bath Soap 4 Pack,Personal Care,50,167
2025-04-15,P011,Bath Soap 4 Pack,Personal Care,63,170
2025-04-16,P011,Bath Soap 4 Pack,Personal Care,69,151
2025-04-17,P011,Bath Soap 4 Pack,Personal Care,89,132
2025-04-18,P011,Bath Soap 4 Pack,Personal Care,79,184
2025-04-19,P011,Bath Soap 4 Pack,Personal Care,72,152
2025-04-20,P011,Bath Soap 4 Pack,Personal Care,69,152
2025-04-21,P011,Bath Soap 4 Pack,Personal Care,52,151
2025-04-22,P011,Bath Soap 4 Pack,Personal Care,61,143
2025-04-23,P011,Bath Soap 4 Pack,Personal Care,81,145
2025-04-24,P011,Bath Soap 4 Pack,Personal Care,75,135
2025-04-25,P011,Bath Soap 4 Pack,Personal Care,70,139
2025-04-26,P011,Bath Soap 4 Pack,Personal Care,59,156
2025-04-27,P011,Bath Soap 4 Pack,Personal Care,67,164
2025-04-28,P011,Bath Soap 4 Pack,Personal Care,59,155
2025-04-29,P011,Bath Soap 4 Pack,Personal Care,62,170
2025-04-30,P011,Bath Soap 4 Pack,Personal Care,68,171
2025-05-01,P011,Bath Soap 4 Pack,Personal Care,84,144
2025-05-02,P011,Bath Soap 4 Pack,Personal Care,65,149
2025-05-03,P011,Bath Soap 4 Pack,Personal Care,57,150
2025-05-04,P011,Bath Soap 4 Pack,Personal Care,68,141
2025-05-05,P011,Bath Soap 4 Pack,Personal Care,64,151
2025-05-06,P011,Bath Soap 4 Pack,Personal Care,78,147
2025-05-07,P011,Bath Soap 4 Pack,Personal Care,72,143
2025-05-08,P011,Bath Soap 4 Pack,Personal Care,70,179
2025-05-09,P011,Bath Soap 4 Pack,Personal Care,74,174
2025-05-10,P011,Bath Soap 4 Pack,Personal Care,58,168
2025-05-11,P011,Bath Soap 4 Pack,Personal Care,55,136
2025-05-12,P011,Bath Soap 4 Pack,Personal Care,58,161
2025-05-13,P011,Bath Soap 4 Pack,Personal Care,65,169
2025-05-14,P011,Bath Soap 4 Pack,Personal Care,80,181
2025-05-15,P011,Bath Soap 4 Pack,Personal Care,67,181
2025-05-16,P011,Bath Soap 4 Pack,Personal Care,84,152
2025-05-17,P011,Bath Soap 4 Pack,Personal Care,56,136
2025-05-18,P011,Bath Soap 4 Pack,Personal Care,58,189
2025-05-19,P011,Bath Soap 4 Pack,Personal Care,57,148
2025-05-20,P011,Bath Soap 4 Pack,Personal Care,61,137
2025-05-21,P011,Bath Soap 4 Pack,Personal Care,80,156
2025-05-22,P011,Bath Soap 4 Pack,Personal Care,92,167
2025-05-23,P011,Bath Soap 4 Pack,Personal Care,77,154
2025-05-24,P011,Bath Soap 4 Pack,Personal Care,61,144
2025-05-25,P011,Bath Soap 4 Pack,Personal Care,53,172
2025-05-26,P011,Bath Soap 4 Pack,Personal Care,55,173
2025-05-27,P011,Bath Soap 4 Pack,Personal Care,67,153
2025-05-28,P011,Bath Soap 4 Pack,Personal Care,66,162
2025-05-29,P011,Bath Soap 4 Pack,Personal Care,75,172
2025-05-30,P011,Bath Soap 4 Pack,Personal Care,67,167
2025-05-31,P011,Bath Soap 4 Pack,Personal Care,80,162
2025-06-01,P011,Bath Soap 4 Pack,Personal Care,67,167
2025-06-02,P011,Bath Soap 4 Pack,Personal Care,69,163
2025-06-03,P011,Bath Soap 4 Pack,Personal Care,71,157
2025-06-04,P011,Bath Soap 4 Pack,Personal Care,69,138
2025-06-05,P011,Bath Soap 4 Pack,Personal Care,88,142
2025-06-06,P011,Bath Soap 4 Pack,Personal Care,78,164
2025-06-07,P011,Bath Soap 4 Pack,Personal Care,76,149
2025-06-08,P011,Bath Soap 4 Pack,Personal Care,58,163
2025-06-09,P011,Bath Soap 4 Pack,Personal Care,57,138
2025-06-10,P011,Bath Soap 4 Pack,Personal Care,80,145
2025-06-11,P011,Bath Soap 4 Pack,Personal Care,69,154
2025-06-12,P011,Bath Soap 4 Pack,Personal Care,89,123
2025-06-13,P011,Bath Soap 4 Pack,Personal Care,82,143
2025-06-14,P011,Bath Soap 4 Pack,Personal Care,72,147
2025-06-15,P011,Bath Soap 4 Pack,Personal Care,76,159
2025-06-16,P011,Bath Soap 4 Pack,Personal Care,55,153
2025-06-17,P011,Bath Soap 4 Pack,Personal Care,69,160
2025-06-18,P011,Bath Soap 4 Pack,Personal Care,81,157
2025-06-19,P011,Bath Soap 4 Pack,Personal Care,69,152
2025-06-20,P011,Bath Soap 4 Pack,Personal Care,79,147
2025-06-21,P011,Bath Soap 4 Pack,Personal Care,76,158
2025-06-22,P011,Bath Soap 4 Pack,Personal Care,63,176
2025-06-23,P011,Bath Soap 4 Pack,Personal Care,50,147
2025-06-24,P011,Bath Soap 4 Pack,Personal Care,78,186
2025-06-25,P011,Bath Soap 4 Pack,Personal Care,96,158
2025-06-26,P011,Bath Soap 4 Pack,Personal Care,85,170
2025-06-27,P011,Bath Soap 4 Pack,Personal Care,85,162
2025-06-28,P011,Bath Soap 4 Pack,Personal Care,79,165
2025-06-29,P011,Bath Soap 4 Pack,Personal Care,69,143
2025-06-30,P011,Bath Soap 4 Pack,Personal Care,59,149
2025-07-01,P011,Bath Soap 4 Pack,Personal Care,62,131
2025-07-02,P011,Bath Soap 4 Pack,Personal Care,76,153
2025-07-03,P011,Bath Soap 4 Pack,Personal Care,83,166
2025-07-04,P011,Bath Soap 4 Pack,Personal Care,78,153
2025-07-05,P011,Bath Soap 4 Pack,Personal Care,67,171
2025-07-06,P011,Bath Soap 4 Pack,Personal Care,66,151
2025-07-07,P011,Bath Soap 4 Pack,Personal Care,61,146
2025-07-08,P011,Bath Soap 4 Pack,Personal Care,68,149
2025-07-09,P011,Bath Soap 4 Pack,Personal Care,78,168
2025-07-10,P011,Bath Soap 4 Pack,Personal Care,87,182
2025-07-11,P011,Bath Soap 4 Pack,Personal Care,88,188
2025-07-12,P011,Bath Soap 4 Pack,Personal Care,79,166
2025-07-13,P011,Bath Soap 4 Pack,Personal Care,64,171
2025-07-14,P011,Bath Soap 4 Pack,Personal Care,59,134
2025-07-15,P011,Bath Soap 4 Pack,Personal Care,84,138
2025-07-16,P011,Bath Soap 4 Pack,Personal Care,86,144
2025-07-17,P011,Bath Soap 4 Pack,Personal Care,95,177
2025-07-18,P011,Bath Soap 4 Pack,Personal Care,84,177
2025-07-19,P011,Bath Soap 4 Pack,Personal Care,76,193
2025-07-20,P011,Bath Soap 4 Pack,Personal Care,74,143
2025-07-21,P011,Bath Soap 4 Pack,Personal Care,65,155
2025-07-22,P011,Bath Soap 4 Pack,Personal Care,72,131
2025-07-23,P011,Bath Soap 4 Pack,Personal Care,87,136
2025-07-24,P011,Bath Soap 4 Pack,Personal Care,65,152
2025-07-25,P011,Bath Soap 4 Pack,Personal Care,75,144
2025-07-26,P011,Bath Soap 4 Pack,Personal Care,53,144
2025-07-27,P011,Bath Soap 4 Pack,Personal Care,69,148
2025-07-28,P011,Bath Soap 4 Pack,Personal Care,68,179
2025-07-29,P011,Bath Soap 4 Pack,Personal Care,79,174
2025-07-30,P011,Bath Soap 4 Pack,Personal Care,94,141
2025-07-31,P011,Bath Soap 4 Pack,Personal Care,92,173
2025-08-01,P011,Bath Soap 4 Pack,Personal Care,78,145
2025-08-02,P011,Bath Soap 4 Pack,Personal Care,83,134
2025-08-03,P011,Bath Soap 4 Pack,Personal Care,63,147
2025-08-04,P011,Bath Soap 4 Pack,Personal Care,70,161
2025-08-05,P011,Bath Soap 4 Pack,Personal Care,84,143
2025-08-06,P011,Bath Soap 4 Pack,Personal Care,78,166
2025-08-07,P011,Bath Soap 4 Pack,Personal Care,82,148
2025-08-08,P011,Bath Soap 4 Pack,Personal Care,68,162
2025-08-09,P011,Bath Soap 4 Pack,Personal Care,92,141
2025-08-10,P011,Bath Soap 4 Pack,Personal Care,80,157
2025-08-11,P011,Bath Soap 4 Pack,Personal Care,56,143
2025-08-12,P011,Bath Soap 4 Pack,Personal Care,70,153
2025-08-13,P011,Bath Soap 4 Pack,Personal Care,91,187
2025-08-14,P011,Bath Soap 4 Pack,Personal Care,78,150
2025-08-15,P011,Bath Soap 4 Pack,Personal Care,77,138
2025-08-16,P011,Bath Soap 4 Pack,Personal Care,82,158
2025-08-17,P011,Bath Soap 4 Pack,Personal Care,60,158
2025-08-18,P011,Bath Soap 4 Pack,Personal Care,61,158
2025-08-19,P011,Bath Soap 4 Pack,Personal Care,89,165
2025-08-20,P011,Bath Soap 4 Pack,Personal Care,91,149
2025-08-21,P011,Bath Soap 4 Pack,Personal Care,93,166
2025-08-22,P011,Bath Soap 4 Pack,Personal Care,90,156
2025-08-23,P011,Bath Soap 4 Pack,Personal Care,84,137
2025-08-24,P011,Bath Soap 4 Pack,Personal Care,69,169
2025-08-25,P011,Bath Soap 4 Pack,Personal Care,76,159
2025-08-26,P011,Bath Soap 4 Pack,Personal Care,92,166
2025-08-27,P011,Bath Soap 4 Pack,Personal Care,88,138
2025-08-28,P011,Bath Soap 4 Pack,Personal Care,107,170
2025-08-29,P011,Bath Soap 4 Pack,Personal Care,103,192
2025-08-30,P011,Bath Soap 4 Pack,Personal Care,73,137
2025-08-31,P011,Bath Soap 4 Pack,Personal Care,54,172
2025-09-01,P011,Bath Soap 4 Pack,Personal Care,75,159
2025-09-02,P011,Bath Soap 4 Pack,Personal Care,71,156
2025-09-03,P011,Bath Soap 4 Pack,Personal Care,93,170
2025-09-04,P011,Bath Soap 4 Pack,Personal Care,97,168
2025-09-05,P011,Bath Soap 4 Pack,Personal Care,87,176
2025-09-06,P011,Bath Soap 4 Pack,Personal Care,90,139
2025-09-07,P011,Bath Soap 4 Pack,Personal Care,87,177
2025-09-08,P011,Bath Soap 4 Pack,Personal Care,75,162
2025-09-09,P011,Bath Soap 4 Pack,Personal Care,95,132
2025-09-10,P011,Bath Soap 4 Pack,Personal Care,104,150
2025-09-11,P011,Bath Soap 4 Pack,Personal Care,107,159
2025-09-12,P011,Bath Soap 4 Pack,Personal Care,78,150
2025-09-13,P011,Bath Soap 4 Pack,Personal Care,95,154
2025-09-14,P011,Bath Soap 4 Pack,Personal Care,73,148
2025-09-15,P011,Bath Soap 4 Pack,Personal Care,77,185
2025-09-16,P011,Bath Soap 4 Pack,Personal Care,65,202
2025-09-17,P011,Bath Soap 4 Pack,Personal Care,96,167
2025-09-18,P011,Bath Soap 4 Pack,Personal Care,93,157
2025-09-19,P011,Bath Soap 4 Pack,Personal Care,92,141
2025-09-20,P011,Bath Soap 4 Pack,Personal Care,80,176
2025-09-21,P011,Bath Soap 4 Pack,Personal Care,66,164
2025-09-22,P011,Bath Soap 4 Pack,Personal Care,71,142
2025-09-23,P011,Bath Soap 4 Pack,Personal Care,100,142
2025-09-24,P011,Bath Soap 4 Pack,Personal Care,84,155
2025-09-25,P011,Bath Soap 4 Pack,Personal Care,91,158
2025-09-26,P011,Bath Soap 4 Pack,Personal Care,93,161
2025-09-27,P011,Bath Soap 4 Pack,Personal Care,87,146
2025-09-28,P011,Bath Soap 4 Pack,Personal Care,84,156
2025-09-29,P011,Bath Soap 4 Pack,Personal Care,70,181
2025-09-30,P011,Bath Soap 4 Pack,Personal Care,83,175
2025-10-01,P011,Bath Soap 4 Pack,Personal Care,131,178
2025-10-02,P011,Bath Soap 4 Pack,Personal Care,129,157
2025-10-03,P011,Bath Soap 4 Pack,Personal Care,112,154
2025-10-04,P011,Bath Soap 4 Pack,Personal Care,84,169
2025-10-05,P011,Bath Soap 4 Pack,Personal Care,100,171
2025-10-06,P011,Bath Soap 4 Pack,Personal Care,90,168
2025-10-07,P011,Bath Soap 4 Pack,Personal Care,89,139
2025-10-08,P011,Bath Soap 4 Pack,Personal Care,88,155
2025-10-09,P011,Bath Soap 4 Pack,Personal Care,112,143
2025-10-10,P011,Bath Soap 4 Pack,Personal Care,117,151
2025-10-11,P011,Bath Soap 4 Pack,Personal Care,93,198
2025-10-12,P011,Bath Soap 4 Pack,Personal Care,98,140
2025-10-13,P011,Bath Soap 4 Pack,Personal Care,85,155
2025-10-14,P011,Bath Soap 4 Pack,Personal Care,103,178
2025-10-15,P011,Bath Soap 4 Pack,Personal Care,117,187
2025-10-16,P011,Bath Soap 4 Pack,Personal Care,117,164
2025-10-17,P011,Bath Soap 4 Pack,Personal Care,125,176
2025-10-18,P011,Bath Soap 4 Pack,Personal Care,123,153
2025-10-19,P011,Bath Soap 4 Pack,Personal Care,98,118
2025-10-20,P011,Bath Soap 4 Pack,Personal Care,90,175
2025-10-21,P011,Bath Soap 4 Pack,Personal Care,114,156
2025-10-22,P011,Bath Soap 4 Pack,Personal Care,139,151
2025-10-23,P011,Bath Soap 4 Pack,Personal Care,114,150
2025-10-24,P011,Bath Soap 4 Pack,Personal Care,101,167
2025-10-25,P011,Bath Soap 4 Pack,Personal Care,113,167
2025-10-26,P011,Bath Soap 4 Pack,Personal Care,95,157
2025-10-27,P011,Bath Soap 4 Pack,Personal Care,72,163
2025-10-28,P011,Bath Soap 4 Pack,Personal Care,106,140
2025-10-29,P011,Bath Soap 4 Pack,Personal Care,118,153
2025-10-30,P011,Bath Soap 4 Pack,Personal Care,145,141
2025-10-31,P011,Bath Soap 4 Pack,Personal Care,118,140
2025-11-01,P011,Bath Soap 4 Pack,Personal Care,104,162
2025-11-02,P011,Bath Soap 4 Pack,Personal Care,97,157
2025-11-03,P011,Bath Soap 4 Pack,Personal Care,95,150
2025-11-04,P011,Bath Soap 4 Pack,Personal Care,115,153
2025-11-05,P011,Bath Soap 4 Pack,Personal Care,118,163
2025-11-06,P011,Bath Soap 4 Pack,Personal Care,126,168
2025-11-07,P011,Bath Soap 4 Pack,Personal Care,118,165
2025-11-08,P011,Bath Soap 4 Pack,Personal Care,106,141
2025-11-09,P011,Bath Soap 4 Pack,Personal Care,85,131
2025-11-10,P011,Bath Soap 4 Pack,Personal Care,109,123
2025-11-11,P011,Bath Soap 4 Pack,Personal Care,118,145
2025-11-12,P011,Bath Soap 4 Pack,Personal Care,133,123
2025-11-13,P011,Bath Soap 4 Pack,Personal Care,120,180
2025-11-14,P011,Bath Soap 4 Pack,Personal Care,123,152
2025-11-15,P011,Bath Soap 4 Pack,Personal Care,88,137
2025-11-16,P011,Bath Soap 4 Pack,Personal Care,113,152
2025-11-17,P011,Bath Soap 4 Pack,Personal Care,92,162
2025-11-18,P011,Bath Soap 4 Pack,Personal Care,91,164
2025-11-19,P011,Bath Soap 4 Pack,Personal Care,114,162
2025-11-20,P011,Bath Soap 4 Pack,Personal Care,116,133
2025-11-21,P011,Bath Soap 4 Pack,Personal Care,109,168
2025-11-22,P011,Bath Soap 4 Pack,Personal Care,114,158
2025-11-23,P011,Bath Soap 4 Pack,Personal Care,107,154
2025-11-24,P011,Bath Soap 4 Pack,Personal Care,93,150
2025-11-25,P011,Bath Soap 4 Pack,Personal Care,115,162
2025-11-26,P011,Bath Soap 4 Pack,Personal Care,112,134
2025-11-27,P011,Bath Soap 4 Pack,Personal Care,136,146
2025-11-28,P011,Bath Soap 4 Pack,Personal Care,115,195
2025-11-29,P011,Bath Soap 4 Pack,Personal Care,118,183
2025-11-30,P011,Bath Soap 4 Pack,Personal Care,93,174
2025-12-01,P011,Bath Soap 4 Pack,Personal Care,75,163
2025-12-02,P011,Bath Soap 4 Pack,Personal Care,103,153
2025-12-03,P011,Bath Soap 4 Pack,Personal Care,97,143
2025-12-04,P011,Bath Soap 4 Pack,Personal Care,109,149
2025-12-05,P011,Bath Soap 4 Pack,Personal Care,102,132
2025-12-06,P011,Bath Soap 4 Pack,Personal Care,94,147
2025-12-07,P011,Bath Soap 4 Pack,Personal Care,86,157
2025-12-08,P011,Bath Soap 4 Pack,Personal Care,71,151
2025-12-09,P011,Bath Soap 4 Pack,Personal Care,78,171
2025-12-10,P011,Bath Soap 4 Pack,Personal Care,86,153
2025-12-11,P011,Bath Soap 4 Pack,Personal Care,103,183
2025-12-12,P011,Bath Soap 4 Pack,Personal Care,92,154
2025-12-13,P011,Bath Soap 4 Pack,Personal Care,91,125
2025-12-14,P011,Bath Soap 4 Pack,Personal Care,70,152
2025-12-15,P011,Bath Soap 4 Pack,Personal Care,69,132
2025-12-16,P011,Bath Soap 4 Pack,Personal Care,92,162
2025-12-17,P011,Bath Soap 4 Pack,Personal Care,97,147
2025-12-18,P011,Bath Soap 4 Pack,Personal Care,99,166
2025-12-19,P011,Bath Soap 4 Pack,Personal Care,89,165
2025-12-20,P011,Bath Soap 4 Pack,Personal Care,81,159
2025-12-21,P011,Bath Soap 4 Pack,Personal Care,88,177
2025-12-22,P011,Bath Soap 4 Pack,Personal Care,83,162
2025-12-23,P011,Bath Soap 4 Pack,Personal Care,84,150
2025-12-24,P011,Bath Soap 4 Pack,Personal Care,77,136
2025-12-25,P011,Bath Soap 4 Pack,Personal Care,96,156
2025-12-26,P011,Bath Soap 4 Pack,Personal Care,103,178
2025-12-27,P011,Bath Soap 4 Pack,Personal Care,81,170
2025-12-28,P011,Bath Soap 4 Pack,Personal Care,74,168
2025-12-29,P011,Bath Soap 4 Pack,Personal Care,79,177
2025-12-30,P011,Bath Soap 4 Pack,Personal Care,79,173
2025-12-31,P011,Bath Soap 4 Pack,Personal Care,76,178
2024-01-01,P012,Shampoo 650ml,Personal Care,44,78
2024-01-02,P012,Shampoo 650ml,Personal Care,37,111
2024-01-03,P012,Shampoo 650ml,Personal Care,35,104
2024-01-04,P012,Shampoo 650ml,Personal Care,41,108
2024-01-05,P012,Shampoo 650ml,Personal Care,48,88
2024-01-06,P012,Shampoo 650ml,Personal Care,56,113
2024-01-07,P012,Shampoo 650ml,Personal Care,57,96
2024-01-08,P012,Shampoo 650ml,Personal Care,53,109
2024-01-09,P012,Shampoo 650ml,Personal Care,41,101
2024-01-10,P012,Shampoo 650ml,Personal Care,40,105
2024-01-11,P012,Shampoo 650ml,Personal Care,32,101
2024-01-12,P012,Shampoo 650ml,Personal Care,46,93
2024-01-13,P012,Shampoo 650ml,Personal Care,55,82
2024-01-14,P012,Shampoo 650ml,Personal Care,44,110
2024-01-15,P012,Shampoo 650ml,Personal Care,46,74
2024-01-16,P012,Shampoo 650ml,Personal Care,36,106
2024-01-17,P012,Shampoo 650ml,Personal Care,36,110
2024-01-18,P012,Shampoo 650ml,Personal Care,45,84
2024-01-19,P012,Shampoo 650ml,Personal Care,46,93
2024-01-20,P012,Shampoo 650ml,Personal Care,48,83
2024-01-21,P012,Shampoo 650ml,Personal Care,50,91
2024-01-22,P012,Shampoo 650ml,Personal Care,45,108
2024-01-23,P012,Shampoo 650ml,Personal Care,40,105
2024-01-24,P012,Shampoo 650ml,Personal Care,36,103
2024-01-25,P012,Shampoo 650ml,Personal Care,40,93
2024-01-26,P012,Shampoo 650ml,Personal Care,56,75
2024-01-27,P012,Shampoo 650ml,Personal Care,45,101
2024-01-28,P012,Shampoo 650ml,Personal Care,52,83
2024-01-29,P012,Shampoo 650ml,Personal Care,39,88
2024-01-30,P012,Shampoo 650ml,Personal Care,41,109
2024-01-31,P012,Shampoo 650ml,Personal Care,43,82
2024-02-01,P012,Shampoo 650ml,Personal Care,35,84
2024-02-02,P012,Shampoo 650ml,Personal Care,53,102
2024-02-03,P012,Shampoo 650ml,Personal Care,56,100
2024-02-04,P012,Shampoo 650ml,Personal Care,53,87
2024-02-05,P012,Shampoo 650ml,Personal Care,45,96
2024-02-06,P012,Shampoo 650ml,Personal Care,33,103
2024-02-07,P012,Shampoo 650ml,Personal Care,35,100
2024-02-08,P012,Shampoo 650ml,Personal Care,40,106
2024-02-09,P012,Shampoo 650ml,Personal Care,47,89
2024-02-10,P012,Shampoo 650ml,Personal Care,57,101
2024-02-11,P012,Shampoo 650ml,Personal Care,56,108
2024-02-12,P012,Shampoo 650ml,Personal Care,40,104
2024-02-13,P012,Shampoo 650ml,Personal Care,31,96
2024-02-14,P012,Shampoo 650ml,Personal Care,35,112
2024-02-15,P012,Shampoo 650ml,Personal Care,39,103
2024-02-16,P012,Shampoo 650ml,Personal Care,38,94
2024-02-17,P012,Shampoo 650ml,Personal Care,50,122
2024-02-18,P012,Shampoo 650ml,Personal Care,49,98
2024-02-19,P012,Shampoo 650ml,Personal Care,43,82
2024-02-20,P012,Shampoo 650ml,Personal Care,35,101
2024-02-21,P012,Shampoo 650ml,Personal Care,36,75
2024-02-22,P012,Shampoo 650ml,Personal Care,37,107
2024-02-23,P012,Shampoo 650ml,Personal Care,48,109
2024-02-24,P012,Shampoo 650ml,Personal Care,49,110
2024-02-25,P012,Shampoo 650ml,Personal Care,52,113
2024-02-26,P012,Shampoo 650ml,Personal Care,42,78
2024-02-27,P012,Shampoo 650ml,Personal Care,40,93
2024-02-28,P012,Shampoo 650ml,Personal Care,34,83
2024-02-29,P012,Shampoo 650ml,Personal Care,46,92
2024-03-01,P012,Shampoo 650ml,Personal Care,52,93
2024-03-02,P012,Shampoo 650ml,Personal Care,49,110
2024-03-03,P012,Shampoo 650ml,Personal Care,52,97
2024-03-04,P012,Shampoo 650ml,Personal Care,37,93
2024-03-05,P012,Shampoo 650ml,Personal Care,38,85
2024-03-06,P012,Shampoo 650ml,Personal Care,33,93
2024-03-07,P012,Shampoo 650ml,Personal Care,39,112
2024-03-08,P012,Shampoo 650ml,Personal Care,43,91
2024-03-09,P012,Shampoo 650ml,Personal Care,68,93
2024-03-10,P012,Shampoo 650ml,Personal Care,50,94
2024-03-11,P012,Shampoo 650ml,Personal Care,40,98
2024-03-12,P012,Shampoo 650ml,Personal Care,40,101
2024-03-13,P012,Shampoo 650ml,Personal Care,39,108
2024-03-14,P012,Shampoo 650ml,Personal Care,39,101
2024-03-15,P012,Shampoo 650ml,Personal Care,49,87
2024-03-16,P012,Shampoo 650ml,Personal Care,66,93
2024-03-17,P012,Shampoo 650ml,Personal Care,49,86
2024-03-18,P012,Shampoo 650ml,Personal Care,36,107
2024-03-19,P012,Shampoo 650ml,Personal Care,44,92
2024-03-20,P012,Shampoo 650ml,Personal Care,36,100
2024-03-21,P012,Shampoo 650ml,Personal Care,42,119
2024-03-22,P012,Shampoo 650ml,Personal Care,50,95
2024-03-23,P012,Shampoo 650ml,Personal Care,55,104
2024-03-24,P012,Shampoo 650ml,Personal Care,50,87
2024-03-25,P012,Shampoo 650ml,Personal Care,37,109
2024-03-26,P012,Shampoo 650ml,Personal Care,40,95
2024-03-27,P012,Shampoo 650ml,Personal Care,35,109
2024-03-28,P012,Shampoo 650ml,Personal Care,31,93
2024-03-29,P012,Shampoo 650ml,Personal Care,52,100
2024-03-30,P012,Shampoo 650ml,Personal Care,45,99
2024-03-31,P012,Shampoo 650ml,Personal Care,55,73
2024-04-01,P012,Shampoo 650ml,Personal Care,41,94
2024-04-02,P012,Shampoo 650ml,Personal Care,29,98
2024-04-03,P012,Shampoo 650ml,Personal Care,33,97
2024-04-04,P012,Shampoo 650ml,Personal Care,36,88
2024-04-05,P012,Shampoo 650ml,Personal Care,37,91
2024-04-06,P012,Shampoo 650ml,Personal Care,55,100
2024-04-07,P012,Shampoo 650ml,Personal Care,49,87
2024-04-08,P012,Shampoo 650ml,Personal Care,38,105
2024-04-09,P012,Shampoo 650ml,Personal Care,36,93
2024-04-10,P012,Shampoo 650ml,Personal Care,25,91
2024-04-11,P012,Shampoo 650ml,Personal Care,35,89
2024-04-12,P012,Shampoo 650ml,Personal Care,40,105
2024-04-13,P012,Shampoo 650ml,Personal Care,50,107
2024-04-14,P012,Shampoo 650ml,Personal Care,41,95
2024-04-15,P012,Shampoo 650ml,Personal Care,31,93
2024-04-16,P012,Shampoo 650ml,Personal Care,31,110
2024-04-17,P012,Shampoo 650ml,Personal Care,34,107
2024-04-18,P012,Shampoo 650ml,Personal Care,35,88
2024-04-19,P012,Shampoo 650ml,Personal Care,37,100
2024-04-20,P012,Shampoo 650ml,Personal Care,58,102
2024-04-21,P012,Shampoo 650ml,Personal Care,46,96
2024-04-22,P012,Shampoo 650ml,Personal Care,38,117
2024-04-23,P012,Shampoo 650ml,Personal Care,38,100
2024-04-24,P012,Shampoo 650ml,Personal Care,33,100
2024-04-25,P012,Shampoo 650ml,Personal Care,38,93
2024-04-26,P012,Shampoo 650ml,Personal Care,38,108
2024-04-27,P012,Shampoo 650ml,Personal Care,49,107
2024-04-28,P012,Shampoo 650ml,Personal Care,55,103
2024-04-29,P012,Shampoo 650ml,Personal Care,40,129
2024-04-30,P012,Shampoo 650ml,Personal Care,34,87
2024-05-01,P012,Shampoo 650ml,Personal Care,31,113
2024-05-02,P012,Shampoo 650ml,Personal Care,31,90
2024-05-03,P012,Shampoo 650ml,Personal Care,45,95
2024-05-04,P012,Shampoo 650ml,Personal Care,48,108
2024-05-05,P012,Shampoo 650ml,Personal Care,44,83
2024-05-06,P012,Shampoo 650ml,Personal Care,33,103
2024-05-07,P012,Shampoo 650ml,Personal Care,34,91
2024-05-08,P012,Shampoo 650ml,Personal Care,28,95
2024-05-09,P012,Shampoo 650ml,Personal Care,39,89
2024-05-10,P012,Shampoo 650ml,Personal Care,38,86
2024-05-11,P012,Shampoo 650ml,Personal Care,46,101
2024-05-12,P012,Shampoo 650ml,Personal Care,56,100
2024-05-13,P012,Shampoo 650ml,Personal Care,37,106
2024-05-14,P012,Shampoo 650ml,Personal Care,35,92
2024-05-15,P012,Shampoo 650ml,Personal Care,39,97
2024-05-16,P012,Shampoo 650ml,Personal Care,36,103
2024-05-17,P012,Shampoo 650ml,Personal Care,41,112
2024-05-18,P012,Shampoo 650ml,Personal Care,45,105
2024-05-19,P012,Shampoo 650ml,Personal Care,47,107
2024-05-20,P012,Shampoo 650ml,Personal Care,36,94
2024-05-21,P012,Shampoo 650ml,Personal Care,35,101
2024-05-22,P012,Shampoo 650ml,Personal Care,29,111
2024-05-23,P012,Shampoo 650ml,Personal Care,37,97
2024-05-24,P012,Shampoo 650ml,Personal Care,38,101
2024-05-25,P012,Shampoo 650ml,Personal Care,50,82
2024-05-26,P012,Shampoo 650ml,Personal Care,47,104
2024-05-27,P012,Shampoo 650ml,Personal Care,28,99
2024-05-28,P012,Shampoo 650ml,Personal Care,34,103
2024-05-29,P012,Shampoo 650ml,Personal Care,34,94
2024-05-30,P012,Shampoo 650ml,Personal Care,31,80
2024-05-31,P012,Shampoo 650ml,Personal Care,44,104
2024-06-01,P012,Shampoo 650ml,Personal Care,52,90
2024-06-02,P012,Shampoo 650ml,Personal Care,49,83
2024-06-03,P012,Shampoo 650ml,Personal Care,33,99
2024-06-04,P012,Shampoo 650ml,Personal Care,34,114
2024-06-05,P012,Shampoo 650ml,Personal Care,30,89
2024-06-06,P012,Shampoo 650ml,Personal Care,31,91
2024-06-07,P012,Shampoo 650ml,Personal Care,48,105
2024-06-08,P012,Shampoo 650ml,Personal Care,52,95
2024-06-09,P012,Shampoo 650ml,Personal Care,45,104
2024-06-10,P012,Shampoo 650ml,Personal Care,35,95
2024-06-11,P012,Shampoo 650ml,Personal Care,30,93
2024-06-12,P012,Shampoo 650ml,Personal Care,31,89
2024-06-13,P012,Shampoo 650ml,Personal Care,35,100
2024-06-14,P012,Shampoo 650ml,Personal Care,38,89
2024-06-15,P012,Shampoo 650ml,Personal Care,47,93
2024-06-16,P012,Shampoo 650ml,Personal Care,45,108
2024-06-17,P012,Shampoo 650ml,Personal Care,32,119
2024-06-18,P012,Shampoo 650ml,Personal Care,32,102
2024-06-19,P012,Shampoo 650ml,Personal Care,28,109
2024-06-20,P012,Shampoo 650ml,Personal Care,34,94
2024-06-21,P012,Shampoo 650ml,Personal Care,37,95
2024-06-22,P012,Shampoo 650ml,Personal Care,48,99
2024-06-23,P012,Shampoo 650ml,Personal Care,45,91
2024-06-24,P012,Shampoo 650ml,Personal Care,34,93
2024-06-25,P012,Shampoo 650ml,Personal Care,33,104
2024-06-26,P012,Shampoo 650ml,Personal Care,33,97
2024-06-27,P012,Shampoo 650ml,Personal Care,35,96
2024-06-28,P012,Shampoo 650ml,Personal Care,32,95
2024-06-29,P012,Shampoo 650ml,Personal Care,45,87
2024-06-30,P012,Shampoo 650ml,Personal Care,43,99
2024-07-01,P012,Shampoo 650ml,Personal Care,32,91
2024-07-02,P012,Shampoo 650ml,Personal Care,37,82
2024-07-03,P012,Shampoo 650ml,Personal Care,30,86
2024-07-04,P012,Shampoo 650ml,Personal Care,32,96
2024-07-05,P012,Shampoo 650ml,Personal Care,35,103
2024-07-06,P012,Shampoo 650ml,Personal Care,53,106
2024-07-07,P012,Shampoo 650ml,Personal Care,50,84
2024-07-08,P012,Shampoo 650ml,Personal Care,36,102
2024-07-09,P012,Shampoo 650ml,Personal Care,35,115
2024-07-10,P012,Shampoo 650ml,Personal Care,34,106
2024-07-11,P012,Shampoo 650ml,Personal Care,43,98
2024-07-12,P012,Shampoo 650ml,Personal Care,38,99
2024-07-13,P012,Shampoo 650ml,Personal Care,43,98
2024-07-14,P012,Shampoo 650ml,Personal Care,38,92
2024-07-15,P012,Shampoo 650ml,Personal Care,36,107
2024-07-16,P012,Shampoo 650ml,Personal Care,36,88
2024-07-17,P012,Shampoo 650ml,Personal Care,38,99
2024-07-18,P012,Shampoo 650ml,Personal Care,35,82
2024-07-19,P012,Shampoo 650ml,Personal Care,37,108
2024-07-20,P012,Shampoo 650ml,Personal Care,48,99
2024-07-21,P012,Shampoo 650ml,Personal Care,47,83
2024-07-22,P012,Shampoo 650ml,Personal Care,37,111
2024-07-23,P012,Shampoo 650ml,Personal Care,36,96
2024-07-24,P012,Shampoo 650ml,Personal Care,36,85
2024-07-25,P012,Shampoo 650ml,Personal Care,31,116
2024-07-26,P012,Shampoo 650ml,Personal Care,42,95
2024-07-27,P012,Shampoo 650ml,Personal Care,47,90
2024-07-28,P012,Shampoo 650ml,Personal Care,47,99
2024-07-29,P012,Shampoo 650ml,Personal Care,37,86
2024-07-30,P012,Shampoo 650ml,Personal Care,34,92
2024-07-31,P012,Shampoo 650ml,Personal Care,29,110
2024-08-01,P012,Shampoo 650ml,Personal Care,43,116
2024-08-02,P012,Shampoo 650ml,Personal Care,43,95
2024-08-03,P012,Shampoo 650ml,Personal Care,48,101
2024-08-04,P012,Shampoo 650ml,Personal Care,45,110
2024-08-05,P012,Shampoo 650ml,Personal Care,30,95
2024-08-06,P012,Shampoo 650ml,Personal Care,36,89
2024-08-07,P012,Shampoo 650ml,Personal Care,31,103
2024-08-08,P012,Shampoo 650ml,Personal Care,41,85
2024-08-09,P012,Shampoo 650ml,Personal Care,35,88
2024-08-10,P012,Shampoo 650ml,Personal Care,41,83
2024-08-11,P012,Shampoo 650ml,Personal Care,43,110
2024-08-12,P012,Shampoo 650ml,Personal Care,37,98
2024-08-13,P012,Shampoo 650ml,Personal Care,30,104
2024-08-14,P012,Shampoo 650ml,Personal Care,39,89
2024-08-15,P012,Shampoo 650ml,Personal Care,42,101
2024-08-16,P012,Shampoo 650ml,Personal Care,41,101
2024-08-17,P012,Shampoo 650ml,Personal Care,51,116
2024-08-18,P012,Shampoo 650ml,Personal Care,50,103
2024-08-19,P012,Shampoo 650ml,Personal Care,37,106
2024-08-20,P012,Shampoo 650ml,Personal Care,31,99
2024-08-21,P012,Shampoo 650ml,Personal Care,42,73
2024-08-22,P012,Shampoo 650ml,Personal Care,37,100
2024-08-23,P012,Shampoo 650ml,Personal Care,41,96
2024-08-24,P012,Shampoo 650ml,Personal Care,50,95
2024-08-25,P012,Shampoo 650ml,Personal Care,50,93
2024-08-26,P012,Shampoo 650ml,Personal Care,47,95
2024-08-27,P012,Shampoo 650ml,Personal Care,36,91
2024-08-28,P012,Shampoo 650ml,Personal Care,37,105
2024-08-29,P012,Shampoo 650ml,Personal Care,39,87
2024-08-30,P012,Shampoo 650ml,Personal Care,39,114
2024-08-31,P012,Shampoo 650ml,Personal Care,47,104
2024-09-01,P012,Shampoo 650ml,Personal Care,45,107
2024-09-02,P012,Shampoo 650ml,Personal Care,37,88
2024-09-03,P012,Shampoo 650ml,Personal Care,33,92
2024-09-04,P012,Shampoo 650ml,Personal Care,35,98
2024-09-05,P012,Shampoo 650ml,Personal Care,33,97
2024-09-06,P012,Shampoo 650ml,Personal Care,38,104
2024-09-07,P012,Shampoo 650ml,Personal Care,56,97
2024-09-08,P012,Shampoo 650ml,Personal Care,52,115
2024-09-09,P012,Shampoo 650ml,Personal Care,40,88
2024-09-10,P012,Shampoo 650ml,Personal Care,38,86
2024-09-11,P012,Shampoo 650ml,Personal Care,34,92
2024-09-12,P012,Shampoo 650ml,Personal Care,36,95
2024-09-13,P012,Shampoo 650ml,Personal Care,48,108
2024-09-14,P012,Shampoo 650ml,Personal Care,57,101
2024-09-15,P012,Shampoo 650ml,Personal Care,50,75
2024-09-16,P012,Shampoo 650ml,Personal Care,43,75
2024-09-17,P012,Shampoo 650ml,Personal Care,29,96
2024-09-18,P012,Shampoo 650ml,Personal Care,36,93
2024-09-19,P012,Shampoo 650ml,Personal Care,45,102
2024-09-20,P012,Shampoo 650ml,Personal Care,44,111
2024-09-21,P012,Shampoo 650ml,Personal Care,62,102
2024-09-22,P012,Shampoo 650ml,Personal Care,48,92
2024-09-23,P012,Shampoo 650ml,Personal Care,36,97
2024-09-24,P012,Shampoo 650ml,Personal Care,33,94
2024-09-25,P012,Shampoo 650ml,Personal Care,37,78
2024-09-26,P012,Shampoo 650ml,Personal Care,35,93
2024-09-27,P012,Shampoo 650ml,Personal Care,45,93
2024-09-28,P012,Shampoo 650ml,Personal Care,53,91
2024-09-29,P012,Shampoo 650ml,Personal Care,45,92
2024-09-30,P012,Shampoo 650ml,Personal Care,42,94
2024-10-01,P012,Shampoo 650ml,Personal Care,46,102
2024-10-02,P012,Shampoo 650ml,Personal Care,47,91
2024-10-03,P012,Shampoo 650ml,Personal Care,41,110
2024-10-04,P012,Shampoo 650ml,Personal Care,59,88
2024-10-05,P012,Shampoo 650ml,Personal Care,69,108
2024-10-06,P012,Shampoo 650ml,Personal Care,77,100
2024-10-07,P012,Shampoo 650ml,Personal Care,59,86
2024-10-08,P012,Shampoo 650ml,Personal Care,46,94
2024-10-09,P012,Shampoo 650ml,Personal Care,47,113
2024-10-10,P012,Shampoo 650ml,Personal Care,51,88
2024-10-11,P012,Shampoo 650ml,Personal Care,50,114
2024-10-12,P012,Shampoo 650ml,Personal Care,72,102
2024-10-13,P012,Shampoo 650ml,Personal Care,64,100
2024-10-14,P012,Shampoo 650ml,Personal Care,48,101
2024-10-15,P012,Shampoo 650ml,Personal Care,42,94
2024-10-16,P012,Shampoo 650ml,Personal Care,43,66
2024-10-17,P012,Shampoo 650ml,Personal Care,49,89
2024-10-18,P012,Shampoo 650ml,Personal Care,57,98
2024-10-19,P012,Shampoo 650ml,Personal Care,82,100
2024-10-20,P012,Shampoo 650ml,Personal Care,70,102
2024-10-21,P012,Shampoo 650ml,Personal Care,59,102
2024-10-22,P012,Shampoo 650ml,Personal Care,49,104
2024-10-23,P012,Shampoo 650ml,Personal Care,35,118
2024-10-24,P012,Shampoo 650ml,Personal Care,60,100
2024-10-25,P012,Shampoo 650ml,Personal Care,51,109
2024-10-26,P012,Shampoo 650ml,Personal Care,66,103
2024-10-27,P012,Shampoo 650ml,Personal Care,60,119
2024-10-28,P012,Shampoo 650ml,Personal Care,47,98
2024-10-29,P012,Shampoo 650ml,Personal Care,38,97
2024-10-30,P012,Shampoo 650ml,Personal Care,45,109
2024-10-31,P012,Shampoo 650ml,Personal Care,50,109
2024-11-01,P012,Shampoo 650ml,Personal Care,54,95
2024-11-02,P012,Shampoo 650ml,Personal Care,70,102
2024-11-03,P012,Shampoo 650ml,Personal Care,72,105
2024-11-04,P012,Shampoo 650ml,Personal Care,58,104
2024-11-05,P012,Shampoo 650ml,Personal Care,45,101
2024-11-06,P012,Shampoo 650ml,Personal Care,55,81
2024-11-07,P012,Shampoo 650ml,Personal Care,55,104
2024-11-08,P012,Shampoo 650ml,Personal Care,70,105
2024-11-09,P012,Shampoo 650ml,Personal Care,73,102
2024-11-10,P012,Shampoo 650ml,Personal Care,65,94
2024-11-11,P012,Shampoo 650ml,Personal Care,49,112
2024-11-12,P012,Shampoo 650ml,Personal Care,52,89
2024-11-13,P012,Shampoo 650ml,Personal Care,50,109
2024-11-14,P012,Shampoo 650ml,Personal Care,59,88
2024-11-15,P012,Shampoo 650ml,Personal Care,42,101
2024-11-16,P012,Shampoo 650ml,Personal Care,67,104
2024-11-17,P012,Shampoo 650ml,Personal Care,78,108
2024-11-18,P012,Shampoo 650ml,Personal Care,68,110
2024-11-19,P012,Shampoo 650ml,Personal Care,59,111
2024-11-20,P012,Shampoo 650ml,Personal Care,56,97
2024-11-21,P012,Shampoo 650ml,Personal Care,47,122
2024-11-22,P012,Shampoo 650ml,Personal Care,63,109
2024-11-23,P012,Shampoo 650ml,Personal Care,70,107
2024-11-24,P012,Shampoo 650ml,Personal Care,54,93
2024-11-25,P012,Shampoo 650ml,Personal Care,58,102
2024-11-26,P012,Shampoo 650ml,Personal Care,56,87
2024-11-27,P012,Shampoo 650ml,Personal Care,53,109
2024-11-28,P012,Shampoo 650ml,Personal Care,67,104
2024-11-29,P012,Shampoo 650ml,Personal Care,60,85
2024-11-30,P012,Shampoo 650ml,Personal Care,88,105
2024-12-01,P012,Shampoo 650ml,Personal Care,59,82
2024-12-02,P012,Shampoo 650ml,Personal Care,44,104
2024-12-03,P012,Shampoo 650ml,Personal Care,44,79
2024-12-04,P012,Shampoo 650ml,Personal Care,43,82
2024-12-05,P012,Shampoo 650ml,Personal Care,51,100
2024-12-06,P012,Shampoo 650ml,Personal Care,50,107
2024-12-07,P012,Shampoo 650ml,Personal Care,64,110
2024-12-08,P012,Shampoo 650ml,Personal Care,60,99
2024-12-09,P012,Shampoo 650ml,Personal Care,47,100
2024-12-10,P012,Shampoo 650ml,Personal Care,50,93
2024-12-11,P012,Shampoo 650ml,Personal Care,44,89
2024-12-12,P012,Shampoo 650ml,Personal Care,36,100
2024-12-13,P012,Shampoo 650ml,Personal Care,54,96
2024-12-14,P012,Shampoo 650ml,Personal Care,53,100
2024-12-15,P012,Shampoo 650ml,Personal Care,62,89
2024-12-16,P012,Shampoo 650ml,Personal Care,42,95
2024-12-17,P012,Shampoo 650ml,Personal Care,46,102
2024-12-18,P012,Shampoo 650ml,Personal Care,38,99
2024-12-19,P012,Shampoo 650ml,Personal Care,50,86
2024-12-20,P012,Shampoo 650ml,Personal Care,53,111
2024-12-21,P012,Shampoo 650ml,Personal Care,54,109
2024-12-22,P012,Shampoo 650ml,Personal Care,70,95
2024-12-23,P012,Shampoo 650ml,Personal Care,47,108
2024-12-24,P012,Shampoo 650ml,Personal Care,42,75
2024-12-25,P012,Shampoo 650ml,Personal Care,41,102
2024-12-26,P012,Shampoo 650ml,Personal Care,49,89
2024-12-27,P012,Shampoo 650ml,Personal Care,51,107
2024-12-28,P012,Shampoo 650ml,Personal Care,62,83
2024-12-29,P012,Shampoo 650ml,Personal Care,68,95
2024-12-30,P012,Shampoo 650ml,Personal Care,54,84
2024-12-31,P012,Shampoo 650ml,Personal Care,42,102
2025-01-01,P012,Shampoo 650ml,Personal Care,41,86
2025-01-02,P012,Shampoo 650ml,Personal Care,35,112
2025-01-03,P012,Shampoo 650ml,Personal Care,54,109
2025-01-04,P012,Shampoo 650ml,Personal Care,69,103
2025-01-05,P012,Shampoo 650ml,Personal Care,59,102
2025-01-06,P012,Shampoo 650ml,Personal Care,56,98
2025-01-07,P012,Shampoo 650ml,Personal Care,51,83
2025-01-08,P012,Shampoo 650ml,Personal Care,35,107
2025-01-09,P012,Shampoo 650ml,Personal Care,42,117
2025-01-10,P012,Shampoo 650ml,Personal Care,60,113
2025-01-11,P012,Shampoo 650ml,Personal Care,68,89
2025-01-12,P012,Shampoo 650ml,Personal Care,51,112
2025-01-13,P012,Shampoo 650ml,Personal Care,42,113
2025-01-14,P012,Shampoo 650ml,Personal Care,46,97
2025-01-15,P012,Shampoo 650ml,Personal Care,43,102
2025-01-16,P012,Shampoo 650ml,Personal Care,45,111
2025-01-17,P012,Shampoo 650ml,Personal Care,60,99
2025-01-18,P012,Shampoo 650ml,Personal Care,59,110
2025-01-19,P012,Shampoo 650ml,Personal Care,49,102
2025-01-20,P012,Shampoo 650ml,Personal Care,53,89
2025-01-21,P012,Shampoo 650ml,Personal Care,47,97
2025-01-22,P012,Shampoo 650ml,Personal Care,39,107
2025-01-23,P012,Shampoo 650ml,Personal Care,41,106
2025-01-24,P012,Shampoo 650ml,Personal Care,42,100
2025-01-25,P012,Shampoo 650ml,Personal Care,63,92
2025-01-26,P012,Shampoo 650ml,Personal Care,63,97
2025-01-27,P012,Shampoo 650ml,Personal Care,54,103
2025-01-28,P012,Shampoo 650ml,Personal Care,45,100
2025-01-29,P012,Shampoo 650ml,Personal Care,39,95
2025-01-30,P012,Shampoo 650ml,Personal Care,47,96
2025-01-31,P012,Shampoo 650ml,Personal Care,58,98
2025-02-01,P012,Shampoo 650ml,Personal Care,65,84
2025-02-02,P012,Shampoo 650ml,Personal Care,66,92
2025-02-03,P012,Shampoo 650ml,Personal Care,44,114
2025-02-04,P012,Shampoo 650ml,Personal Care,46,107
2025-02-05,P012,Shampoo 650ml,Personal Care,43,97
2025-02-06,P012,Shampoo 650ml,Personal Care,44,105
2025-02-07,P012,Shampoo 650ml,Personal Care,58,97
2025-02-08,P012,Shampoo 650ml,Personal Care,75,96
2025-02-09,P012,Shampoo 650ml,Personal Care,52,81
2025-02-10,P012,Shampoo 650ml,Personal Care,40,93
2025-02-11,P012,Shampoo 650ml,Personal Care,41,104
2025-02-12,P012,Shampoo 650ml,Personal Care,41,106
2025-02-13,P012,Shampoo 650ml,Personal Care,45,98
2025-02-14,P012,Shampoo 650ml,Personal Care,49,111
2025-02-15,P012,Shampoo 650ml,Personal Care,52,100
2025-02-16,P012,Shampoo 650ml,Personal Care,59,105
2025-02-17,P012,Shampoo 650ml,Personal Care,48,98
2025-02-18,P012,Shampoo 650ml,Personal Care,41,111
2025-02-19,P012,Shampoo 650ml,Personal Care,41,117
2025-02-20,P012,Shampoo 650ml,Personal Care,46,98
2025-02-21,P012,Shampoo 650ml,Personal Care,51,103
2025-02-22,P012,Shampoo 650ml,Personal Care,57,99
2025-02-23,P012,Shampoo 650ml,Personal Care,59,101
2025-02-24,P012,Shampoo 650ml,Personal Care,49,101
2025-02-25,P012,Shampoo 650ml,Personal Care,42,113
2025-02-26,P012,Shampoo 650ml,Personal Care,42,123
2025-02-27,P012,Shampoo 650ml,Personal Care,45,107
2025-02-28,P012,Shampoo 650ml,Personal Care,47,111
2025-03-01,P012,Shampoo 650ml,Personal Care,56,102
2025-03-02,P012,Shampoo 650ml,Personal Care,57,102
2025-03-03,P012,Shampoo 650ml,Personal Care,46,90
2025-03-04,P012,Shampoo 650ml,Personal Care,40,113
2025-03-05,P012,Shampoo 650ml,Personal Care,42,85
2025-03-06,P012,Shampoo 650ml,Personal Care,49,89
2025-03-07,P012,Shampoo 650ml,Personal Care,54,103
2025-03-08,P012,Shampoo 650ml,Personal Care,64,116
2025-03-09,P012,Shampoo 650ml,Personal Care,53,103
2025-03-10,P012,Shampoo 650ml,Personal Care,53,91
2025-03-11,P012,Shampoo 650ml,Personal Care,38,95
2025-03-12,P012,Shampoo 650ml,Personal Care,41,84
2025-03-13,P012,Shampoo 650ml,Personal Care,46,84
2025-03-14,P012,Shampoo 650ml,Personal Care,56,103
2025-03-15,P012,Shampoo 650ml,Personal Care,71,104
2025-03-16,P012,Shampoo 650ml,Personal Care,56,90
2025-03-17,P012,Shampoo 650ml,Personal Care,47,97
2025-03-18,P012,Shampoo 650ml,Personal Care,45,88
2025-03-19,P012,Shampoo 650ml,Personal Care,47,110
2025-03-20,P012,Shampoo 650ml,Personal Care,42,115
2025-03-21,P012,Shampoo 650ml,Personal Care,46,100
2025-03-22,P012,Shampoo 650ml,Personal Care,51,116
2025-03-23,P012,Shampoo 650ml,Personal Care,47,83
2025-03-24,P012,Shampoo 650ml,Personal Care,43,110
2025-03-25,P012,Shampoo 650ml,Personal Care,44,99
2025-03-26,P012,Shampoo 650ml,Personal Care,43,96
2025-03-27,P012,Shampoo 650ml,Personal Care,44,114
2025-03-28,P012,Shampoo 650ml,Personal Care,48,90
2025-03-29,P012,Shampoo 650ml,Personal Care,61,105
2025-03-30,P012,Shampoo 650ml,Personal Care,57,107
2025-03-31,P012,Shampoo 650ml,Personal Care,44,99
2025-04-01,P012,Shampoo 650ml,Personal Care,41,100
2025-04-02,P012,Shampoo 650ml,Personal Care,44,101
2025-04-03,P012,Shampoo 650ml,Personal Care,41,103
2025-04-04,P012,Shampoo 650ml,Personal Care,53,105
2025-04-05,P012,Shampoo 650ml,Personal Care,61,83
2025-04-06,P012,Shampoo 650ml,Personal Care,42,110
2025-04-07,P012,Shampoo 650ml,Personal Care,47,97
2025-04-08,P012,Shampoo 650ml,Personal Care,42,116
2025-04-09,P012,Shampoo 650ml,Personal Care,43,107
2025-04-10,P012,Shampoo 650ml,Personal Care,38,90
2025-04-11,P012,Shampoo 650ml,Personal Care,36,104
2025-04-12,P012,Shampoo 650ml,Personal Care,63,109
2025-04-13,P012,Shampoo 650ml,Personal Care,58,96
2025-04-14,P012,Shampoo 650ml,Personal Care,42,89
2025-04-15,P012,Shampoo 650ml,Personal Care,38,88
2025-04-16,P012,Shampoo 650ml,Personal Care,44,85
2025-04-17,P012,Shampoo 650ml,Personal Care,40,79
2025-04-18,P012,Shampoo 650ml,Personal Care,48,97
2025-04-19,P012,Shampoo 650ml,Personal Care,54,88
2025-04-20,P012,Shampoo 650ml,Personal Care,54,92
2025-04-21,P012,Shampoo 650ml,Personal Care,43,117
2025-04-22,P012,Shampoo 650ml,Personal Care,39,103
2025-04-23,P012,Shampoo 650ml,Personal Care,35,90
2025-04-24,P012,Shampoo 650ml,Personal Care,40,122
2025-04-25,P012,Shampoo 650ml,Personal Care,45,101
2025-04-26,P012,Shampoo 650ml,Personal Care,50,71
2025-04-27,P012,Shampoo 650ml,Personal Care,49,121
2025-04-28,P012,Shampoo 650ml,Personal Care,46,113
2025-04-29,P012,Shampoo 650ml,Personal Care,36,75
2025-04-30,P012,Shampoo 650ml,Personal Care,32,101
2025-05-01,P012,Shampoo 650ml,Personal Care,41,97
2025-05-02,P012,Shampoo 650ml,Personal Care,43,107
2025-05-03,P012,Shampoo 650ml,Personal Care,52,101
2025-05-04,P012,Shampoo 650ml,Personal Care,54,94
2025-05-05,P012,Shampoo 650ml,Personal Care,39,93
2025-05-06,P012,Shampoo 650ml,Personal Care,44,108
2025-05-07,P012,Shampoo 650ml,Personal Care,40,90
2025-05-08,P012,Shampoo 650ml,Personal Care,34,108
2025-05-09,P012,Shampoo 650ml,Personal Care,50,99
2025-05-10,P012,Shampoo 650ml,Personal Care,52,83
2025-05-11,P012,Shampoo 650ml,Personal Care,57,109
2025-05-12,P012,Shampoo 650ml,Personal Care,39,90
2025-05-13,P012,Shampoo 650ml,Personal Care,41,91
2025-05-14,P012,Shampoo 650ml,Personal Care,42,96
2025-05-15,P012,Shampoo 650ml,Personal Care,38,98
2025-05-16,P012,Shampoo 650ml,Personal Care,43,108
2025-05-17,P012,Shampoo 650ml,Personal Care,58,108
2025-05-18,P012,Shampoo 650ml,Personal Care,53,93
2025-05-19,P012,Shampoo 650ml,Personal Care,42,93
2025-05-20,P012,Shampoo 650ml,Personal Care,42,107
2025-05-21,P012,Shampoo 650ml,Personal Care,35,88
2025-05-22,P012,Shampoo 650ml,Personal Care,45,99
2025-05-23,P012,Shampoo 650ml,Personal Care,44,113
2025-05-24,P012,Shampoo 650ml,Personal Care,50,94
2025-05-25,P012,Shampoo 650ml,Personal Care,50,85
2025-05-26,P012,Shampoo 650ml,Personal Care,43,90
2025-05-27,P012,Shampoo 650ml,Personal Care,34,91
2025-05-28,P012,Shampoo 650ml,Personal Care,33,89
2025-05-29,P012,Shampoo 650ml,Personal Care,40,96
2025-05-30,P012,Shampoo 650ml,Personal Care,45,120
2025-05-31,P012,Shampoo 650ml,Personal Care,52,103
2025-06-01,P012,Shampoo 650ml,Personal Care,55,97
2025-06-02,P012,Shampoo 650ml,Personal Care,42,98
2025-06-03,P012,Shampoo 650ml,Personal Care,37,92
2025-06-04,P012,Shampoo 650ml,Personal Care,33,98
2025-06-05,P012,Shampoo 650ml,Personal Care,31,112
2025-06-06,P012,Shampoo 650ml,Personal Care,54,99
2025-06-07,P012,Shampoo 650ml,Personal Care,56,108
2025-06-08,P012,Shampoo 650ml,Personal Care,44,107
2025-06-09,P012,Shampoo 650ml,Personal Care,39,120
2025-06-10,P012,Shampoo 650ml,Personal Care,35,106
2025-06-11,P012,Shampoo 650ml,Personal Care,34,119
2025-06-12,P012,Shampoo 650ml,Personal Care,36,109
2025-06-13,P012,Shampoo 650ml,Personal Care,47,101
2025-06-14,P012,Shampoo 650ml,Personal Care,53,91
2025-06-15,P012,Shampoo 650ml,Personal Care,37,108
2025-06-16,P012,Shampoo 650ml,Personal Care,39,109
2025-06-17,P012,Shampoo 650ml,Personal Care,37,109
2025-06-18,P012,Shampoo 650ml,Personal Care,37,73
2025-06-19,P012,Shampoo 650ml,Personal Care,40,94
2025-06-20,P012,Shampoo 650ml,Personal Care,49,103
2025-06-21,P012,Shampoo 650ml,Personal Care,55,95
2025-06-22,P012,Shampoo 650ml,Personal Care,46,93
2025-06-23,P012,Shampoo 650ml,Personal Care,33,92
2025-06-24,P012,Shampoo 650ml,Personal Care,30,83
2025-06-25,P012,Shampoo 650ml,Personal Care,35,103
2025-06-26,P012,Shampoo 650ml,Personal Care,38,93
2025-06-27,P012,Shampoo 650ml,Personal Care,40,94
2025-06-28,P012,Shampoo 650ml,Personal Care,48,97
2025-06-29,P012,Shampoo 650ml,Personal Care,43,104
2025-06-30,P012,Shampoo 650ml,Personal Care,38,101
2025-07-01,P012,Shampoo 650ml,Personal Care,39,101
2025-07-02,P012,Shampoo 650ml,Personal Care,37,77
2025-07-03,P012,Shampoo 650ml,Personal Care,36,108
2025-07-04,P012,Shampoo 650ml,Personal Care,46,116
2025-07-05,P012,Shampoo 650ml,Personal Care,61,100
2025-07-06,P012,Shampoo 650ml,Personal Care,49,88
2025-07-07,P012,Shampoo 650ml,Personal Care,39,94
2025-07-08,P012,Shampoo 650ml,Personal Care,34,89
2025-07-09,P012,Shampoo 650ml,Personal Care,36,114
2025-07-10,P012,Shampoo 650ml,Personal Care,42,94
2025-07-11,P012,Shampoo 650ml,Personal Care,49,101
2025-07-12,P012,Shampoo 650ml,Personal Care,52,96
2025-07-13,P012,Shampoo 650ml,Personal Care,50,104
2025-07-14,P012,Shampoo 650ml,Personal Care,42,90
2025-07-15,P012,Shampoo 650ml,Personal Care,33,100
2025-07-16,P012,Shampoo 650ml,Personal Care,36,94
2025-07-17,P012,Shampoo 650ml,Personal Care,34,110
2025-07-18,P012,Shampoo 650ml,Personal Care,49,78
2025-07-19,P012,Shampoo 650ml,Personal Care,60,95
2025-07-20,P012,Shampoo 650ml,Personal Care,52,109
2025-07-21,P012,Shampoo 650ml,Personal Care,48,107
2025-07-22,P012,Shampoo 650ml,Personal Care,37,84
2025-07-23,P012,Shampoo 650ml,Personal Care,28,106
2025-07-24,P012,Shampoo 650ml,Personal Care,44,90
2025-07-25,P012,Shampoo 650ml,Personal Care,43,92
2025-07-26,P012,Shampoo 650ml,Personal Care,50,108
2025-07-27,P012,Shampoo 650ml,Personal Care,53,95
2025-07-28,P012,Shampoo 650ml,Personal Care,53,84
2025-07-29,P012,Shampoo 650ml,Personal Care,39,87
2025-07-30,P012,Shampoo 650ml,Personal Care,35,99
2025-07-31,P012,Shampoo 650ml,Personal Care,42,95
2025-08-01,P012,Shampoo 650ml,Personal Care,43,95
2025-08-02,P012,Shampoo 650ml,Personal Care,48,104
2025-08-03,P012,Shampoo 650ml,Personal Care,54,102
2025-08-04,P012,Shampoo 650ml,Personal Care,42,96
2025-08-05,P012,Shampoo 650ml,Personal Care,41,107
2025-08-06,P012,Shampoo 650ml,Personal Care,41,101
2025-08-07,P012,Shampoo 650ml,Personal Care,45,93
2025-08-08,P012,Shampoo 650ml,Personal Care,45,109
2025-08-09,P012,Shampoo 650ml,Personal Care,59,95
2025-08-10,P012,Shampoo 650ml,Personal Care,47,96
2025-08-11,P012,Shampoo 650ml,Personal Care,40,114
2025-08-12,P012,Shampoo 650ml,Personal Care,40,90
2025-08-13,P012,Shampoo 650ml,Personal Care,32,90
2025-08-14,P012,Shampoo 650ml,Personal Care,38,96
2025-08-15,P012,Shampoo 650ml,Personal Care,51,88
2025-08-16,P012,Shampoo 650ml,Personal Care,67,88
2025-08-17,P012,Shampoo 650ml,Personal Care,46,114
2025-08-18,P012,Shampoo 650ml,Personal Care,49,96
2025-08-19,P012,Shampoo 650ml,Personal Care,39,101
2025-08-20,P012,Shampoo 650ml,Personal Care,37,85
2025-08-21,P012,Shampoo 650ml,Personal Care,31,89
2025-08-22,P012,Shampoo 650ml,Personal Care,55,116
2025-08-23,P012,Shampoo 650ml,Personal Care,54,88
2025-08-24,P012,Shampoo 650ml,Personal Care,56,102
2025-08-25,P012,Shampoo 650ml,Personal Care,46,73
2025-08-26,P012,Shampoo 650ml,Personal Care,51,109
2025-08-27,P012,Shampoo 650ml,Personal Care,36,90
2025-08-28,P012,Shampoo 650ml,Personal Care,45,102
2025-08-29,P012,Shampoo 650ml,Personal Care,48,102
2025-08-30,P012,Shampoo 650ml,Personal Care,56,101
2025-08-31,P012,Shampoo 650ml,Personal Care,59,101
2025-09-01,P012,Shampoo 650ml,Personal Care,46,111
2025-09-02,P012,Shampoo 650ml,Personal Care,33,90
2025-09-03,P012,Shampoo 650ml,Personal Care,38,90
2025-09-04,P012,Shampoo 650ml,Personal Care,40,110
2025-09-05,P012,Shampoo 650ml,Personal Care,47,80
2025-09-06,P012,Shampoo 650ml,Personal Care,55,98
2025-09-07,P012,Shampoo 650ml,Personal Care,56,103
2025-09-08,P012,Shampoo 650ml,Personal Care,47,96
2025-09-09,P012,Shampoo 650ml,Personal Care,35,93
2025-09-10,P012,Shampoo 650ml,Personal Care,36,95
2025-09-11,P012,Shampoo 650ml,Personal Care,45,101
2025-09-12,P012,Shampoo 650ml,Personal Care,53,94
2025-09-13,P012,Shampoo 650ml,Personal Care,67,104
2025-09-14,P012,Shampoo 650ml,Personal Care,57,103
2025-09-15,P012,Shampoo 650ml,Personal Care,43,77
2025-09-16,P012,Shampoo 650ml,Personal Care,38,105
2025-09-17,P012,Shampoo 650ml,Personal Care,39,96
2025-09-18,P012,Shampoo 650ml,Personal Care,40,78
2025-09-19,P012,Shampoo 650ml,Personal Care,57,95
2025-09-20,P012,Shampoo 650ml,Personal Care,57,91
2025-09-21,P012,Shampoo 650ml,Personal Care,65,106
2025-09-22,P012,Shampoo 650ml,Personal Care,42,109
2025-09-23,P012,Shampoo 650ml,Personal Care,40,92
2025-09-24,P012,Shampoo 650ml,Personal Care,39,90
2025-09-25,P012,Shampoo 650ml,Personal Care,38,105
2025-09-26,P012,Shampoo 650ml,Personal Care,49,104
2025-09-27,P012,Shampoo 650ml,Personal Care,62,103
2025-09-28,P012,Shampoo 650ml,Personal Care,47,89
2025-09-29,P012,Shampoo 650ml,Personal Care,50,85
2025-09-30,P012,Shampoo 650ml,Personal Care,43,84
2025-10-01,P012,Shampoo 650ml,Personal Care,49,113
2025-10-02,P012,Shampoo 650ml,Personal Care,59,79
2025-10-03,P012,Shampoo 650ml,Personal Care,68,115
2025-10-04,P012,Shampoo 650ml,Personal Care,96,102
2025-10-05,P012,Shampoo 650ml,Personal Care,63,102
2025-10-06,P012,Shampoo 650ml,Personal Care,68,96
2025-10-07,P012,Shampoo 650ml,Personal Care,57,89
2025-10-08,P012,Shampoo 650ml,Personal Care,52,73
2025-10-09,P012,Shampoo 650ml,Personal Care,50,97
2025-10-10,P012,Shampoo 650ml,Personal Care,61,85
2025-10-11,P012,Shampoo 650ml,Personal Care,72,101
2025-10-12,P012,Shampoo 650ml,Personal Care,73,98
2025-10-13,P012,Shampoo 650ml,Personal Care,64,94
2025-10-14,P012,Shampoo 650ml,Personal Care,60,88
2025-10-15,P012,Shampoo 650ml,Personal Care,61,108
2025-10-16,P012,Shampoo 650ml,Personal Care,54,95
2025-10-17,P012,Shampoo 650ml,Personal Care,66,103
2025-10-18,P012,Shampoo 650ml,Personal Care,86,84
2025-10-19,P012,Shampoo 650ml,Personal Care,78,77
2025-10-20,P012,Shampoo 650ml,Personal Care,60,112
2025-10-21,P012,Shampoo 650ml,Personal Care,46,82
2025-10-22,P012,Shampoo 650ml,Personal Care,53,111
2025-10-23,P012,Shampoo 650ml,Personal Care,59,79
2025-10-24,P012,Shampoo 650ml,Personal Care,55,98
2025-10-25,P012,Shampoo 650ml,Personal Care,69,99
2025-10-26,P012,Shampoo 650ml,Personal Care,78,93
2025-10-27,P012,Shampoo 650ml,Personal Care,73,103
2025-10-28,P012,Shampoo 650ml,Personal Care,61,106
2025-10-29,P012,Shampoo 650ml,Personal Care,52,96
2025-10-30,P012,Shampoo 650ml,Personal Care,56,104
2025-10-31,P012,Shampoo 650ml,Personal Care,62,114
2025-11-01,P012,Shampoo 650ml,Personal Care,73,100
2025-11-02,P012,Shampoo 650ml,Personal Care,75,93
2025-11-03,P012,Shampoo 650ml,Personal Care,76,93
2025-11-04,P012,Shampoo 650ml,Personal Care,53,91
2025-11-05,P012,Shampoo 650ml,Personal Care,53,97
2025-11-06,P012,Shampoo 650ml,Personal Care,52,93
2025-11-07,P012,Shampoo 650ml,Personal Care,72,108
2025-11-08,P012,Shampoo 650ml,Personal Care,81,98
2025-11-09,P012,Shampoo 650ml,Personal Care,75,93
2025-11-10,P012,Shampoo 650ml,Personal Care,57,82
2025-11-11,P012,Shampoo 650ml,Personal Care,52,106
2025-11-12,P012,Shampoo 650ml,Personal Care,51,94
2025-11-13,P012,Shampoo 650ml,Personal Care,57,110
2025-11-14,P012,Shampoo 650ml,Personal Care,62,100
2025-11-15,P012,Shampoo 650ml,Personal Care,81,98
2025-11-16,P012,Shampoo 650ml,Personal Care,81,98
2025-11-17,P012,Shampoo 650ml,Personal Care,69,97
2025-11-18,P012,Shampoo 650ml,Personal Care,66,98
2025-11-19,P012,Shampoo 650ml,Personal Care,45,104
2025-11-20,P012,Shampoo 650ml,Personal Care,63,98
2025-11-21,P012,Shampoo 650ml,Personal Care,67,77
2025-11-22,P012,Shampoo 650ml,Personal Care,66,114
2025-11-23,P012,Shampoo 650ml,Personal Care,75,107
2025-11-24,P012,Shampoo 650ml,Personal Care,54,87
2025-11-25,P012,Shampoo 650ml,Personal Care,61,97
2025-11-26,P012,Shampoo 650ml,Personal Care,58,97
2025-11-27,P012,Shampoo 650ml,Personal Care,59,91
2025-11-28,P012,Shampoo 650ml,Personal Care,62,111
2025-11-29,P012,Shampoo 650ml,Personal Care,96,87
2025-11-30,P012,Shampoo 650ml,Personal Care,72,94
2025-12-01,P012,Shampoo 650ml,Personal Care,55,96
2025-12-02,P012,Shampoo 650ml,Personal Care,49,97
2025-12-03,P012,Shampoo 650ml,Personal Care,45,121
2025-12-04,P012,Shampoo 650ml,Personal Care,48,113
2025-12-05,P012,Shampoo 650ml,Personal Care,66,102
2025-12-06,P012,Shampoo 650ml,Personal Care,55,98
2025-12-07,P012,Shampoo 650ml,Personal Care,63,98
2025-12-08,P012,Shampoo 650ml,Personal Care,48,105
2025-12-09,P012,Shampoo 650ml,Personal Care,52,109
2025-12-10,P012,Shampoo 650ml,Personal Care,44,87
2025-12-11,P012,Shampoo 650ml,Personal Care,52,115
2025-12-12,P012,Shampoo 650ml,Personal Care,59,102
2025-12-13,P012,Shampoo 650ml,Personal Care,67,93
2025-12-14,P012,Shampoo 650ml,Personal Care,72,96
2025-12-15,P012,Shampoo 650ml,Personal Care,56,102
2025-12-16,P012,Shampoo 650ml,Personal Care,49,103
2025-12-17,P012,Shampoo 650ml,Personal Care,42,89
2025-12-18,P012,Shampoo 650ml,Personal Care,51,97
2025-12-19,P012,Shampoo 650ml,Personal Care,55,100
2025-12-20,P012,Shampoo 650ml,Personal Care,76,109
2025-12-21,P012,Shampoo 650ml,Personal Care,77,85
2025-12-22,P012,Shampoo 650ml,Personal Care,48,95
2025-12-23,P012,Shampoo 650ml,Personal Care,48,95
2025-12-24,P012,Shampoo 650ml,Personal Care,44,95
2025-12-25,P012,Shampoo 650ml,Personal Care,54,85
2025-12-26,P012,Shampoo 650ml,Personal Care,72,98
2025-12-27,P012,Shampoo 650ml,Personal Care,77,92
2025-12-28,P012,Shampoo 650ml,Personal Care,72,98
2025-12-29,P012,Shampoo 650ml,Personal Care,59,96
2025-12-30,P012,Shampoo 650ml,Personal Care,55,83
2025-12-31,P012,Shampoo 650ml,Personal Care,51,99
